"id","name","category","categoryLabel","address","street","ward","source","verificationMethod","coordinates.lat","coordinates.lng","notes"
"osm-729406384","CaPhe Thu Uyen","food","Ẩm thực & Đời sống","Đường Nguyễn Lương Bằng, phường Liên Chiểu, TP. Đà Nẵng","Nguyễn Lương Bằng","Phường Liên Chiểu","OpenStreetMap","boundary_confirmed","16.08744","108.14454",""
"osm-729406388","CaPhe Fantasy","food","Ẩm thực & Đời sống","Đường Nguyễn Lương Bằng, phường Liên Chiểu, TP. Đà Nẵng","Nguyễn Lương Bằng","Phường Liên Chiểu","OpenStreetMap","boundary_confirmed","16.0633","108.16015",""
"osm-729406390","KieuLien Coffee","food","Ẩm thực & Đời sống","Đường Nguyễn Lương Bằng, phường Liên Chiểu, TP. Đà Nẵng","Nguyễn Lương Bằng","Phường Liên Chiểu","OpenStreetMap","boundary_confirmed","16.07863","108.14775",""
"osm-729406391","Cafe Truc Phuong","food","Ẩm thực & Đời sống","Đường Nguyễn Lương Bằng, phường Liên Chiểu, TP. Đà Nẵng","Nguyễn Lương Bằng","Phường Liên Chiểu","OpenStreetMap","boundary_confirmed","16.06846","108.15",""
"osm-729406397","CaPhe Sao Mai","food","Ẩm thực & Đời sống","Đường Nguyễn Lương Bằng, phường Liên Chiểu, TP. Đà Nẵng","Nguyễn Lương Bằng","Phường Liên Chiểu","OpenStreetMap","boundary_confirmed","16.06686","108.17436",""
"osm-729406402","Ca Phe Thuan","food","Ẩm thực & Đời sống","Đường Nguyễn Lương Bằng, phường Liên Chiểu, TP. Đà Nẵng","Nguyễn Lương Bằng","Phường Liên Chiểu","OpenStreetMap","boundary_confirmed","16.0516","108.17",""
"osm-729406410","CafeBao Dang","food","Ẩm thực & Đời sống","Đường Nguyễn Lương Bằng, phường Liên Chiểu, TP. Đà Nẵng","Nguyễn Lương Bằng","Phường Liên Chiểu","OpenStreetMap","boundary_confirmed","16.06745","108.15255",""
"osm-729406429","ThanhThuy Coffee","food","Ẩm thực & Đời sống","Đường Nguyễn Lương Bằng, phường Liên Chiểu, TP. Đà Nẵng","Nguyễn Lương Bằng","Phường Liên Chiểu","OpenStreetMap","boundary_confirmed","16.0872","108.14432",""
"osm-729406430","CaPhe Long","food","Ẩm thực & Đời sống","Đường Nguyễn Lương Bằng, phường Liên Chiểu, TP. Đà Nẵng","Nguyễn Lương Bằng","Phường Liên Chiểu","OpenStreetMap","boundary_confirmed","16.06777","108.15938",""
"osm-729406433","CaPhe Bong Da 14","food","Ẩm thực & Đời sống","Đường Nguyễn Lương Bằng, phường Liên Chiểu, TP. Đà Nẵng","Nguyễn Lương Bằng","Phường Liên Chiểu","OpenStreetMap","boundary_confirmed","16.07503","108.14921",""
"osm-729406459","ThuyVan Coffee","food","Ẩm thực & Đời sống","Đường Nguyễn Lương Bằng, phường Liên Chiểu, TP. Đà Nẵng","Nguyễn Lương Bằng","Phường Liên Chiểu","OpenStreetMap","boundary_confirmed","16.0829","108.14598",""
"osm-729406461","Ca Phe Trung","food","Ẩm thực & Đời sống","Đường Nguyễn Lương Bằng, phường Liên Chiểu, TP. Đà Nẵng","Nguyễn Lương Bằng","Phường Liên Chiểu","OpenStreetMap","boundary_confirmed","16.05649","108.16663",""
"osm-729406462","Ca Phe Cam Ni","food","Ẩm thực & Đời sống","Đường Nguyễn Lương Bằng, phường Liên Chiểu, TP. Đà Nẵng","Nguyễn Lương Bằng","Phường Liên Chiểu","OpenStreetMap","boundary_confirmed","16.05255","108.17963",""
"osm-729406469","CaPhe Minh Khanh","food","Ẩm thực & Đời sống","Đường Nguyễn Lương Bằng, phường Liên Chiểu, TP. Đà Nẵng","Nguyễn Lương Bằng","Phường Liên Chiểu","OpenStreetMap","boundary_confirmed","16.08552","108.14457",""
"osm-729406471","55Coffee","food","Ẩm thực & Đời sống","Đường Nguyễn Lương Bằng, phường Liên Chiểu, TP. Đà Nẵng","Nguyễn Lương Bằng","Phường Liên Chiểu","OpenStreetMap","boundary_confirmed","16.07334","108.17757",""
"osm-729406472","PlanttreesCoffee","food","Ẩm thực & Đời sống","Đường Nguyễn Lương Bằng, phường Liên Chiểu, TP. Đà Nẵng","Nguyễn Lương Bằng","Phường Liên Chiểu","OpenStreetMap","boundary_confirmed","16.09961","108.13551",""
"osm-729406474","TigonCoffee","food","Ẩm thực & Đời sống","Đường Nguyễn Lương Bằng, phường Liên Chiểu, TP. Đà Nẵng","Nguyễn Lương Bằng","Phường Liên Chiểu","OpenStreetMap","boundary_confirmed","16.1138","108.12772",""
"osm-729406476","TrungDuong Coffee","food","Ẩm thực & Đời sống","Đường Nguyễn Lương Bằng, phường Liên Chiểu, TP. Đà Nẵng","Nguyễn Lương Bằng","Phường Liên Chiểu","OpenStreetMap","boundary_confirmed","16.07379","108.14936",""
"osm-729406481","CafeMuzik","food","Ẩm thực & Đời sống","Đường Nguyễn Lương Bằng, phường Liên Chiểu, TP. Đà Nẵng","Nguyễn Lương Bằng","Phường Liên Chiểu","OpenStreetMap","boundary_confirmed","16.06544","108.1547",""
"osm-729406482","LyNa Coffee","food","Ẩm thực & Đời sống","Đường Nguyễn Lương Bằng, phường Liên Chiểu, TP. Đà Nẵng","Nguyễn Lương Bằng","Phường Liên Chiểu","OpenStreetMap","boundary_confirmed","16.10817","108.13122",""
"osm-729406490","74Coffee","food","Ẩm thực & Đời sống","Đường Nguyễn Lương Bằng, phường Liên Chiểu, TP. Đà Nẵng","Nguyễn Lương Bằng","Phường Liên Chiểu","OpenStreetMap","boundary_confirmed","16.0721","108.17875",""
"osm-729406500","Ca Phe Thanh Huyen","food","Ẩm thực & Đời sống","Đường Nguyễn Lương Bằng, phường Liên Chiểu, TP. Đà Nẵng","Nguyễn Lương Bằng","Phường Liên Chiểu","OpenStreetMap","boundary_confirmed","16.06879","108.16681",""
"osm-729406501","TuanCoffee","food","Ẩm thực & Đời sống","Đường Nguyễn Lương Bằng, phường Liên Chiểu, TP. Đà Nẵng","Nguyễn Lương Bằng","Phường Liên Chiểu","OpenStreetMap","boundary_confirmed","16.08719","108.14388",""
"osm-729406502","Ca Phe Phuong Nam","food","Ẩm thực & Đời sống","Đường Nguyễn Lương Bằng, phường Liên Chiểu, TP. Đà Nẵng","Nguyễn Lương Bằng","Phường Liên Chiểu","OpenStreetMap","boundary_confirmed","16.05352","108.16939",""
"osm-729406508","Cafe Manila","food","Ẩm thực & Đời sống","Đường Nguyễn Lương Bằng, phường Liên Chiểu, TP. Đà Nẵng","Nguyễn Lương Bằng","Phường Liên Chiểu","OpenStreetMap","boundary_confirmed","16.06864","108.15044",""
"osm-729406510","CaPhe Vao Ha","food","Ẩm thực & Đời sống","Đường Nguyễn Lương Bằng, phường Liên Chiểu, TP. Đà Nẵng","Nguyễn Lương Bằng","Phường Liên Chiểu","OpenStreetMap","boundary_confirmed","16.08967","108.14713",""
"osm-729406511","TinaCoffee","food","Ẩm thực & Đời sống","Đường Nguyễn Lương Bằng, phường Liên Chiểu, TP. Đà Nẵng","Nguyễn Lương Bằng","Phường Liên Chiểu","OpenStreetMap","boundary_confirmed","16.07194","108.17889",""
"osm-729406512","BaoNgoc Coffee","food","Ẩm thực & Đời sống","Đường Nguyễn Lương Bằng, phường Liên Chiểu, TP. Đà Nẵng","Nguyễn Lương Bằng","Phường Liên Chiểu","OpenStreetMap","boundary_confirmed","16.09938","108.13564",""
"osm-729406518","Ca Phe Ly Thong","food","Ẩm thực & Đời sống","Đường Nguyễn Lương Bằng, phường Liên Chiểu, TP. Đà Nẵng","Nguyễn Lương Bằng","Phường Liên Chiểu","OpenStreetMap","boundary_confirmed","16.05152","108.17003",""
"osm-729406520","Ca Phe Phuong Linh","food","Ẩm thực & Đời sống","Đường Nguyễn Lương Bằng, phường Liên Chiểu, TP. Đà Nẵng","Nguyễn Lương Bằng","Phường Liên Chiểu","OpenStreetMap","boundary_confirmed","16.05671","108.17792",""
"osm-729406524","Cafe Thien Thanh","food","Ẩm thực & Đời sống","Đường Nguyễn Lương Bằng, phường Liên Chiểu, TP. Đà Nẵng","Nguyễn Lương Bằng","Phường Liên Chiểu","OpenStreetMap","boundary_confirmed","16.11132","108.1296",""
"osm-729406526","CafeTri","food","Ẩm thực & Đời sống","Đường Nguyễn Lương Bằng, phường Liên Chiểu, TP. Đà Nẵng","Nguyễn Lương Bằng","Phường Liên Chiểu","OpenStreetMap","boundary_confirmed","16.06654","108.15073",""
"osm-729406528","Ca Phe Thanh Tuan","food","Ẩm thực & Đời sống","Đường Nguyễn Lương Bằng, phường Liên Chiểu, TP. Đà Nẵng","Nguyễn Lương Bằng","Phường Liên Chiểu","OpenStreetMap","boundary_confirmed","16.05168","108.16998",""
"osm-729406535","KimChi Coffee","food","Ẩm thực & Đời sống","Đường Nguyễn Lương Bằng, phường Liên Chiểu, TP. Đà Nẵng","Nguyễn Lương Bằng","Phường Liên Chiểu","OpenStreetMap","boundary_confirmed","16.08661","108.14412",""
"osm-729406536","Cafe Matrix","food","Ẩm thực & Đời sống","Đường Nguyễn Lương Bằng, phường Liên Chiểu, TP. Đà Nẵng","Nguyễn Lương Bằng","Phường Liên Chiểu","OpenStreetMap","boundary_confirmed","16.06891","108.15113",""
"osm-729406543","CaPhe Luna","food","Ẩm thực & Đời sống","Đường Nguyễn Lương Bằng, phường Liên Chiểu, TP. Đà Nẵng","Nguyễn Lương Bằng","Phường Liên Chiểu","OpenStreetMap","boundary_confirmed","16.06431","108.1748",""
"osm-729406556","Ca Phe Thanh Thanh","food","Ẩm thực & Đời sống","Đường Nguyễn Lương Bằng, phường Liên Chiểu, TP. Đà Nẵng","Nguyễn Lương Bằng","Phường Liên Chiểu","OpenStreetMap","boundary_confirmed","16.05828","108.17742",""
"osm-729406560","LongCoffee","food","Ẩm thực & Đời sống","Đường Nguyễn Lương Bằng, phường Liên Chiểu, TP. Đà Nẵng","Nguyễn Lương Bằng","Phường Liên Chiểu","OpenStreetMap","boundary_confirmed","16.11099","108.12974",""
"osm-729406574","PhuongCoffee","food","Ẩm thực & Đời sống","Đường Nguyễn Lương Bằng, phường Liên Chiểu, TP. Đà Nẵng","Nguyễn Lương Bằng","Phường Liên Chiểu","OpenStreetMap","boundary_confirmed","16.11395","108.12779",""
"osm-729406577","Ca Phe Huong Xuan","food","Ẩm thực & Đời sống","Đường Nguyễn Lương Bằng, phường Liên Chiểu, TP. Đà Nẵng","Nguyễn Lương Bằng","Phường Liên Chiểu","OpenStreetMap","boundary_confirmed","16.05695","108.1674",""
"osm-729406583","CafeThuy Duong","food","Ẩm thực & Đời sống","Đường Nguyễn Lương Bằng, phường Liên Chiểu, TP. Đà Nẵng","Nguyễn Lương Bằng","Phường Liên Chiểu","OpenStreetMap","boundary_confirmed","16.07107","108.14889",""
"osm-729406585","LyLy Coffee","food","Ẩm thực & Đời sống","Đường Nguyễn Lương Bằng, phường Liên Chiểu, TP. Đà Nẵng","Nguyễn Lương Bằng","Phường Liên Chiểu","OpenStreetMap","boundary_confirmed","16.08466","108.14529",""
"osm-729406592","Cafe Giai Khat Loc Vung","food","Ẩm thực & Đời sống","Đường Nguyễn Lương Bằng, phường Liên Chiểu, TP. Đà Nẵng","Nguyễn Lương Bằng","Phường Liên Chiểu","OpenStreetMap","boundary_confirmed","16.07107","108.14336",""
"osm-729406597","CaPhe Anh Tien","food","Ẩm thực & Đời sống","Đường Nguyễn Lương Bằng, phường Liên Chiểu, TP. Đà Nẵng","Nguyễn Lương Bằng","Phường Liên Chiểu","OpenStreetMap","boundary_confirmed","16.06445","108.15225",""
"osm-729406598","UyenPhuong Coffee","food","Ẩm thực & Đời sống","Đường Nguyễn Lương Bằng, phường Liên Chiểu, TP. Đà Nẵng","Nguyễn Lương Bằng","Phường Liên Chiểu","OpenStreetMap","boundary_confirmed","16.10688","108.13207",""
"osm-729406602","Cafe Thanh Thuy","food","Ẩm thực & Đời sống","Đường Nguyễn Lương Bằng, phường Liên Chiểu, TP. Đà Nẵng","Nguyễn Lương Bằng","Phường Liên Chiểu","OpenStreetMap","boundary_confirmed","16.06265","108.15719",""
"osm-729406603","HuongDuong Coffee","food","Ẩm thực & Đời sống","Đường Nguyễn Lương Bằng, phường Liên Chiểu, TP. Đà Nẵng","Nguyễn Lương Bằng","Phường Liên Chiểu","OpenStreetMap","boundary_confirmed","16.11451","108.12726",""
"osm-729406604","HongDuy Coffee","food","Ẩm thực & Đời sống","Đường Nguyễn Lương Bằng, phường Liên Chiểu, TP. Đà Nẵng","Nguyễn Lương Bằng","Phường Liên Chiểu","OpenStreetMap","boundary_confirmed","16.08278","108.14602",""
"osm-729406606","Cafe Mat Trang Xanh","food","Ẩm thực & Đời sống","Đường Nguyễn Lương Bằng, phường Liên Chiểu, TP. Đà Nẵng","Nguyễn Lương Bằng","Phường Liên Chiểu","OpenStreetMap","boundary_confirmed","16.06281","108.15676",""
"osm-729406608","Ca Phe Huong Ngoc Lan","food","Ẩm thực & Đời sống","Đường Nguyễn Lương Bằng, phường Liên Chiểu, TP. Đà Nẵng","Nguyễn Lương Bằng","Phường Liên Chiểu","OpenStreetMap","boundary_confirmed","16.05627","108.166",""
"osm-729406610","Ca Phe 54","food","Ẩm thực & Đời sống","Đường Nguyễn Lương Bằng, phường Liên Chiểu, TP. Đà Nẵng","Nguyễn Lương Bằng","Phường Liên Chiểu","OpenStreetMap","boundary_confirmed","16.07012","108.15051",""
"osm-729406611","Cafe Kieu Diem","food","Ẩm thực & Đời sống","Đường Nguyễn Lương Bằng, phường Liên Chiểu, TP. Đà Nẵng","Nguyễn Lương Bằng","Phường Liên Chiểu","OpenStreetMap","boundary_confirmed","16.07056","108.14793",""
"osm-729406616","CaPhe Diem Hen","food","Ẩm thực & Đời sống","Đường Nguyễn Lương Bằng, phường Liên Chiểu, TP. Đà Nẵng","Nguyễn Lương Bằng","Phường Liên Chiểu","OpenStreetMap","boundary_confirmed","16.06362","108.15469",""
"osm-729406621","CaPhe Kim Trung","food","Ẩm thực & Đời sống","Đường Nguyễn Lương Bằng, phường Liên Chiểu, TP. Đà Nẵng","Nguyễn Lương Bằng","Phường Liên Chiểu","OpenStreetMap","boundary_confirmed","16.06307","108.16023",""
"osm-729406627","HongCoffee","food","Ẩm thực & Đời sống","Đường Nguyễn Lương Bằng, phường Liên Chiểu, TP. Đà Nẵng","Nguyễn Lương Bằng","Phường Liên Chiểu","OpenStreetMap","boundary_confirmed","16.07189","108.17897",""
"osm-729406629","Ca Phe Quynh Huong","food","Ẩm thực & Đời sống","Đường Nguyễn Lương Bằng, phường Liên Chiểu, TP. Đà Nẵng","Nguyễn Lương Bằng","Phường Liên Chiểu","OpenStreetMap","boundary_confirmed","16.06324","108.16685",""
"osm-729406632","Ca Phe Trau Cau","food","Ẩm thực & Đời sống","Đường Nguyễn Lương Bằng, phường Liên Chiểu, TP. Đà Nẵng","Nguyễn Lương Bằng","Phường Liên Chiểu","OpenStreetMap","boundary_confirmed","16.07118","108.15507",""
"osm-729406634","CaPhe Nguyen Thao","food","Ẩm thực & Đời sống","Đường Nguyễn Lương Bằng, phường Liên Chiểu, TP. Đà Nẵng","Nguyễn Lương Bằng","Phường Liên Chiểu","OpenStreetMap","boundary_confirmed","16.0873","108.14442",""
"osm-729406635","PhucDuyen Coffee","food","Ẩm thực & Đời sống","Đường Nguyễn Lương Bằng, phường Liên Chiểu, TP. Đà Nẵng","Nguyễn Lương Bằng","Phường Liên Chiểu","OpenStreetMap","boundary_confirmed","16.11153","108.12952",""
"osm-729406641","CaPhe Anh Hong","food","Ẩm thực & Đời sống","Đường Nguyễn Lương Bằng, phường Liên Chiểu, TP. Đà Nẵng","Nguyễn Lương Bằng","Phường Liên Chiểu","OpenStreetMap","boundary_confirmed","16.06536","108.14961",""
"osm-729406643","Ca Phe Legend","food","Ẩm thực & Đời sống","Đường Nguyễn Lương Bằng, phường Liên Chiểu, TP. Đà Nẵng","Nguyễn Lương Bằng","Phường Liên Chiểu","OpenStreetMap","boundary_confirmed","16.05162","108.16999",""
"osm-729406645","Internet424 Coffee","food","Ẩm thực & Đời sống","Đường Nguyễn Lương Bằng, phường Liên Chiểu, TP. Đà Nẵng","Nguyễn Lương Bằng","Phường Liên Chiểu","OpenStreetMap","boundary_confirmed","16.07643","108.14864",""
"osm-729406651","Coffee New Sky","food","Ẩm thực & Đời sống","Đường Nguyễn Lương Bằng, phường Liên Chiểu, TP. Đà Nẵng","Nguyễn Lương Bằng","Phường Liên Chiểu","OpenStreetMap","boundary_confirmed","16.06823","108.14943",""
"osm-729406666","BinBin Coffee","food","Ẩm thực & Đời sống","Đường Nguyễn Lương Bằng, phường Liên Chiểu, TP. Đà Nẵng","Nguyễn Lương Bằng","Phường Liên Chiểu","OpenStreetMap","boundary_confirmed","16.11111","108.12969",""
"osm-729406671","CaPhe Nhu Phuong","food","Ẩm thực & Đời sống","Đường Nguyễn Lương Bằng, phường Liên Chiểu, TP. Đà Nẵng","Nguyễn Lương Bằng","Phường Liên Chiểu","OpenStreetMap","boundary_confirmed","16.07176","108.15639",""
"osm-729406674","Cafe Thuan Tinh","food","Ẩm thực & Đời sống","Đường Nguyễn Lương Bằng, phường Liên Chiểu, TP. Đà Nẵng","Nguyễn Lương Bằng","Phường Liên Chiểu","OpenStreetMap","boundary_confirmed","16.0718","108.14024",""
"osm-729406675","Ca Phe Sari","food","Ẩm thực & Đời sống","Đường Nguyễn Lương Bằng, phường Liên Chiểu, TP. Đà Nẵng","Nguyễn Lương Bằng","Phường Liên Chiểu","OpenStreetMap","boundary_confirmed","16.07172","108.15629",""
"osm-729406678","HuongHoa Coffee","food","Ẩm thực & Đời sống","Đường Nguyễn Lương Bằng, phường Liên Chiểu, TP. Đà Nẵng","Nguyễn Lương Bằng","Phường Liên Chiểu","OpenStreetMap","boundary_confirmed","16.05997","108.17937",""
"osm-729406679","CaPhe Nhu Mai","food","Ẩm thực & Đời sống","24 BÙI CHÁT, phường Liên Chiểu, TP. Đà Nẵng","Bùi Chát","Phường Liên Chiểu","OpenStreetMap","boundary_confirmed","16.08535","108.14337",""
"osm-729406692","CafeBa Map","food","Ẩm thực & Đời sống","Đường Nguyễn Lương Bằng, phường Liên Chiểu, TP. Đà Nẵng","Nguyễn Lương Bằng","Phường Liên Chiểu","OpenStreetMap","boundary_confirmed","16.06126","108.17839",""
"osm-729406700","HongTrang Coffee","food","Ẩm thực & Đời sống","Đường Nguyễn Lương Bằng, phường Liên Chiểu, TP. Đà Nẵng","Nguyễn Lương Bằng","Phường Liên Chiểu","OpenStreetMap","boundary_confirmed","16.08285","108.1458",""
"osm-729406707","BambooCoffee","food","Ẩm thực & Đời sống","Đường Nguyễn Lương Bằng, phường Liên Chiểu, TP. Đà Nẵng","Nguyễn Lương Bằng","Phường Liên Chiểu","OpenStreetMap","boundary_confirmed","16.07351","108.14948",""
"osm-729406711","CaPhe Trang Le","food","Ẩm thực & Đời sống","Đường Nguyễn Lương Bằng, phường Liên Chiểu, TP. Đà Nẵng","Nguyễn Lương Bằng","Phường Liên Chiểu","OpenStreetMap","boundary_confirmed","16.09043","108.14786",""
"osm-729406712","CafeViolet","food","Ẩm thực & Đời sống","Đường Nguyễn Lương Bằng, phường Liên Chiểu, TP. Đà Nẵng","Nguyễn Lương Bằng","Phường Liên Chiểu","OpenStreetMap","boundary_confirmed","16.06536","108.15479",""
"osm-729406713","MaiTrang Coffee","food","Ẩm thực & Đời sống","Đường Nguyễn Lương Bằng, phường Liên Chiểu, TP. Đà Nẵng","Nguyễn Lương Bằng","Phường Liên Chiểu","OpenStreetMap","boundary_confirmed","16.10681","108.1321",""
"osm-729406717","CaPhe A. Ly","food","Ẩm thực & Đời sống","Đường Nguyễn Lương Bằng, phường Liên Chiểu, TP. Đà Nẵng","Nguyễn Lương Bằng","Phường Liên Chiểu","OpenStreetMap","boundary_confirmed","16.06276","108.1577",""
"osm-729406718","AnhThu Coffee","food","Ẩm thực & Đời sống","Đường Nguyễn Lương Bằng, phường Liên Chiểu, TP. Đà Nẵng","Nguyễn Lương Bằng","Phường Liên Chiểu","OpenStreetMap","boundary_confirmed","16.11195","108.12933",""
"osm-729406722","CafeThao Vy","food","Ẩm thực & Đời sống","Đường Nguyễn Lương Bằng, phường Liên Chiểu, TP. Đà Nẵng","Nguyễn Lương Bằng","Phường Liên Chiểu","OpenStreetMap","boundary_confirmed","16.06329","108.15801",""
"osm-729406723","CaPhe Uyen Phuong","food","Ẩm thực & Đời sống","Đường Nguyễn Lương Bằng, phường Liên Chiểu, TP. Đà Nẵng","Nguyễn Lương Bằng","Phường Liên Chiểu","OpenStreetMap","boundary_confirmed","16.09","108.14746",""
"osm-729406727","NgocLan Coffee","food","Ẩm thực & Đời sống","Đường Nguyễn Lương Bằng, phường Liên Chiểu, TP. Đà Nẵng","Nguyễn Lương Bằng","Phường Liên Chiểu","OpenStreetMap","boundary_confirmed","16.07075","108.14954",""
"osm-729406728","HoangViet Coffee","food","Ẩm thực & Đời sống","Đường Nguyễn Lương Bằng, phường Liên Chiểu, TP. Đà Nẵng","Nguyễn Lương Bằng","Phường Liên Chiểu","OpenStreetMap","boundary_confirmed","16.11141","108.12957",""
"osm-729406729","NewStar Coffee","food","Ẩm thực & Đời sống","Đường Nguyễn Lương Bằng, phường Liên Chiểu, TP. Đà Nẵng","Nguyễn Lương Bằng","Phường Liên Chiểu","OpenStreetMap","boundary_confirmed","16.08133","108.1467",""
"osm-729406738","Ca Phe San Vuon Da Thien Ly","food","Ẩm thực & Đời sống","126 Đường Tôn Đản, phường Liên Chiểu, TP. Đà Nẵng","Nguyễn Lương Bằng","Phường Liên Chiểu","OpenStreetMap","boundary_confirmed","16.05492","108.17859",""
"osm-729406740","Ca Phe U I","food","Ẩm thực & Đời sống","Đường Nguyễn Lương Bằng, phường Liên Chiểu, TP. Đà Nẵng","Nguyễn Lương Bằng","Phường Liên Chiểu","OpenStreetMap","boundary_confirmed","16.06259","108.15756",""
"osm-729406743","QueenBell Coffee","food","Ẩm thực & Đời sống","Đường Nguyễn Lương Bằng, phường Liên Chiểu, TP. Đà Nẵng","Nguyễn Lương Bằng","Phường Liên Chiểu","OpenStreetMap","boundary_confirmed","16.1117","108.12945",""
"osm-729406745","CafeMai La","food","Ẩm thực & Đời sống","Đường Nguyễn Lương Bằng, phường Liên Chiểu, TP. Đà Nẵng","Nguyễn Lương Bằng","Phường Liên Chiểu","OpenStreetMap","boundary_confirmed","16.0609","108.16145",""
"osm-729406748","Ca Phe Anh Thu","food","Ẩm thực & Đời sống","Đường Nguyễn Lương Bằng, phường Liên Chiểu, TP. Đà Nẵng","Nguyễn Lương Bằng","Phường Liên Chiểu","OpenStreetMap","boundary_confirmed","16.07084","108.1544",""
"osm-729406754","Ca Phe Thanh Tam","food","Ẩm thực & Đời sống","Đường Nguyễn Lương Bằng, phường Liên Chiểu, TP. Đà Nẵng","Nguyễn Lương Bằng","Phường Liên Chiểu","OpenStreetMap","boundary_confirmed","16.06406","108.16671",""
"osm-729406757","Cafe Phuong","food","Ẩm thực & Đời sống","Đường Nguyễn Lương Bằng, phường Liên Chiểu, TP. Đà Nẵng","Nguyễn Lương Bằng","Phường Liên Chiểu","OpenStreetMap","boundary_confirmed","16.06494","108.15032",""
"osm-729406761","HuongCau Coffee","food","Ẩm thực & Đời sống","Đường Nguyễn Lương Bằng, phường Liên Chiểu, TP. Đà Nẵng","Nguyễn Lương Bằng","Phường Liên Chiểu","OpenStreetMap","boundary_confirmed","16.11166","108.12946",""
"osm-729406767","Cafe Hen","food","Ẩm thực & Đời sống","Đường Nguyễn Lương Bằng, phường Liên Chiểu, TP. Đà Nẵng","Nguyễn Lương Bằng","Phường Liên Chiểu","OpenStreetMap","boundary_confirmed","16.06629","108.14906",""
"osm-729406774","CaPhe May Trang","food","Ẩm thực & Đời sống","Đường Nguyễn Lương Bằng, phường Liên Chiểu, TP. Đà Nẵng","Nguyễn Lương Bằng","Phường Liên Chiểu","OpenStreetMap","boundary_confirmed","16.06634","108.17443",""
"osm-729406787","CaPhe Win","food","Ẩm thực & Đời sống","Đường Nguyễn Lương Bằng, phường Liên Chiểu, TP. Đà Nẵng","Nguyễn Lương Bằng","Phường Liên Chiểu","OpenStreetMap","boundary_confirmed","16.06487","108.15102",""
"osm-729406799","CaPhe My My","food","Ẩm thực & Đời sống","Đường Nguyễn Lương Bằng, phường Liên Chiểu, TP. Đà Nẵng","Nguyễn Lương Bằng","Phường Liên Chiểu","OpenStreetMap","boundary_confirmed","16.05943","108.16477",""
"osm-729406806","AnhDuong Coffee","food","Ẩm thực & Đời sống","Đường Nguyễn Lương Bằng, phường Liên Chiểu, TP. Đà Nẵng","Nguyễn Lương Bằng","Phường Liên Chiểu","OpenStreetMap","boundary_confirmed","16.07439","108.14948",""
"osm-729406809","CafeThu Nguyen","food","Ẩm thực & Đời sống","Đường Nguyễn Lương Bằng, phường Liên Chiểu, TP. Đà Nẵng","Nguyễn Lương Bằng","Phường Liên Chiểu","OpenStreetMap","boundary_confirmed","16.05684","108.16757",""
"osm-729406816","LangVan Coffee","food","Ẩm thực & Đời sống","Đường Nguyễn Lương Bằng, phường Liên Chiểu, TP. Đà Nẵng","Nguyễn Lương Bằng","Phường Liên Chiểu","OpenStreetMap","boundary_confirmed","16.07483","108.1493",""
"osm-729406824","Cafe Ca Phe Asenal","food","Ẩm thực & Đời sống","Đường Nguyễn Lương Bằng, phường Liên Chiểu, TP. Đà Nẵng","Nguyễn Lương Bằng","Phường Liên Chiểu","OpenStreetMap","boundary_confirmed","16.07302","108.14966",""
"osm-729406829","CafeBao Bao","food","Ẩm thực & Đời sống","Đường Nguyễn Lương Bằng, phường Liên Chiểu, TP. Đà Nẵng","Nguyễn Lương Bằng","Phường Liên Chiểu","OpenStreetMap","boundary_confirmed","16.06474","108.15632",""
"osm-729406835","Ca Phe A. Hieu","food","Ẩm thực & Đời sống","Đường Nguyễn Lương Bằng, phường Liên Chiểu, TP. Đà Nẵng","Nguyễn Lương Bằng","Phường Liên Chiểu","OpenStreetMap","boundary_confirmed","16.05638","108.17804",""
"osm-729406837","WinMart+","market","Chợ & Mua sắm thiết yếu","Đường Nguyễn Lương Bằng, phường Liên Chiểu, TP. Đà Nẵng","Nguyễn Lương Bằng","Phường Liên Chiểu","OpenStreetMap","boundary_confirmed","16.07462","108.14938",""
"osm-729406839","Ca Phe Bay Cha","food","Ẩm thực & Đời sống","Đường Nguyễn Lương Bằng, phường Liên Chiểu, TP. Đà Nẵng","Nguyễn Lương Bằng","Phường Liên Chiểu","OpenStreetMap","boundary_confirmed","16.05725","108.16864",""
"osm-729406841","CaPhe An Huy","food","Ẩm thực & Đời sống","Đường Nguyễn Lương Bằng, phường Liên Chiểu, TP. Đà Nẵng","Nguyễn Lương Bằng","Phường Liên Chiểu","OpenStreetMap","boundary_confirmed","16.07157","108.17926",""
"osm-729406844","TuyetAnh Coffee","food","Ẩm thực & Đời sống","Đường Nguyễn Lương Bằng, phường Liên Chiểu, TP. Đà Nẵng","Nguyễn Lương Bằng","Phường Liên Chiểu","OpenStreetMap","boundary_confirmed","16.07075","108.14955",""
"osm-729406845","NgocVy Coffee","food","Ẩm thực & Đời sống","Đường Nguyễn Lương Bằng, phường Liên Chiểu, TP. Đà Nẵng","Nguyễn Lương Bằng","Phường Liên Chiểu","OpenStreetMap","boundary_confirmed","16.11342","108.12803",""
"osm-729406854","CaPhe San Vuon Bin Bin","food","Ẩm thực & Đời sống","Đường Nguyễn Lương Bằng, phường Liên Chiểu, TP. Đà Nẵng","Nguyễn Lương Bằng","Phường Liên Chiểu","OpenStreetMap","boundary_confirmed","16.06301","108.16026",""
"osm-729406856","NgocYen Coffee","food","Ẩm thực & Đời sống","Đường Nguyễn Lương Bằng, phường Liên Chiểu, TP. Đà Nẵng","Nguyễn Lương Bằng","Phường Liên Chiểu","OpenStreetMap","boundary_confirmed","16.08249","108.14615",""
"osm-729406865","Cafe Plasma","food","Ẩm thực & Đời sống","Đường Nguyễn Lương Bằng, phường Liên Chiểu, TP. Đà Nẵng","Nguyễn Lương Bằng","Phường Liên Chiểu","OpenStreetMap","boundary_confirmed","16.0686","108.15031",""
"osm-729406866","Cafe96","food","Ẩm thực & Đời sống","Đường Nguyễn Lương Bằng, phường Liên Chiểu, TP. Đà Nẵng","Nguyễn Lương Bằng","Phường Liên Chiểu","OpenStreetMap","boundary_confirmed","16.06015","108.17596",""
"osm-729406868","TranChau Coffee","food","Ẩm thực & Đời sống","Đường Nguyễn Lương Bằng, phường Liên Chiểu, TP. Đà Nẵng","Nguyễn Lương Bằng","Phường Liên Chiểu","OpenStreetMap","boundary_confirmed","16.11145","108.12955",""
"osm-729406880","CaPhe Phuong Dong","food","Ẩm thực & Đời sống","Đường Nguyễn Lương Bằng, phường Liên Chiểu, TP. Đà Nẵng","Nguyễn Lương Bằng","Phường Liên Chiểu","OpenStreetMap","boundary_confirmed","16.07677","108.14833",""
"osm-729406881","CaPhe Son Nhay","food","Ẩm thực & Đời sống","Đường Nguyễn Lương Bằng, phường Liên Chiểu, TP. Đà Nẵng","Nguyễn Lương Bằng","Phường Liên Chiểu","OpenStreetMap","boundary_confirmed","16.06515","108.17478",""
"osm-729406884","Cafe Nang Chieu","food","Ẩm thực & Đời sống","Đường Nguyễn Lương Bằng, phường Liên Chiểu, TP. Đà Nẵng","Nguyễn Lương Bằng","Phường Liên Chiểu","OpenStreetMap","boundary_confirmed","16.06568","108.14803",""
"osm-729406890","CaPhe Thu Thao","food","Ẩm thực & Đời sống","Đường Nguyễn Lương Bằng, phường Liên Chiểu, TP. Đà Nẵng","Nguyễn Lương Bằng","Phường Liên Chiểu","OpenStreetMap","boundary_confirmed","16.061","108.16176",""
"osm-729406903","CaPhe Win","food","Ẩm thực & Đời sống","Đường Nguyễn Lương Bằng, phường Liên Chiểu, TP. Đà Nẵng","Nguyễn Lương Bằng","Phường Liên Chiểu","OpenStreetMap","boundary_confirmed","16.06808","108.15946",""
"osm-729406921","Cafe Giai Khat 266","food","Ẩm thực & Đời sống","Đường Nguyễn Lương Bằng, phường Liên Chiểu, TP. Đà Nẵng","Nguyễn Lương Bằng","Phường Liên Chiểu","OpenStreetMap","boundary_confirmed","16.07144","108.1427",""
"osm-729406924","Ca Phe Hau","food","Ẩm thực & Đời sống","Đường Nguyễn Lương Bằng, phường Liên Chiểu, TP. Đà Nẵng","Nguyễn Lương Bằng","Phường Liên Chiểu","OpenStreetMap","boundary_confirmed","16.06078","108.16713",""
"osm-729406930","Ca Phe Ngoc Lan","food","Ẩm thực & Đời sống","Đường Nguyễn Lương Bằng, phường Liên Chiểu, TP. Đà Nẵng","Nguyễn Lương Bằng","Phường Liên Chiểu","OpenStreetMap","boundary_confirmed","16.0546","108.16923",""
"osm-729406933","HoaSua Coffee","food","Ẩm thực & Đời sống","Đường Nguyễn Lương Bằng, phường Liên Chiểu, TP. Đà Nẵng","Nguyễn Lương Bằng","Phường Liên Chiểu","OpenStreetMap","boundary_confirmed","16.09934","108.1357",""
"osm-729406934","CafeDong Doi","food","Ẩm thực & Đời sống","Đường Nguyễn Lương Bằng, phường Liên Chiểu, TP. Đà Nẵng","Nguyễn Lương Bằng","Phường Liên Chiểu","OpenStreetMap","boundary_confirmed","16.06129","108.17851",""
"osm-729406939","Cafe Kachiusa","food","Ẩm thực & Đời sống","Đường Nguyễn Lương Bằng, phường Liên Chiểu, TP. Đà Nẵng","Nguyễn Lương Bằng","Phường Liên Chiểu","OpenStreetMap","boundary_confirmed","16.07196","108.15049",""
"osm-729406943","CaPhe Viet Anh","food","Ẩm thực & Đời sống","Đường Nguyễn Lương Bằng, phường Liên Chiểu, TP. Đà Nẵng","Nguyễn Lương Bằng","Phường Liên Chiểu","OpenStreetMap","boundary_confirmed","16.06375","108.15433",""
"osm-729406946","AnNa Coffee","food","Ẩm thực & Đời sống","Đường Nguyễn Lương Bằng, phường Liên Chiểu, TP. Đà Nẵng","Nguyễn Lương Bằng","Phường Liên Chiểu","OpenStreetMap","boundary_confirmed","16.11386","108.12786",""
"osm-729406948","LiptonCoffee","food","Ẩm thực & Đời sống","Đường Nguyễn Lương Bằng, phường Liên Chiểu, TP. Đà Nẵng","Nguyễn Lương Bằng","Phường Liên Chiểu","OpenStreetMap","boundary_confirmed","16.07391","108.1493",""
"osm-729406958","Ca Phe Bibon","food","Ẩm thực & Đời sống","Đường Nguyễn Lương Bằng, phường Liên Chiểu, TP. Đà Nẵng","Nguyễn Lương Bằng","Phường Liên Chiểu","OpenStreetMap","boundary_confirmed","16.07129","108.15531",""
"osm-729406959","MinhAnh Coffee","food","Ẩm thực & Đời sống","Đường Nguyễn Lương Bằng, phường Liên Chiểu, TP. Đà Nẵng","Nguyễn Lương Bằng","Phường Liên Chiểu","OpenStreetMap","boundary_confirmed","16.11337","108.12825",""
"osm-729406962","CaPhe Huyen Linh","food","Ẩm thực & Đời sống","Đường Nguyễn Lương Bằng, phường Liên Chiểu, TP. Đà Nẵng","Nguyễn Lương Bằng","Phường Liên Chiểu","OpenStreetMap","boundary_confirmed","16.06317","108.15607",""
"osm-729406964","Ca Phe Hong Minh","food","Ẩm thực & Đời sống","Đường Nguyễn Lương Bằng, phường Liên Chiểu, TP. Đà Nẵng","Nguyễn Lương Bằng","Phường Liên Chiểu","OpenStreetMap","boundary_confirmed","16.05633","108.16574",""
"osm-729406967","Ca Phe Hong Trang","food","Ẩm thực & Đời sống","Đường Nguyễn Lương Bằng, phường Liên Chiểu, TP. Đà Nẵng","Nguyễn Lương Bằng","Phường Liên Chiểu","OpenStreetMap","boundary_confirmed","16.06507","108.16674",""
"osm-729406970","CaPhe Chan Que","food","Ẩm thực & Đời sống","Đường Nguyễn Lương Bằng, phường Liên Chiểu, TP. Đà Nẵng","Nguyễn Lương Bằng","Phường Liên Chiểu","OpenStreetMap","boundary_confirmed","16.05937","108.16497",""
"osm-1964064967","Nhà đỗ xe ô tô","living_service","Tiện ích dân sinh","Đường Nguyễn Lương Bằng, phường Liên Chiểu, TP. Đà Nẵng","Nguyễn Lương Bằng","Phường Liên Chiểu","OpenStreetMap","boundary_confirmed","16.07433","108.15326",""
"osm-1964068012","Khu A","education","Giáo dục & Học tập","Đường Nguyễn Lương Bằng, phường Liên Chiểu, TP. Đà Nẵng","Nguyễn Lương Bằng","Phường Liên Chiểu","OpenStreetMap","boundary_confirmed","16.07569","108.15337",""
"osm-1964068718","Nhà Đỗ Xe Khu B","living_service","Tiện ích dân sinh","Đường Nguyễn Lương Bằng, phường Liên Chiểu, TP. Đà Nẵng","Nguyễn Lương Bằng","Phường Liên Chiểu","OpenStreetMap","boundary_confirmed","16.07543","108.15111",""
"osm-1964117612","Công Ty Lập Trình iPhone mobioneer.com","living_service","Tiện ích dân sinh","Đường Nguyễn Lương Bằng, phường Liên Chiểu, TP. Đà Nẵng","Nguyễn Lương Bằng","Phường Liên Chiểu","OpenStreetMap","boundary_confirmed","16.06688","108.15005",""
"osm-1989505263","caFe Hoàng Anh","food","Ẩm thực & Đời sống","Đường Nguyễn Lương Bằng, phường Liên Chiểu, TP. Đà Nẵng","Nguyễn Lương Bằng","Phường Liên Chiểu","OpenStreetMap","boundary_confirmed","16.06458","108.15194",""
"osm-2989347833","Sông Hàn","living_service","Tiện ích dân sinh","Đường Nguyễn Lương Bằng, phường Liên Chiểu, TP. Đà Nẵng","Nguyễn Lương Bằng","Phường Liên Chiểu","OpenStreetMap","boundary_confirmed","16.05532","108.17245",""
"osm-4196677589","lunchplace","food","Ẩm thực & Đời sống","Đường Nguyễn Lương Bằng, phường Liên Chiểu, TP. Đà Nẵng","Nguyễn Lương Bằng","Phường Liên Chiểu","OpenStreetMap","boundary_confirmed","16.13509","108.11952",""
"osm-4239650889","KIẾN GỖ coffee SHOP","food","Ẩm thực & Đời sống","155 Lạc Long Quân, phường Liên Chiểu, TP. Đà Nẵng","Lạc Long Quân","Phường Liên Chiểu","OpenStreetMap","boundary_confirmed","16.07204","108.14241",""
"osm-4294060393","bến xe Đà Nẵng","living_service","Tiện ích dân sinh","Đường Nguyễn Lương Bằng, phường Liên Chiểu, TP. Đà Nẵng","Nguyễn Lương Bằng","Phường Liên Chiểu","OpenStreetMap","boundary_confirmed","16.05724","108.17233",""
"osm-4294060394","cầu vượt Ngã Ba Huế","living_service","Tiện ích dân sinh","Đường Nguyễn Lương Bằng, phường Liên Chiểu, TP. Đà Nẵng","Nguyễn Lương Bằng","Phường Liên Chiểu","OpenStreetMap","boundary_confirmed","16.06007","108.17616",""
"osm-4294139091","nhà thờ An Ngãi Tây","living_service","Tiện ích dân sinh","Đường Đường số 5, phường Liên Chiểu, TP. Đà Nẵng","Nguyễn Lương Bằng","Phường Liên Chiểu","OpenStreetMap","boundary_confirmed","16.06811","108.10439",""
"osm-4294143690","đèo Đại La - xã Hòa Sơn","living_service","Tiện ích dân sinh","Đường Nguyễn Lương Bằng, phường Liên Chiểu, TP. Đà Nẵng","Nguyễn Lương Bằng","Phường Liên Chiểu","OpenStreetMap","boundary_confirmed","16.04298","108.13487",""
"osm-4401378391","Red Beach Resort & Spa","food","Ẩm thực & Đời sống","Đường Nguyễn Lương Bằng, phường Liên Chiểu, TP. Đà Nẵng","Nguyễn Lương Bằng","Phường Liên Chiểu","OpenStreetMap","boundary_confirmed","16.09499","108.14677",""
"osm-4577571093","Ngũ Cốc Đà Nẵng","market","Chợ & Mua sắm thiết yếu","k82 Nguyễn Lương Bằng, phường Liên Chiểu, TP. Đà Nẵng","Nguyễn Lương Bằng","Phường Liên Chiểu","OpenStreetMap","boundary_confirmed","16.07516","108.15026",""
"osm-4578685691","cafe mint","food","Ẩm thực & Đời sống","Đường Nguyễn Lương Bằng, phường Liên Chiểu, TP. Đà Nẵng","Nguyễn Lương Bằng","Phường Liên Chiểu","OpenStreetMap","boundary_confirmed","16.0785","108.166",""
"osm-4636663189","Bến xe Trung tâm Đà Nẵng","living_service","Tiện ích dân sinh","Đường Nguyễn Lương Bằng, phường Liên Chiểu, TP. Đà Nẵng","Nguyễn Lương Bằng","Phường Liên Chiểu","OpenStreetMap","boundary_confirmed","16.05554","108.17323",""
"osm-4652657809","Khách sạn Hải An","living_service","Tiện ích dân sinh","1449 Nguyễn Tất Thành, phường Liên Chiểu, TP. Đà Nẵng","Nguyễn Lương Bằng","Phường Liên Chiểu","OpenStreetMap","boundary_confirmed","16.07554","108.17874",""
"osm-4670454989","Công ty công nghệ TBK","market","Chợ & Mua sắm thiết yếu","12 Phùng hưng, phường Liên Chiểu, TP. Đà Nẵng","Nguyễn Lương Bằng","Phường Liên Chiểu","OpenStreetMap","boundary_confirmed","16.07838","108.17013",""
"osm-4739305421","Vietcombank","living_service","Tiện ích dân sinh","Đường Nguyễn Lương Bằng, phường Liên Chiểu, TP. Đà Nẵng","Nguyễn Lương Bằng","Phường Liên Chiểu","OpenStreetMap","boundary_confirmed","16.08082","108.14646",""
"osm-4875985021","quán nhậu lộc viên","food","Ẩm thực & Đời sống","Đường Nguyễn Sinh Sắc, phường Liên Chiểu, TP. Đà Nẵng","Nguyễn Lương Bằng","Phường Liên Chiểu","OpenStreetMap","boundary_confirmed","16.06595","108.15522",""
"osm-4931062422","TruongVuHouse's","living_service","Tiện ích dân sinh","Đường Văn Thánh 2, phường Liên Chiểu, TP. Đà Nẵng","Nguyễn Lương Bằng","Phường Liên Chiểu","OpenStreetMap","boundary_confirmed","16.09695","108.13557",""
"osm-4931134422","Âm Thanh Ánh Sáng - Nết Sound and Lighting","living_service","Tiện ích dân sinh","21 Đường Văn Thánh 2, phường Liên Chiểu, TP. Đà Nẵng","Nguyễn Lương Bằng","Phường Liên Chiểu","OpenStreetMap","boundary_confirmed","16.09693","108.13554",""
"osm-4974704122","icafe","food","Ẩm thực & Đời sống","Đường Nguyễn Lương Bằng, phường Liên Chiểu, TP. Đà Nẵng","Nguyễn Lương Bằng","Phường Liên Chiểu","OpenStreetMap","boundary_confirmed","16.06979","108.14557",""
"osm-5026609321","Diễm Hồng","food","Ẩm thực & Đời sống","9 Đường Nguyễn Tường Phổ, phường Liên Chiểu, TP. Đà Nẵng","Nguyễn Lương Bằng","Phường Liên Chiểu","OpenStreetMap","boundary_confirmed","16.06347","108.17464",""
"osm-5107300338","Nhà máy Cao Su Đà Nẵng (DRC)","market","Chợ & Mua sắm thiết yếu","Đường Nguyễn Lương Bằng, phường Liên Chiểu, TP. Đà Nẵng","Nguyễn Lương Bằng","Phường Liên Chiểu","OpenStreetMap","boundary_confirmed","16.12814","108.11381",""
"osm-5203340421","Khu Đô Thị Phước Lý","living_service","Tiện ích dân sinh","Đường Bùi Tấn Diên, phường Liên Chiểu, TP. Đà Nẵng","Nguyễn Lương Bằng","Phường Liên Chiểu","OpenStreetMap","boundary_confirmed","16.04556","108.1677",""
"osm-5289572321","Kim Quyên","market","Chợ & Mua sắm thiết yếu","5 Nguyễn Văn Tạo, phường Liên Chiểu, TP. Đà Nẵng","Nguyễn Lương Bằng","Phường Liên Chiểu","OpenStreetMap","boundary_confirmed","16.05769","108.17351",""
"osm-5434539026","Lavarnia","market","Chợ & Mua sắm thiết yếu","Đường Nguyễn Lương Bằng, phường Liên Chiểu, TP. Đà Nẵng","Nguyễn Lương Bằng","Phường Liên Chiểu","OpenStreetMap","boundary_confirmed","16.05749","108.1721",""
"osm-5608881047","PNJ","market","Chợ & Mua sắm thiết yếu","Đường Nguyễn Lương Bằng, phường Liên Chiểu, TP. Đà Nẵng","Nguyễn Lương Bằng","Phường Liên Chiểu","OpenStreetMap","boundary_confirmed","16.06571","108.15472",""
"osm-5609999059","WinMart+","market","Chợ & Mua sắm thiết yếu","73 Nguyễn Lương Bằng, phường Liên Chiểu, TP. Đà Nẵng","Nguyễn Lương Bằng","Phường Liên Chiểu","OpenStreetMap","boundary_confirmed","16.07386","108.14982",""
"osm-5729312621","hoàng kim khách sạn","living_service","Tiện ích dân sinh","Đường Nguyễn Lương Bằng, phường Liên Chiểu, TP. Đà Nẵng","Nguyễn Lương Bằng","Phường Liên Chiểu","OpenStreetMap","boundary_confirmed","16.13081","108.11961",""
"osm-5762584167","tạp hóa","market","Chợ & Mua sắm thiết yếu","09 Đường Tôn Đản, phường Liên Chiểu, TP. Đà Nẵng","Nguyễn Lương Bằng","Phường Liên Chiểu","OpenStreetMap","boundary_confirmed","16.05984","108.17687",""
"osm-5762584168","đức thơ","market","Chợ & Mua sắm thiết yếu","231 Tôn Đản, phường Liên Chiểu, TP. Đà Nẵng","Nguyễn Lương Bằng","Phường Liên Chiểu","OpenStreetMap","boundary_confirmed","16.05188","108.17985",""
"osm-5762584180","tường vy","market","Chợ & Mua sắm thiết yếu","58 Đường Cao Sơn Pháo, phường Liên Chiểu, TP. Đà Nẵng","Nguyễn Lương Bằng","Phường Liên Chiểu","OpenStreetMap","boundary_confirmed","16.05747","108.17482",""
"osm-5762584181","kim châu","market","Chợ & Mua sắm thiết yếu","61A Đường Nguyễn Đình Tứ, phường Liên Chiểu, TP. Đà Nẵng","Nguyễn Lương Bằng","Phường Liên Chiểu","OpenStreetMap","boundary_confirmed","16.05012","108.17727",""
"osm-5762584273","hồng anh","market","Chợ & Mua sắm thiết yếu","51 Tôn Đản, phường Liên Chiểu, TP. Đà Nẵng","Nguyễn Lương Bằng","Phường Liên Chiểu","OpenStreetMap","boundary_confirmed","16.05855","108.17735",""
"osm-5762584280","anh đào","market","Chợ & Mua sắm thiết yếu","76 Đường Nguyễn Đình Tứ, phường Liên Chiểu, TP. Đà Nẵng","Nguyễn Lương Bằng","Phường Liên Chiểu","OpenStreetMap","boundary_confirmed","16.05012","108.17723",""
"osm-5762584281","tạp hóa","market","Chợ & Mua sắm thiết yếu","154 Nguyễn Đình Tứ, phường Liên Chiểu, TP. Đà Nẵng","Nguyễn Lương Bằng","Phường Liên Chiểu","OpenStreetMap","boundary_confirmed","16.04886","108.17262",""
"osm-5762584282","minh phong","market","Chợ & Mua sắm thiết yếu","57 Đường Tú Mỡ, phường Liên Chiểu, TP. Đà Nẵng","Nguyễn Lương Bằng","Phường Liên Chiểu","OpenStreetMap","boundary_confirmed","16.05244","108.17135",""
"osm-5762588365","tạp hóa","market","Chợ & Mua sắm thiết yếu","311 Tôn Đản, phường Liên Chiểu, TP. Đà Nẵng","Nguyễn Lương Bằng","Phường Liên Chiểu","OpenStreetMap","boundary_confirmed","16.05183","108.17985",""
"osm-5762588370","tạp hóa","market","Chợ & Mua sắm thiết yếu","32 Đường Tú Mỡ, phường Liên Chiểu, TP. Đà Nẵng","Nguyễn Lương Bằng","Phường Liên Chiểu","OpenStreetMap","boundary_confirmed","16.05254","108.17156",""
"osm-5816040654","nhà nghỉ tạm","living_service","Tiện ích dân sinh","Đường Nguyễn Lương Bằng, phường Liên Chiểu, TP. Đà Nẵng","Nguyễn Lương Bằng","Phường Liên Chiểu","OpenStreetMap","boundary_confirmed","16.08568","108.14436",""
"osm-5864570785","Quán Chay Hang Ngay","food","Ẩm thực & Đời sống","Đường Nguyễn Lương Bằng, phường Liên Chiểu, TP. Đà Nẵng","Nguyễn Lương Bằng","Phường Liên Chiểu","OpenStreetMap","boundary_confirmed","16.05662","108.17746",""
"osm-5942206189","Nhà thuê viễn","living_service","Tiện ích dân sinh","Đường Nguyễn Lương Bằng, phường Liên Chiểu, TP. Đà Nẵng","Nguyễn Lương Bằng","Phường Liên Chiểu","OpenStreetMap","boundary_confirmed","16.1301","108.11968",""
"osm-6276738285","Hoang Long","living_service","Tiện ích dân sinh","Đường Nguyễn Lương Bằng, phường Liên Chiểu, TP. Đà Nẵng","Nguyễn Lương Bằng","Phường Liên Chiểu","OpenStreetMap","boundary_confirmed","16.05698","108.17377",""
"osm-6337142202","CLB TSH-DS Liên Chiểu","living_service","Tiện ích dân sinh","01 Phú Thạnh 4, phường Liên Chiểu, TP. Đà Nẵng","Nguyễn Lương Bằng","Phường Liên Chiểu","OpenStreetMap","boundary_confirmed","16.07233","108.15604",""
"osm-6337779385","Fruits","market","Chợ & Mua sắm thiết yếu","Đường Nguyễn Lương Bằng, phường Liên Chiểu, TP. Đà Nẵng","Nguyễn Lương Bằng","Phường Liên Chiểu","OpenStreetMap","boundary_confirmed","16.05854","108.17394",""
"osm-6392649285","tạp hóa bà điểm","market","Chợ & Mua sắm thiết yếu","Đường Nguyễn Lương Bằng, phường Liên Chiểu, TP. Đà Nẵng","Nguyễn Lương Bằng","Phường Liên Chiểu","OpenStreetMap","boundary_confirmed","16.05596","108.165",""
"osm-6513792708","Đình Phục Đán","living_service","Tiện ích dân sinh","02 Đường Ngô Đức Kế, phường Liên Chiểu, TP. Đà Nẵng","Nguyễn Lương Bằng","Phường Liên Chiểu","OpenStreetMap","boundary_confirmed","16.07457","108.17457",""
"osm-6525318730","WinMart+","market","Chợ & Mua sắm thiết yếu","Đường Đường Nguyễn Đình Tứ, phường Liên Chiểu, TP. Đà Nẵng","Nguyễn Lương Bằng","Phường Liên Chiểu","OpenStreetMap","boundary_confirmed","16.05018","108.17778",""
"osm-6528662176","SKV Pharmacy","healthcare","Y tế & Sức khỏe","09 Đường Nguyễn Đình Tứ, phường Liên Chiểu, TP. Đà Nẵng","Nguyễn Lương Bằng","Phường Liên Chiểu","OpenStreetMap","boundary_confirmed","16.05069","108.17949",""
"osm-6570426296","YoFaSo","market","Chợ & Mua sắm thiết yếu","16 Đường Âu Cơ, phường Liên Chiểu, TP. Đà Nẵng","Âu Cơ","Phường Liên Chiểu","OpenStreetMap","boundary_confirmed","16.07168","108.15",""
"osm-6675647541","Viettel Store","market","Chợ & Mua sắm thiết yếu","Đường Nguyễn Lương Bằng, phường Liên Chiểu, TP. Đà Nẵng","Nguyễn Lương Bằng","Phường Liên Chiểu","OpenStreetMap","boundary_confirmed","16.05611","108.16885",""
"osm-6675647542","FPT Shop","market","Chợ & Mua sắm thiết yếu","Đường Nguyễn Lương Bằng, phường Liên Chiểu, TP. Đà Nẵng","Nguyễn Lương Bằng","Phường Liên Chiểu","OpenStreetMap","boundary_confirmed","16.05759","108.17203",""
"osm-6675647545","Thegioididong","market","Chợ & Mua sắm thiết yếu","Đường Nguyễn Lương Bằng, phường Liên Chiểu, TP. Đà Nẵng","Nguyễn Lương Bằng","Phường Liên Chiểu","OpenStreetMap","boundary_confirmed","16.05954","108.17486",""
"osm-6968992585","Ga Bán Vé (Bến xe Trung tâm Đà Nẵng)","market","Chợ & Mua sắm thiết yếu","Số 97-99 Đường Cao Sơn Pháo, phường Liên Chiểu, TP. Đà Nẵng","Nguyễn Lương Bằng","Phường Liên Chiểu","OpenStreetMap","boundary_confirmed","16.05614","108.17304",""
"osm-7005484185","nhà riêng","living_service","Tiện ích dân sinh","Đường Nguyễn Lương Bằng, phường Liên Chiểu, TP. Đà Nẵng","Nguyễn Lương Bằng","Phường Liên Chiểu","OpenStreetMap","boundary_confirmed","16.04752","108.177",""
"osm-8474743117","Công ty xây dựng Trí Viễn Phát","living_service","Tiện ích dân sinh","46 Đường Cao Sơn Pháo, phường Liên Chiểu, TP. Đà Nẵng","Nguyễn Lương Bằng","Phường Liên Chiểu","OpenStreetMap","boundary_confirmed","16.05814","108.1766",""
"osm-8616526727","Công ty tư vấn Farming World's","living_service","Tiện ích dân sinh","Đường Nguyễn Lương Bằng, phường Liên Chiểu, TP. Đà Nẵng","Nguyễn Lương Bằng","Phường Liên Chiểu","OpenStreetMap","boundary_confirmed","16.05174","108.15178",""
"osm-8791404253","Xuân Tiến Audio","market","Chợ & Mua sắm thiết yếu","Đường Nguyễn Lương Bằng, phường Liên Chiểu, TP. Đà Nẵng","Nguyễn Lương Bằng","Phường Liên Chiểu","OpenStreetMap","boundary_confirmed","16.05472","108.10398",""
"osm-9087727949","Bãi xe","living_service","Tiện ích dân sinh","Đường Nguyễn Lương Bằng, phường Liên Chiểu, TP. Đà Nẵng","Nguyễn Lương Bằng","Phường Liên Chiểu","OpenStreetMap","boundary_confirmed","16.04986","108.15858",""
"osm-9087727950","Bãi xe","living_service","Tiện ích dân sinh","Đường Nguyễn Lương Bằng, phường Liên Chiểu, TP. Đà Nẵng","Nguyễn Lương Bằng","Phường Liên Chiểu","OpenStreetMap","boundary_confirmed","16.0499","108.1587",""
"osm-9087727951","Bãi xe","living_service","Tiện ích dân sinh","Đường Nguyễn Lương Bằng, phường Liên Chiểu, TP. Đà Nẵng","Nguyễn Lương Bằng","Phường Liên Chiểu","OpenStreetMap","boundary_confirmed","16.04973","108.15875",""
"osm-9087727952","Bãi xe","living_service","Tiện ích dân sinh","Đường Nguyễn Lương Bằng, phường Liên Chiểu, TP. Đà Nẵng","Nguyễn Lương Bằng","Phường Liên Chiểu","OpenStreetMap","boundary_confirmed","16.0497","108.15864",""
"osm-9087727966","Căn tin","food","Ẩm thực & Đời sống","Đường Nguyễn Lương Bằng, phường Liên Chiểu, TP. Đà Nẵng","Nguyễn Lương Bằng","Phường Liên Chiểu","OpenStreetMap","boundary_confirmed","16.04903","108.15823",""
"osm-9087728004","Phòng bảo vệ","living_service","Tiện ích dân sinh","Đường Nguyễn Lương Bằng, phường Liên Chiểu, TP. Đà Nẵng","Nguyễn Lương Bằng","Phường Liên Chiểu","OpenStreetMap","boundary_confirmed","16.04934","108.16045",""
"osm-9099991286","Bãi xe","living_service","Tiện ích dân sinh","Đường Nguyễn Lương Bằng, phường Liên Chiểu, TP. Đà Nẵng","Nguyễn Lương Bằng","Phường Liên Chiểu","OpenStreetMap","boundary_confirmed","16.04933","108.15845",""
"osm-9921304858","Kia Coffee - Beer","food","Ẩm thực & Đời sống","Đường Nguyễn Lương Bằng, phường Liên Chiểu, TP. Đà Nẵng","Nguyễn Lương Bằng","Phường Liên Chiểu","OpenStreetMap","boundary_confirmed","16.07894","108.1703",""
"osm-9921321628","The Eden","living_service","Tiện ích dân sinh","Đường Nguyễn Lương Bằng, phường Liên Chiểu, TP. Đà Nẵng","Nguyễn Lương Bằng","Phường Liên Chiểu","OpenStreetMap","boundary_confirmed","16.07733","108.17373",""
"osm-10054034978","Mikazuki Đà Nẵng Hotel","living_service","Tiện ích dân sinh","Đường Nguyễn Lương Bằng, phường Liên Chiểu, TP. Đà Nẵng","Nguyễn Lương Bằng","Phường Liên Chiểu","OpenStreetMap","boundary_confirmed","16.09355","108.14442",""
"osm-10230442790","Cafe Sakura","food","Ẩm thực & Đời sống","Đường Nguyễn Lương Bằng, phường Liên Chiểu, TP. Đà Nẵng","Nguyễn Lương Bằng","Phường Liên Chiểu","OpenStreetMap","boundary_confirmed","16.13046","108.11965",""
"osm-10709738105","Làng nước mắm Nam Ô","park","Công viên & Không gian công cộng","Đường Nguyễn Lương Bằng, phường Liên Chiểu, TP. Đà Nẵng","Nguyễn Lương Bằng","Phường Liên Chiểu","OpenStreetMap","boundary_confirmed","16.11283","108.13009",""
"osm-10861650446","Petrolimex","living_service","Tiện ích dân sinh","Đường Nguyễn Lương Bằng, phường Liên Chiểu, TP. Đà Nẵng","Nguyễn Lương Bằng","Phường Liên Chiểu","OpenStreetMap","boundary_confirmed","16.13159","108.10692",""
"osm-10861659515","Free Shower","living_service","Tiện ích dân sinh","Đường Nguyễn Lương Bằng, phường Liên Chiểu, TP. Đà Nẵng","Nguyễn Lương Bằng","Phường Liên Chiểu","OpenStreetMap","boundary_confirmed","16.13117","108.1064",""
"osm-11887430532","Siêu thị Bony","market","Chợ & Mua sắm thiết yếu","Đường Nguyễn Lương Bằng, phường Liên Chiểu, TP. Đà Nẵng","Nguyễn Lương Bằng","Phường Liên Chiểu","OpenStreetMap","boundary_confirmed","16.10322","108.12001",""
"osm-11915022569","Nhà xe Tân Kim Chi","living_service","Tiện ích dân sinh","46 Đường Nam Trân, phường Liên Chiểu, TP. Đà Nẵng","Nguyễn Lương Bằng","Phường Liên Chiểu","OpenStreetMap","boundary_confirmed","16.06046","108.17188",""
"osm-12124102232","Sửa chữa xe máy","market","Chợ & Mua sắm thiết yếu","Đường Nguyễn Lương Bằng, phường Liên Chiểu, TP. Đà Nẵng","Nguyễn Lương Bằng","Phường Liên Chiểu","OpenStreetMap","boundary_confirmed","16.10311","108.1338",""
"osm-13020264601","Avenis","living_service","Tiện ích dân sinh","1691 Đường Nguyễn Tất Thành, phường Liên Chiểu, TP. Đà Nẵng","Nguyễn Lương Bằng","Phường Liên Chiểu","OpenStreetMap","boundary_confirmed","16.07803","108.17251",""
"osm-13033365101","Anh Quân Bakery","market","Chợ & Mua sắm thiết yếu","34 Đường Hồ Quý Ly, phường Liên Chiểu, TP. Đà Nẵng","Nguyễn Lương Bằng","Phường Liên Chiểu","OpenStreetMap","boundary_confirmed","16.07654","108.17259",""
"osm-13042655301","Bo Bo 2","food","Ẩm thực & Đời sống","1653 Đường Nguyễn Tất Thành, phường Liên Chiểu, TP. Đà Nẵng","Nguyễn Lương Bằng","Phường Liên Chiểu","OpenStreetMap","boundary_confirmed","16.07762","108.17349",""
"osm-13077567316","Cửa Hàng Điện Máy Minh Anh","market","Chợ & Mua sắm thiết yếu","42 Đường Ninh Tốn, phường Liên Chiểu, TP. Đà Nẵng","Nguyễn Lương Bằng","Phường Liên Chiểu","OpenStreetMap","boundary_confirmed","16.06907","108.14645",""
"osm-13426046382","Xuan Phù","living_service","Tiện ích dân sinh","Đường Nguyễn Lương Bằng, phường Liên Chiểu, TP. Đà Nẵng","Nguyễn Lương Bằng","Phường Liên Chiểu","OpenStreetMap","boundary_confirmed","16.08246","108.16328",""
"osm-13597246829","cà phê Thanh Thảo","food","Ẩm thực & Đời sống","02 Đường Nguyễn Huy Tự, phường Liên Chiểu, TP. Đà Nẵng","Nguyễn Lương Bằng","Phường Liên Chiểu","OpenStreetMap","boundary_confirmed","16.08099","108.16178",""
"osm-13597246830","Nhà May","market","Chợ & Mua sắm thiết yếu","08 Đường Nguyễn Huy Tự, phường Liên Chiểu, TP. Đà Nẵng","Nguyễn Lương Bằng","Phường Liên Chiểu","OpenStreetMap","boundary_confirmed","16.08086","108.1617",""
"osm-13597246831","04 Nguyễn Huy Tự","food","Ẩm thực & Đời sống","04 Đường Nguyễn Huy Tự, phường Liên Chiểu, TP. Đà Nẵng","Nguyễn Lương Bằng","Phường Liên Chiểu","OpenStreetMap","boundary_confirmed","16.08094","108.16175",""
"osm-13600463820","43 Hòa Phú 9","food","Ẩm thực & Đời sống","43 Đường Hoà Phú 9, phường Liên Chiểu, TP. Đà Nẵng","Nguyễn Lương Bằng","Phường Liên Chiểu","OpenStreetMap","boundary_confirmed","16.06705","108.16594",""
"osm-13686526604","Tạp Hóa Cô 5","market","Chợ & Mua sắm thiết yếu","Đường Thôn Xuân Phú, phường Liên Chiểu, TP. Đà Nẵng","Nguyễn Lương Bằng","Phường Liên Chiểu","OpenStreetMap","boundary_confirmed","16.04102","108.10235",""
"osm-13734880501","Tượng Phật Phước Lý","park","Công viên & Không gian công cộng","Đường Nguyễn Lương Bằng, phường Liên Chiểu, TP. Đà Nẵng","Nguyễn Lương Bằng","Phường Liên Chiểu","OpenStreetMap","boundary_confirmed","16.04056","108.14894",""
"osm-13991235294","Nội Thất NEOHOUSE","market","Chợ & Mua sắm thiết yếu","203 Bùi Tấn Diên, phường Liên Chiểu, TP. Đà Nẵng","Nguyễn Lương Bằng","Phường Liên Chiểu","OpenStreetMap","boundary_confirmed","16.04401","108.16956",""
"osm-13991310954","Showroom Thiết Bị Phụ Kiện Bếp TaKing - Kho Số 3","market","Chợ & Mua sắm thiết yếu","23 Đường Nguyễn Nhược Pháp, phường Liên Chiểu, TP. Đà Nẵng","Nguyễn Lương Bằng","Phường Liên Chiểu","OpenStreetMap","boundary_confirmed","16.04573","108.16915",""
"osm-13991312392","Thiết Bị Phụ Kiện Bếp TaKing - Công Ty","market","Chợ & Mua sắm thiết yếu","209 Đường Bùi Tấn Diên, phường Liên Chiểu, TP. Đà Nẵng","Nguyễn Lương Bằng","Phường Liên Chiểu","OpenStreetMap","boundary_confirmed","16.04384","108.16973",""
"osm-13991313616","Thiết Bị Phụ Kiện Bếp TaKing - Kho Số 2","market","Chợ & Mua sắm thiết yếu","130 Đường Nguyễn Nhược Pháp, phường Liên Chiểu, TP. Đà Nẵng","Nguyễn Lương Bằng","Phường Liên Chiểu","OpenStreetMap","boundary_confirmed","16.04366","108.16678",""
"osm-13991339122","Thiết Bị Phụ Kiện Bếp TaKing - Kho Số 1","market","Chợ & Mua sắm thiết yếu","190 Bùi Tấn Diên, phường Liên Chiểu, TP. Đà Nẵng","Nguyễn Lương Bằng","Phường Liên Chiểu","OpenStreetMap","boundary_confirmed","16.04404","108.16928",""
"osm-14031031805","COMIC Homestay","living_service","Tiện ích dân sinh","Đường Nguyễn Lương Bằng, phường Liên Chiểu, TP. Đà Nẵng","Nguyễn Lương Bằng","Phường Liên Chiểu","OpenStreetMap","boundary_confirmed","16.07348","108.15578",""
"osm-14063539845","MINI MART","market","Chợ & Mua sắm thiết yếu","Đường Nguyễn Lương Bằng, phường Liên Chiểu, TP. Đà Nẵng","Nguyễn Lương Bằng","Phường Liên Chiểu","OpenStreetMap","boundary_confirmed","16.05641","108.17226",""
"osm-14063548122","Five Star","food","Ẩm thực & Đời sống","Đường Nguyễn Lương Bằng, phường Liên Chiểu, TP. Đà Nẵng","Nguyễn Lương Bằng","Phường Liên Chiểu","OpenStreetMap","boundary_confirmed","16.0564","108.17227",""
"osm-14081722802","Phuong Anh 7","living_service","Tiện ích dân sinh","30 Đường Nam Trân, phường Liên Chiểu, TP. Đà Nẵng","Nguyễn Lương Bằng","Phường Liên Chiểu","OpenStreetMap","boundary_confirmed","16.05917","108.17203",""
"osm-14081784201","Kent Mart","market","Chợ & Mua sắm thiết yếu","38 Đường Nam Trân, phường Liên Chiểu, TP. Đà Nẵng","Nguyễn Lương Bằng","Phường Liên Chiểu","OpenStreetMap","boundary_confirmed","16.05924","108.17201",""
"osm-14081882001","Anh Quan","market","Chợ & Mua sắm thiết yếu","28 Đường Nam Trân, phường Liên Chiểu, TP. Đà Nẵng","Nguyễn Lương Bằng","Phường Liên Chiểu","OpenStreetMap","boundary_confirmed","16.05904","108.17205",""
"osm-14084534201","An Khang","healthcare","Y tế & Sức khỏe","Đường Nguyễn Lương Bằng, phường Liên Chiểu, TP. Đà Nẵng","Nguyễn Lương Bằng","Phường Liên Chiểu","OpenStreetMap","boundary_confirmed","16.05959","108.17165",""
"osm-14091925704","Mr diy","market","Chợ & Mua sắm thiết yếu","Đường Nguyễn Lương Bằng, phường Liên Chiểu, TP. Đà Nẵng","Nguyễn Lương Bằng","Phường Liên Chiểu","OpenStreetMap","boundary_confirmed","16.05786","108.17323",""
"osm-14186979103","Mona coffee","food","Ẩm thực & Đời sống","33 Đường Nam Trân, phường Liên Chiểu, TP. Đà Nẵng","Nguyễn Lương Bằng","Phường Liên Chiểu","OpenStreetMap","boundary_confirmed","16.05898","108.17179",""
"osm-14186980401","Thien Com Tam Sai Gon","food","Ẩm thực & Đời sống","2 Đường Nam Trân, phường Liên Chiểu, TP. Đà Nẵng","Nguyễn Lương Bằng","Phường Liên Chiểu","OpenStreetMap","boundary_confirmed","16.05806","108.1724",""
"osm-14186980501","Winmart","market","Chợ & Mua sắm thiết yếu","Đường Nguyễn Lương Bằng, phường Liên Chiểu, TP. Đà Nẵng","Nguyễn Lương Bằng","Phường Liên Chiểu","OpenStreetMap","boundary_confirmed","16.05935","108.17015",""
"osm-118777644","Khu F","living_service","Tiện ích dân sinh","Đường Nguyễn Lương Bằng, phường Liên Chiểu, TP. Đà Nẵng","Nguyễn Lương Bằng","Phường Liên Chiểu","OpenStreetMap","boundary_confirmed","16.07554","108.15199",""
"osm-118777655","Nhà 3","living_service","Tiện ích dân sinh","Đường Nguyễn Lương Bằng, phường Liên Chiểu, TP. Đà Nẵng","Nguyễn Lương Bằng","Phường Liên Chiểu","OpenStreetMap","boundary_confirmed","16.07179","108.15385",""
"osm-118777656","Nhà 4","living_service","Tiện ích dân sinh","Đường Nguyễn Lương Bằng, phường Liên Chiểu, TP. Đà Nẵng","Nguyễn Lương Bằng","Phường Liên Chiểu","OpenStreetMap","boundary_confirmed","16.07222","108.15414",""
"osm-118777657","Nhà 1","living_service","Tiện ích dân sinh","Đường Nguyễn Lương Bằng, phường Liên Chiểu, TP. Đà Nẵng","Nguyễn Lương Bằng","Phường Liên Chiểu","OpenStreetMap","boundary_confirmed","16.07273","108.15327",""
"osm-118777685","Nhà 2","living_service","Tiện ích dân sinh","Đường Nguyễn Lương Bằng, phường Liên Chiểu, TP. Đà Nẵng","Nguyễn Lương Bằng","Phường Liên Chiểu","OpenStreetMap","boundary_confirmed","16.07293","108.1538",""
"osm-118777695","Nhà 5","living_service","Tiện ích dân sinh","Đường Nguyễn Lương Bằng, phường Liên Chiểu, TP. Đà Nẵng","Nguyễn Lương Bằng","Phường Liên Chiểu","OpenStreetMap","boundary_confirmed","16.07329","108.15262",""
"osm-256668716","Bến Xe Trung Tâm Đà Nẵng","living_service","Tiện ích dân sinh","Đường Nguyễn Lương Bằng, phường Liên Chiểu, TP. Đà Nẵng","Nguyễn Lương Bằng","Phường Liên Chiểu","OpenStreetMap","boundary_confirmed","16.05499","108.17338",""
"osm-372311082","Chùa Bồ Đề","community","Cộng đồng & Hành chính","Đường Nguyễn Lương Bằng, phường Liên Chiểu, TP. Đà Nẵng","Nguyễn Lương Bằng","Phường Liên Chiểu","OpenStreetMap","boundary_confirmed","16.06543","108.17261",""
"osm-372316060","Bệnh viện Phổi Đà Nẵng","healthcare","Y tế & Sức khỏe","Đường Nguyễn Lương Bằng, phường Liên Chiểu, TP. Đà Nẵng","Nguyễn Lương Bằng","Phường Liên Chiểu","OpenStreetMap","boundary_confirmed","16.04803","108.17055",""
"osm-404706423","Trường Trung học phổ thông Nguyễn Trãi","education","Giáo dục & Học tập","Đường Đường Phan Văn Định, phường Liên Chiểu, TP. Đà Nẵng","Phan Văn Định","Phường Liên Chiểu","OpenStreetMap","boundary_confirmed","16.08866","108.14519",""
"osm-404708686","Trung tâm Huấn luyện vận động viên trẻ Quốc gia","living_service","Tiện ích dân sinh","Đường Nguyễn Lương Bằng, phường Liên Chiểu, TP. Đà Nẵng","Nguyễn Lương Bằng","Phường Liên Chiểu","OpenStreetMap","boundary_confirmed","16.07037","108.17934",""
"osm-495413658","Trường Nguyễn Như Hạnh","living_service","Tiện ích dân sinh","Đường Nguyễn Lương Bằng, phường Liên Chiểu, TP. Đà Nẵng","Nguyễn Lương Bằng","Phường Liên Chiểu","OpenStreetMap","boundary_confirmed","16.05408","108.18015",""
"osm-525890735","Khách Sạn Phú Lộc Phát","living_service","Tiện ích dân sinh","1999 Nguyễn Tất Thành, phường Liên Chiểu, TP. Đà Nẵng","Nguyễn Lương Bằng","Phường Liên Chiểu","OpenStreetMap","boundary_confirmed","16.07604","108.17681",""
"osm-635620774","Giáo xứ An Ngãi Đông","community","Cộng đồng & Hành chính","Đường Đường Âu Cơ, phường Liên Chiểu, TP. Đà Nẵng","Âu Cơ","Phường Liên Chiểu","OpenStreetMap","boundary_confirmed","16.07631","108.11459",""
"osm-693571401","WinMart+","market","Chợ & Mua sắm thiết yếu","Đường Đường Lý Thái Tông, phường Liên Chiểu, TP. Đà Nẵng","Nguyễn Lương Bằng","Phường Liên Chiểu","OpenStreetMap","boundary_confirmed","16.0727","108.17436",""
"osm-693583346","Petrolimex","living_service","Tiện ích dân sinh","Đường Đường Nguyễn Văn Cừ, phường Liên Chiểu, TP. Đà Nẵng","Nguyễn Lương Bằng","Phường Liên Chiểu","OpenStreetMap","boundary_confirmed","16.12697","108.11909",""
"osm-694333640","PV Oil","living_service","Tiện ích dân sinh","Đường Đường Nguyễn Lương Bằng, phường Liên Chiểu, TP. Đà Nẵng","Nguyễn Lương Bằng","Phường Liên Chiểu","OpenStreetMap","boundary_confirmed","16.09252","108.14074",""
"osm-694333642","Petrolinex","living_service","Tiện ích dân sinh","Đường Đường Nguyễn Lương Bằng, phường Liên Chiểu, TP. Đà Nẵng","Nguyễn Lương Bằng","Phường Liên Chiểu","OpenStreetMap","boundary_confirmed","16.09494","108.13796",""
"osm-694361500","Petrolimex","living_service","Tiện ích dân sinh","Đường Đường Nguyễn Chánh, phường Liên Chiểu, TP. Đà Nẵng","Nguyễn Lương Bằng","Phường Liên Chiểu","OpenStreetMap","boundary_confirmed","16.08777","108.15409",""
"osm-694831668","Petrolimex","living_service","Tiện ích dân sinh","Đường Đường Hòa An 19, phường Liên Chiểu, TP. Đà Nẵng","Nguyễn Lương Bằng","Phường Liên Chiểu","OpenStreetMap","boundary_confirmed","16.04765","108.17966",""
"osm-696751579","Cây xăng Gia Nguyễn Tâm","living_service","Tiện ích dân sinh","Đường Đường Nguyễn Tất Thành, phường Liên Chiểu, TP. Đà Nẵng","Nguyễn Lương Bằng","Phường Liên Chiểu","OpenStreetMap","boundary_confirmed","16.10305","108.12004",""
"osm-834422404","EKOCENTER playground","park","Công viên & Không gian công cộng","Đường Nguyễn Lương Bằng, phường Liên Chiểu, TP. Đà Nẵng","Nguyễn Lương Bằng","Phường Liên Chiểu","OpenStreetMap","boundary_confirmed","16.07411","108.17001",""
"osm-834483808","Giáo xứ Hoà Minh","community","Cộng đồng & Hành chính","Đường Nguyễn Lương Bằng, phường Liên Chiểu, TP. Đà Nẵng","Nguyễn Lương Bằng","Phường Liên Chiểu","OpenStreetMap","boundary_confirmed","16.07083","108.17186",""
"osm-843007161","Chùa Phục Đán","community","Cộng đồng & Hành chính","Đường Nguyễn Lương Bằng, phường Liên Chiểu, TP. Đà Nẵng","Nguyễn Lương Bằng","Phường Liên Chiểu","OpenStreetMap","boundary_confirmed","16.07495","108.17505",""
"osm-875179296","Trường Cao đẳng Thương mại Đà Nẵng","education","Giáo dục & Học tập","Đường Nguyễn Lương Bằng, phường Liên Chiểu, TP. Đà Nẵng","Nguyễn Lương Bằng","Phường Liên Chiểu","OpenStreetMap","boundary_confirmed","16.07165","108.17809",""
"osm-909016588","Hoà Sơn","education","Giáo dục & Học tập","Đường Nguyễn Lương Bằng, phường Liên Chiểu, TP. Đà Nẵng","Nguyễn Lương Bằng","Phường Liên Chiểu","OpenStreetMap","boundary_confirmed","16.07756","108.11088",""
"osm-962134785","Quảng trường Tượng Đài","park","Công viên & Không gian công cộng","Đường Nguyễn Lương Bằng, phường Liên Chiểu, TP. Đà Nẵng","Nguyễn Lương Bằng","Phường Liên Chiểu","OpenStreetMap","boundary_confirmed","16.06546","108.15364",""
"osm-968341208","Khu H","living_service","Tiện ích dân sinh","Đường Nguyễn Lương Bằng, phường Liên Chiểu, TP. Đà Nẵng","Nguyễn Lương Bằng","Phường Liên Chiểu","OpenStreetMap","boundary_confirmed","16.07622","108.15197",""
"osm-968341209","Khu C - Khối A","living_service","Tiện ích dân sinh","Đường Nguyễn Lương Bằng, phường Liên Chiểu, TP. Đà Nẵng","Nguyễn Lương Bằng","Phường Liên Chiểu","OpenStreetMap","boundary_confirmed","16.07463","108.15303",""
"osm-968341210","Khu C - Khối D","living_service","Tiện ích dân sinh","Đường Nguyễn Lương Bằng, phường Liên Chiểu, TP. Đà Nẵng","Nguyễn Lương Bằng","Phường Liên Chiểu","OpenStreetMap","boundary_confirmed","16.07422","108.15242",""
"osm-968341211","Khu B","living_service","Tiện ích dân sinh","Đường Nguyễn Lương Bằng, phường Liên Chiểu, TP. Đà Nẵng","Nguyễn Lương Bằng","Phường Liên Chiểu","OpenStreetMap","boundary_confirmed","16.07497","108.15164",""
"osm-968341220","Khu C - Khối C","living_service","Tiện ích dân sinh","Đường Nguyễn Lương Bằng, phường Liên Chiểu, TP. Đà Nẵng","Nguyễn Lương Bằng","Phường Liên Chiểu","OpenStreetMap","boundary_confirmed","16.0745","108.15253",""
"osm-968341221","Nhà khách sinh viên quốc tế","living_service","Tiện ích dân sinh","Đường Nguyễn Lương Bằng, phường Liên Chiểu, TP. Đà Nẵng","Nguyễn Lương Bằng","Phường Liên Chiểu","OpenStreetMap","boundary_confirmed","16.07386","108.15331",""
"osm-968341225","Khu C - Khối B","living_service","Tiện ích dân sinh","Đường Nguyễn Lương Bằng, phường Liên Chiểu, TP. Đà Nẵng","Nguyễn Lương Bằng","Phường Liên Chiểu","OpenStreetMap","boundary_confirmed","16.07459","108.15283",""
"osm-968341226","Khu E","living_service","Tiện ích dân sinh","Đường Nguyễn Lương Bằng, phường Liên Chiểu, TP. Đà Nẵng","Nguyễn Lương Bằng","Phường Liên Chiểu","OpenStreetMap","boundary_confirmed","16.07501","108.15447",""
"osm-968341228","Trường Đại học Bách khoa - Đại học Đà Nẵng","education","Giáo dục & Học tập","54 Đường Nguyễn Lương Bằng, phường Liên Chiểu, TP. Đà Nẵng","Nguyễn Lương Bằng","Phường Liên Chiểu","OpenStreetMap","boundary_confirmed","16.07498","108.15264",""
"osm-968341233","Khu C - Khối E","living_service","Tiện ích dân sinh","Đường Nguyễn Lương Bằng, phường Liên Chiểu, TP. Đà Nẵng","Nguyễn Lương Bằng","Phường Liên Chiểu","OpenStreetMap","boundary_confirmed","16.0743","108.15277",""
"osm-968341235","Khu D","living_service","Tiện ích dân sinh","Đường Nguyễn Lương Bằng, phường Liên Chiểu, TP. Đà Nẵng","Nguyễn Lương Bằng","Phường Liên Chiểu","OpenStreetMap","boundary_confirmed","16.07708","108.15257",""
"osm-968341885","Khu E","living_service","Tiện ích dân sinh","Đường Nguyễn Lương Bằng, phường Liên Chiểu, TP. Đà Nẵng","Nguyễn Lương Bằng","Phường Liên Chiểu","OpenStreetMap","boundary_confirmed","16.07453","108.15384",""
"osm-982766467","Khu B","living_service","Tiện ích dân sinh","Đường Nguyễn Lương Bằng, phường Liên Chiểu, TP. Đà Nẵng","Nguyễn Lương Bằng","Phường Liên Chiểu","OpenStreetMap","boundary_confirmed","16.0498","108.15816",""
"osm-982766470","Bãi xe","living_service","Tiện ích dân sinh","Đường Nguyễn Lương Bằng, phường Liên Chiểu, TP. Đà Nẵng","Nguyễn Lương Bằng","Phường Liên Chiểu","OpenStreetMap","boundary_confirmed","16.0497","108.15863",""
"osm-982766471","Bãi xe","living_service","Tiện ích dân sinh","Đường Nguyễn Lương Bằng, phường Liên Chiểu, TP. Đà Nẵng","Nguyễn Lương Bằng","Phường Liên Chiểu","OpenStreetMap","boundary_confirmed","16.04991","108.1587",""
"osm-982766472","Bãi xe","living_service","Tiện ích dân sinh","Đường Nguyễn Lương Bằng, phường Liên Chiểu, TP. Đà Nẵng","Nguyễn Lương Bằng","Phường Liên Chiểu","OpenStreetMap","boundary_confirmed","16.04974","108.15875",""
"osm-982766479","Khu C","living_service","Tiện ích dân sinh","Đường Nguyễn Lương Bằng, phường Liên Chiểu, TP. Đà Nẵng","Nguyễn Lương Bằng","Phường Liên Chiểu","OpenStreetMap","boundary_confirmed","16.04879","108.15862",""
"osm-982766480","Căn tin","living_service","Tiện ích dân sinh","Đường Đường Hoàng Minh Thảo, phường Liên Chiểu, TP. Đà Nẵng","Nguyễn Lương Bằng","Phường Liên Chiểu","OpenStreetMap","boundary_confirmed","16.04903","108.15823",""
"osm-982766483","Khu F","living_service","Tiện ích dân sinh","Đường Nguyễn Lương Bằng, phường Liên Chiểu, TP. Đà Nẵng","Nguyễn Lương Bằng","Phường Liên Chiểu","OpenStreetMap","boundary_confirmed","16.0495","108.15942",""
"osm-982766484","Khu G","living_service","Tiện ích dân sinh","Đường Nguyễn Lương Bằng, phường Liên Chiểu, TP. Đà Nẵng","Nguyễn Lương Bằng","Phường Liên Chiểu","OpenStreetMap","boundary_confirmed","16.04966","108.15995",""
"osm-982766485","Khu D","living_service","Tiện ích dân sinh","Đường Nguyễn Lương Bằng, phường Liên Chiểu, TP. Đà Nẵng","Nguyễn Lương Bằng","Phường Liên Chiểu","OpenStreetMap","boundary_confirmed","16.04908","108.15957",""
"osm-982766486","Khu E","living_service","Tiện ích dân sinh","Đường Nguyễn Lương Bằng, phường Liên Chiểu, TP. Đà Nẵng","Nguyễn Lương Bằng","Phường Liên Chiểu","OpenStreetMap","boundary_confirmed","16.04922","108.16006",""
"osm-982766489","Khu bảo vệ","living_service","Tiện ích dân sinh","Đường Đường Hoàng Minh Thảo, phường Liên Chiểu, TP. Đà Nẵng","Nguyễn Lương Bằng","Phường Liên Chiểu","OpenStreetMap","boundary_confirmed","16.04934","108.16045",""
"osm-982766509","Bãi xe","living_service","Tiện ích dân sinh","Đường Nguyễn Lương Bằng, phường Liên Chiểu, TP. Đà Nẵng","Nguyễn Lương Bằng","Phường Liên Chiểu","OpenStreetMap","boundary_confirmed","16.04987","108.15858",""
"osm-984184951","Khu A","living_service","Tiện ích dân sinh","Đường Nguyễn Lương Bằng, phường Liên Chiểu, TP. Đà Nẵng","Nguyễn Lương Bằng","Phường Liên Chiểu","OpenStreetMap","boundary_confirmed","16.04908","108.15852",""
"osm-984184952","Bãi xe","living_service","Tiện ích dân sinh","Đường Nguyễn Lương Bằng, phường Liên Chiểu, TP. Đà Nẵng","Nguyễn Lương Bằng","Phường Liên Chiểu","OpenStreetMap","boundary_confirmed","16.04933","108.15845",""
"osm-1016757141","Học viện Chính sách và Phát triển – Phân hiệu thành phố Đà Nẵng","education","Giáo dục & Học tập","Đường Nguyễn Lương Bằng, phường Liên Chiểu, TP. Đà Nẵng","Nguyễn Lương Bằng","Phường Liên Chiểu","OpenStreetMap","boundary_confirmed","16.07582","108.14722",""
"osm-1067047505","Trường Cao đẳng Giao thông vận tải Trung ương V","education","Giáo dục & Học tập","Đường Nguyễn Lương Bằng, phường Liên Chiểu, TP. Đà Nẵng","Nguyễn Lương Bằng","Phường Liên Chiểu","OpenStreetMap","boundary_confirmed","16.12308","108.11675",""
"osm-1067451952","Phân hiệu Trường Đại học Xây dựng Miền Trung tại Đà Nẵng","education","Giáo dục & Học tập","Đường Nguyễn Lương Bằng, phường Liên Chiểu, TP. Đà Nẵng","Nguyễn Lương Bằng","Phường Liên Chiểu","OpenStreetMap","boundary_confirmed","16.10158","108.13683",""
"osm-1098017439","Mikazuki Đà Nẵng Hotel","living_service","Tiện ích dân sinh","Đường Nguyễn Lương Bằng, phường Liên Chiểu, TP. Đà Nẵng","Nguyễn Lương Bằng","Phường Liên Chiểu","OpenStreetMap","boundary_confirmed","16.09358","108.14436",""
"osm-1098017450","Waterpark 365 Mikazuki Hotel","living_service","Tiện ích dân sinh","Đường Nguyễn Lương Bằng, phường Liên Chiểu, TP. Đà Nẵng","Nguyễn Lương Bằng","Phường Liên Chiểu","OpenStreetMap","boundary_confirmed","16.09265","108.14366",""
"osm-1098017454","Sông Lười","living_service","Tiện ích dân sinh","Đường Nguyễn Lương Bằng, phường Liên Chiểu, TP. Đà Nẵng","Nguyễn Lương Bằng","Phường Liên Chiểu","OpenStreetMap","boundary_confirmed","16.09428","108.1451",""
"osm-1126051204","Trường Trung học phổ thông Liên Chiểu","education","Giáo dục & Học tập","Đường Nguyễn Lương Bằng, phường Liên Chiểu, TP. Đà Nẵng","Nguyễn Lương Bằng","Phường Liên Chiểu","OpenStreetMap","boundary_confirmed","16.10213","108.13301",""
"osm-1126051205","Trường Trung học phổ thông Nguyễn Thượng Hiền","education","Giáo dục & Học tập","Đường Nguyễn Lương Bằng, phường Liên Chiểu, TP. Đà Nẵng","Nguyễn Lương Bằng","Phường Liên Chiểu","OpenStreetMap","boundary_confirmed","16.05753","108.16249",""
"osm-1126051208","Trường Trung học phổ thông Phạm Phú Thứ","education","Giáo dục & Học tập","Đường Nguyễn Lương Bằng, phường Liên Chiểu, TP. Đà Nẵng","Nguyễn Lương Bằng","Phường Liên Chiểu","OpenStreetMap","boundary_confirmed","16.07434","108.11046",""
"osm-1126051209","Trường Trung học cơ sở Trần Quang Khải","education","Giáo dục & Học tập","Đường Nguyễn Lương Bằng, phường Liên Chiểu, TP. Đà Nẵng","Nguyễn Lương Bằng","Phường Liên Chiểu","OpenStreetMap","boundary_confirmed","16.07332","108.10961",""
"osm-1226646126","Bệnh viện Ung bướu Đà Nẵng","healthcare","Y tế & Sức khỏe","Đường Nguyễn Lương Bằng, phường Liên Chiểu, TP. Đà Nẵng","Nguyễn Lương Bằng","Phường Liên Chiểu","OpenStreetMap","boundary_confirmed","16.06971","108.16392",""
"osm-1226646130","Bệnh viện Tâm thần thành phố Đà Nẵng","healthcare","Y tế & Sức khỏe","193 Nguyễn Lương Bằng, phường Liên Chiểu, TP. Đà Nẵng","Nguyễn Lương Bằng","Phường Liên Chiểu","OpenStreetMap","boundary_confirmed","16.07954","108.14592",""
"osm-1226646132","Bệnh viện Đa khoa Nam Liên Chiểu","healthcare","Y tế & Sức khỏe","Đường Nguyễn Lương Bằng, phường Liên Chiểu, TP. Đà Nẵng","Nguyễn Lương Bằng","Phường Liên Chiểu","OpenStreetMap","boundary_confirmed","16.05578","108.1622",""
"osm-1226646139","Trung tâm Y tế quận Liên Chiểu","healthcare","Y tế & Sức khỏe","Đường Nguyễn Lương Bằng, phường Liên Chiểu, TP. Đà Nẵng","Nguyễn Lương Bằng","Phường Liên Chiểu","OpenStreetMap","boundary_confirmed","16.06403","108.15544",""
"osm-1243933611","Văn phòng Quản lý đường bộ III.1","community","Cộng đồng & Hành chính","21 Nguyễn Lương Bằng, phường Liên Chiểu, TP. Đà Nẵng","Nguyễn Lương Bằng","Phường Liên Chiểu","OpenStreetMap","boundary_confirmed","16.07229","108.14987",""
"osm-1280524593","Trường Trung học cơ sở Đàm Quang Trung","education","Giáo dục & Học tập","Đường Nguyễn Lương Bằng, phường Liên Chiểu, TP. Đà Nẵng","Nguyễn Lương Bằng","Phường Liên Chiểu","OpenStreetMap","boundary_confirmed","16.10295","108.11693",""
"osm-1280820647","Sân bóng Goden Hill","living_service","Tiện ích dân sinh","Đường Nguyễn Lương Bằng, phường Liên Chiểu, TP. Đà Nẵng","Nguyễn Lương Bằng","Phường Liên Chiểu","OpenStreetMap","boundary_confirmed","16.10375","108.11994",""
"osm-1323574461","Trường Trung học cơ sở Nguyễn Lương Bằng","education","Giáo dục & Học tập","27 Nguyễn Lương Bằng, phường Liên Chiểu, TP. Đà Nẵng","Nguyễn Lương Bằng","Phường Liên Chiểu","OpenStreetMap","boundary_confirmed","16.07246","108.14952",""
"osm-1323574462","Trường Tiểu học Ngô Sỹ Liên","education","Giáo dục & Học tập","52 Nguyễn Lương Bằng, phường Liên Chiểu, TP. Đà Nẵng","Nguyễn Lương Bằng","Phường Liên Chiểu","OpenStreetMap","boundary_confirmed","16.07359","108.15037",""
"osm-1324437219","Trường Trung học cơ sở Nguyễn Thị Định","education","Giáo dục & Học tập","55 Đường Yên Thế, phường Liên Chiểu, TP. Đà Nẵng","Nguyễn Lương Bằng","Phường Liên Chiểu","OpenStreetMap","boundary_confirmed","16.0561","108.17724",""
"osm-1325259072","Trường Trung học cơ sở Ngô Thì Nhậm","education","Giáo dục & Học tập","14 Đường Mộc Bài 5, phường Liên Chiểu, TP. Đà Nẵng","Nguyễn Lương Bằng","Phường Liên Chiểu","OpenStreetMap","boundary_confirmed","16.06842","108.15325",""
"osm-1325264505","Trường Trung học cơ sở Lương Thế Vinh","education","Giáo dục & Học tập","86 Đường Đặng Huy Trứ, phường Liên Chiểu, TP. Đà Nẵng","Nguyễn Lương Bằng","Phường Liên Chiểu","OpenStreetMap","boundary_confirmed","16.08106","108.15851",""
"osm-1325273567","Trường Trung học cơ sở Lê Anh Xuân","education","Giáo dục & Học tập","Đường Đường Xuân Thiều 6, phường Liên Chiểu, TP. Đà Nẵng","Nguyễn Lương Bằng","Phường Liên Chiểu","OpenStreetMap","boundary_confirmed","16.10491","108.13427",""
"osm-1325278260","Trường Trung học cơ sở Nguyễn Thái Bình","education","Giáo dục & Học tập","Đường Nguyễn Lương Bằng, phường Liên Chiểu, TP. Đà Nẵng","Nguyễn Lương Bằng","Phường Liên Chiểu","OpenStreetMap","boundary_confirmed","16.13511","108.11735",""
"osm-1325470875","Trường Trung học cơ sở Nguyễn Chơn","education","Giáo dục & Học tập","Đường Đường Hồ Quý Ly, phường Liên Chiểu, TP. Đà Nẵng","Nguyễn Lương Bằng","Phường Liên Chiểu","OpenStreetMap","boundary_confirmed","16.0724","108.17065",""
"osm-1325635438","Trường Trung học cơ sở Nguyễn Bá Phát","education","Giáo dục & Học tập","Đường Nguyễn Lương Bằng, phường Liên Chiểu, TP. Đà Nẵng","Nguyễn Lương Bằng","Phường Liên Chiểu","OpenStreetMap","boundary_confirmed","16.09722","108.09566",""
"osm-1326192778","Trường Tiểu học Lê Văn Tám","education","Giáo dục & Học tập","Đường Nguyễn Lương Bằng, phường Liên Chiểu, TP. Đà Nẵng","Nguyễn Lương Bằng","Phường Liên Chiểu","OpenStreetMap","boundary_confirmed","16.06999","108.176",""
"osm-1326279033","Chợ Hòa Khánh","market","Chợ & Mua sắm thiết yếu","Đường Nguyễn Lương Bằng, phường Liên Chiểu, TP. Đà Nẵng","Nguyễn Lương Bằng","Phường Liên Chiểu","OpenStreetMap","boundary_confirmed","16.06986","108.1493",""
"osm-1328598268","Sở Y tế thành phố Đà Nẵg","community","Cộng đồng & Hành chính","168 Đường Nguyễn Sinh Sắc, phường Liên Chiểu, TP. Đà Nẵng","Nguyễn Lương Bằng","Phường Liên Chiểu","OpenStreetMap","boundary_confirmed","16.07304","108.15856",""
"osm-1328600122","Trường Tiểu học Nguyễn Đức Cảnh","education","Giáo dục & Học tập","Đường Nguyễn Lương Bằng, phường Liên Chiểu, TP. Đà Nẵng","Nguyễn Lương Bằng","Phường Liên Chiểu","OpenStreetMap","boundary_confirmed","16.07644","108.16574",""
"osm-1332826641","Trường Tiểu học Võ Thị Sáu","education","Giáo dục & Học tập","Đường Nguyễn Lương Bằng, phường Liên Chiểu, TP. Đà Nẵng","Nguyễn Lương Bằng","Phường Liên Chiểu","OpenStreetMap","boundary_confirmed","16.08043","108.15496",""
"osm-1473492943","MM Supercentre","market","Chợ & Mua sắm thiết yếu","Đường Nguyễn Lương Bằng, phường Liên Chiểu, TP. Đà Nẵng","Nguyễn Lương Bằng","Phường Liên Chiểu","OpenStreetMap","boundary_confirmed","16.06712","108.15544",""
"osm-1482179690","THCS Đỗ Đăng Tuyển","education","Giáo dục & Học tập","Đường Nguyễn Lương Bằng, phường Liên Chiểu, TP. Đà Nẵng","Nguyễn Lương Bằng","Phường Liên Chiểu","OpenStreetMap","boundary_confirmed","16.0713","108.17708",""
"osm-1500662957","PERLA HOME","living_service","Tiện ích dân sinh","Đường Nguyễn Lương Bằng, phường Liên Chiểu, TP. Đà Nẵng","Nguyễn Lương Bằng","Phường Liên Chiểu","OpenStreetMap","boundary_confirmed","16.09189","108.1476",""
"osm-1522241572","Trạm Kiểm dịch động vật Kim Liên","community","Cộng đồng & Hành chính","Đường Nguyễn Lương Bằng, phường Liên Chiểu, TP. Đà Nẵng","Nguyễn Lương Bằng","Phường Liên Chiểu","OpenStreetMap","boundary_confirmed","16.12775","108.09922",""
"osm-1536484324","Tòa án nhân dân khu vực 4 - Đà Nẵng","living_service","Tiện ích dân sinh","2 Đường Trương Văn Đa, phường Liên Chiểu, TP. Đà Nẵng","Nguyễn Lương Bằng","Phường Liên Chiểu","OpenStreetMap","boundary_confirmed","16.06987","108.15421",""
"osm-1541277103","COM NHA CO NGA","food","Ẩm thực & Đời sống","Đường Nguyễn Lương Bằng, phường Liên Chiểu, TP. Đà Nẵng","Nguyễn Lương Bằng","Phường Liên Chiểu","OpenStreetMap","boundary_confirmed","16.07244","108.15639",""
"osm-1544403048","BÁCH HOÁ XANH TRẦN ĐÌNH TRI","market","Chợ & Mua sắm thiết yếu","Đường Nguyễn Lương Bằng, phường Liên Chiểu, TP. Đà Nẵng","Nguyễn Lương Bằng","Phường Liên Chiểu","OpenStreetMap","boundary_confirmed","16.0843","108.1586",""
"osm-1551512250","Chợ Hòa An","market","Chợ & Mua sắm thiết yếu","Đường Nguyễn Lương Bằng, phường Liên Chiểu, TP. Đà Nẵng","Nguyễn Lương Bằng","Phường Liên Chiểu","OpenStreetMap","boundary_confirmed","16.05891","108.17619",""
"osm-1551522687","Chợ Nam Ô","market","Chợ & Mua sắm thiết yếu","Đường Nguyễn Lương Bằng, phường Liên Chiểu, TP. Đà Nẵng","Nguyễn Lương Bằng","Phường Liên Chiểu","OpenStreetMap","boundary_confirmed","16.10607","108.13383",""
"osm-1551522689","Phân hiệu Cao đẳng Đường sắt Đà Nẵng","education","Giáo dục & Học tập","Đường Nguyễn Lương Bằng, phường Liên Chiểu, TP. Đà Nẵng","Nguyễn Lương Bằng","Phường Liên Chiểu","OpenStreetMap","boundary_confirmed","16.12671","108.12227",""
"osm-1551522691","Chợ Hòa Mỹ","market","Chợ & Mua sắm thiết yếu","Đường Nguyễn Lương Bằng, phường Liên Chiểu, TP. Đà Nẵng","Nguyễn Lương Bằng","Phường Liên Chiểu","OpenStreetMap","boundary_confirmed","16.05892","108.1701",""
"osm-1551964032","Khu S","living_service","Tiện ích dân sinh","Đường Nguyễn Lương Bằng, phường Liên Chiểu, TP. Đà Nẵng","Nguyễn Lương Bằng","Phường Liên Chiểu","OpenStreetMap","boundary_confirmed","16.07495","108.15415",""
"osm-1554188424","Trung tâm Thể thao SHB Đà Nẵng","living_service","Tiện ích dân sinh","Đường Nguyễn Lương Bằng, phường Liên Chiểu, TP. Đà Nẵng","Nguyễn Lương Bằng","Phường Liên Chiểu","OpenStreetMap","boundary_confirmed","16.04336","108.15596",""
"osm-4328547271","HÀNG MẮM NHI HUẾ","living_service","Tiện ích dân sinh","25 Nguyễn Cảnh Chân, phường Liên Chiểu, TP. Đà Nẵng","Nguyễn Cảnh Chân","Phường Liên Chiểu","OpenStreetMap","boundary_confirmed","16.06981","108.14966",""
"osm-4725820721","Hòa Sơn","living_service","Tiện ích dân sinh","Đường Nguyễn Lương Bằng, phường Liên Chiểu, TP. Đà Nẵng","Nguyễn Lương Bằng","Phường Liên Chiểu","OpenStreetMap","boundary_confirmed","16.06836","108.1068",""
"osm-6151755226","��ường Tốt Động","living_service","Tiện ích dân sinh","Đường Tốt Động, phường Liên Chiểu, TP. Đà Nẵng","Tốt Động","Phường Liên Chiểu","OpenStreetMap","boundary_confirmed","16.0722","108.16332",""
"osm-6514156827","Đường Tốt Động","living_service","Tiện ích dân sinh","Đường Tốt Động, phường Liên Chiểu, TP. Đà Nẵng","Tốt Động","Phường Liên Chiểu","OpenStreetMap","boundary_confirmed","16.07235","108.16342",""
"osm-7814799866","Khu Chung cư Hòa Hiệp Nam","living_service","Tiện ích dân sinh","Đường Nguyễn Lương Bằng, phường Liên Chiểu, TP. Đà Nẵng","Nguyễn Lương Bằng","Phường Liên Chiểu","OpenStreetMap","boundary_confirmed","16.10844","108.1322",""
"osm-10300586858","Hòa Khánh Bắc","living_service","Tiện ích dân sinh","Đường Nguyễn Lương Bằng, phường Liên Chiểu, TP. Đà Nẵng","Nguyễn Lương Bằng","Phường Liên Chiểu","OpenStreetMap","boundary_confirmed","16.07651","108.14884",""
"osm-10923701386","THIẾT KẾ THI CÔNG SHOP, CỬA HÀNG TẠI ĐÀ NẴNG - TAGIA DECOR","living_service","Tiện ích dân sinh","Đường Nguyễn Lương Bằng, phường Liên Chiểu, TP. Đà Nẵng","Nguyễn Lương Bằng","Phường Liên Chiểu","OpenStreetMap","boundary_confirmed","16.06409","108.16299",""
"osm-11214899105","Liên Chiểu","living_service","Tiện ích dân sinh","Đường Nguyễn Lương Bằng, phường Liên Chiểu, TP. Đà Nẵng","Nguyễn Lương Bằng","Phường Liên Chiểu","OpenStreetMap","boundary_confirmed","16.07671","108.13924",""
"osm-11782033184","Siêu Thị Đan Mart,","living_service","Tiện ích dân sinh","Đường Siêu Thị Đan Mart,, phường Liên Chiểu, TP. Đà Nẵng","Nguyễn Lương Bằng","Phường Liên Chiểu","OpenStreetMap","boundary_confirmed","16.05098","108.16258",""
"osm-11881093504","Ngã ba Nguyễn Tất Thành - Đào Công Soạn","living_service","Tiện ích dân sinh","Đường Nguyễn Lương Bằng, phường Liên Chiểu, TP. Đà Nẵng","Nguyễn Lương Bằng","Phường Liên Chiểu","OpenStreetMap","boundary_confirmed","16.10126","108.13978",""
"osm-11881093505","Mikazuki Water Park","living_service","Tiện ích dân sinh","Đường Nguyễn Lương Bằng, phường Liên Chiểu, TP. Đà Nẵng","Nguyễn Lương Bằng","Phường Liên Chiểu","OpenStreetMap","boundary_confirmed","16.095","108.14599",""
"osm-11881093506","Đối diện 136 Phan Văn Định","living_service","Tiện ích dân sinh","Đường Nguyễn Lương Bằng, phường Liên Chiểu, TP. Đà Nẵng","Nguyễn Lương Bằng","Phường Liên Chiểu","OpenStreetMap","boundary_confirmed","16.09059","108.1482",""
"osm-11881093507","Đối diện 421 Nguyễn Lương Bằng","living_service","Tiện ích dân sinh","Đường Nguyễn Lương Bằng, phường Liên Chiểu, TP. Đà Nẵng","Nguyễn Lương Bằng","Phường Liên Chiểu","OpenStreetMap","boundary_confirmed","16.08646","108.1443",""
"osm-11881093508","339 Nguyễn Lương Bằng","living_service","Tiện ích dân sinh","Đường Nguyễn Lương Bằng, phường Liên Chiểu, TP. Đà Nẵng","Nguyễn Lương Bằng","Phường Liên Chiểu","OpenStreetMap","boundary_confirmed","16.08308","108.14572",""
"osm-11881093509","191 Nguyễn Lương Bằng","living_service","Tiện ích dân sinh","Đường Nguyễn Lương Bằng, phường Liên Chiểu, TP. Đà Nẵng","Nguyễn Lương Bằng","Phường Liên Chiểu","OpenStreetMap","boundary_confirmed","16.07958","108.1471",""
"osm-11881093510","141 Nguyễn Lương Bằng","living_service","Tiện ích dân sinh","Đường Nguyễn Lương Bằng, phường Liên Chiểu, TP. Đà Nẵng","Nguyễn Lương Bằng","Phường Liên Chiểu","OpenStreetMap","boundary_confirmed","16.07631","108.14844",""
"osm-11881093512","27 Nguyễn Lương Bằng","living_service","Tiện ích dân sinh","Đường Nguyễn Lương Bằng, phường Liên Chiểu, TP. Đà Nẵng","Nguyễn Lương Bằng","Phường Liên Chiểu","OpenStreetMap","boundary_confirmed","16.07267","108.14993",""
"osm-11881093514","46 Ngô Thì Nhậm","living_service","Tiện ích dân sinh","Đường Nguyễn Lương Bằng, phường Liên Chiểu, TP. Đà Nẵng","Nguyễn Lương Bằng","Phường Liên Chiểu","OpenStreetMap","boundary_confirmed","16.07033","108.15382",""
"osm-11881093516","Đối diện 246 Hồ Tùng Mậu","living_service","Tiện ích dân sinh","Đường Nguyễn Lương Bằng, phường Liên Chiểu, TP. Đà Nẵng","Nguyễn Lương Bằng","Phường Liên Chiểu","OpenStreetMap","boundary_confirmed","16.0747","108.15829",""
"osm-11881093517","Bệnh viện Ung bướu","living_service","Tiện ích dân sinh","Đường Nguyễn Lương Bằng, phường Liên Chiểu, TP. Đà Nẵng","Nguyễn Lương Bằng","Phường Liên Chiểu","OpenStreetMap","boundary_confirmed","16.07141","108.16417",""
"osm-11881093518","161 Phùng Hưng","living_service","Tiện ích dân sinh","Đường Nguyễn Lương Bằng, phường Liên Chiểu, TP. Đà Nẵng","Nguyễn Lương Bằng","Phường Liên Chiểu","OpenStreetMap","boundary_confirmed","16.07317","108.16658",""
"osm-11881093555","74 Phùng Hưng","living_service","Tiện ích dân sinh","Đường Nguyễn Lương Bằng, phường Liên Chiểu, TP. Đà Nẵng","Nguyễn Lương Bằng","Phường Liên Chiểu","OpenStreetMap","boundary_confirmed","16.07364","108.16679",""
"osm-11881093556","554 Hoàng Thị Loan","living_service","Tiện ích dân sinh","Đường Nguyễn Lương Bằng, phường Liên Chiểu, TP. Đà Nẵng","Nguyễn Lương Bằng","Phường Liên Chiểu","OpenStreetMap","boundary_confirmed","16.07166","108.16424",""
"osm-11881093557","252 Hồ Tùng Mậu","living_service","Tiện ích dân sinh","Đường Nguyễn Lương Bằng, phường Liên Chiểu, TP. Đà Nẵng","Nguyễn Lương Bằng","Phường Liên Chiểu","OpenStreetMap","boundary_confirmed","16.07392","108.15758",""
"osm-11881093558","332 Hồ Tùng Mậu","living_service","Tiện ích dân sinh","Đường Nguyễn Lương Bằng, phường Liên Chiểu, TP. Đà Nẵng","Nguyễn Lương Bằng","Phường Liên Chiểu","OpenStreetMap","boundary_confirmed","16.07206","108.15621",""
"osm-11881093559","63 Ngô Thì Nhậm","living_service","Tiện ích dân sinh","Đường Nguyễn Lương Bằng, phường Liên Chiểu, TP. Đà Nẵng","Nguyễn Lương Bằng","Phường Liên Chiểu","OpenStreetMap","boundary_confirmed","16.07079","108.15442",""
"osm-11881093561","34 Nguyễn Lương Bằng","living_service","Tiện ích dân sinh","Đường Nguyễn Lương Bằng, phường Liên Chiểu, TP. Đà Nẵng","Nguyễn Lương Bằng","Phường Liên Chiểu","OpenStreetMap","boundary_confirmed","16.0727","108.1502",""
"osm-11881093562","138 Nguyễn Lương Bằng","living_service","Tiện ích dân sinh","Đường Nguyễn Lương Bằng, phường Liên Chiểu, TP. Đà Nẵng","Nguyễn Lương Bằng","Phường Liên Chiểu","OpenStreetMap","boundary_confirmed","16.07688","108.14847",""
"osm-11881093563","234 Nguyễn Lương Bằng","living_service","Tiện ích dân sinh","Đường Nguyễn Lương Bằng, phường Liên Chiểu, TP. Đà Nẵng","Nguyễn Lương Bằng","Phường Liên Chiểu","OpenStreetMap","boundary_confirmed","16.08072","108.14691",""
"osm-11881093564","290 Nguyễn Lương Bằng","living_service","Tiện ích dân sinh","Đường Nguyễn Lương Bằng, phường Liên Chiểu, TP. Đà Nẵng","Nguyễn Lương Bằng","Phường Liên Chiểu","OpenStreetMap","boundary_confirmed","16.08306","108.14594",""
"osm-11881093565","380 Nguyễn Lương Bằng","living_service","Tiện ích dân sinh","Đường Nguyễn Lương Bằng, phường Liên Chiểu, TP. Đà Nẵng","Nguyễn Lương Bằng","Phường Liên Chiểu","OpenStreetMap","boundary_confirmed","16.08641","108.14456",""
"osm-11881093566","16 Phan Văn Định","living_service","Tiện ích dân sinh","Đường Nguyễn Lương Bằng, phường Liên Chiểu, TP. Đà Nẵng","Nguyễn Lương Bằng","Phường Liên Chiểu","OpenStreetMap","boundary_confirmed","16.08775","108.1452",""
"osm-11881093567","Cầu vượt đi bộ Mikazuki","living_service","Tiện ích dân sinh","Đường Nguyễn Lương Bằng, phường Liên Chiểu, TP. Đà Nẵng","Nguyễn Lương Bằng","Phường Liên Chiểu","OpenStreetMap","boundary_confirmed","16.09514","108.14625",""
"osm-11881093568","Ngã ba Nguyễn Tất Thành - Đào Công Soạn","living_service","Tiện ích dân sinh","Đường Nguyễn Lương Bằng, phường Liên Chiểu, TP. Đà Nẵng","Nguyễn Lương Bằng","Phường Liên Chiểu","OpenStreetMap","boundary_confirmed","16.1015","108.13993",""
"osm-11886977637","Bệnh viện đa khoa Nam Liên Chiểu","living_service","Tiện ích dân sinh","Đường Nguyễn Lương Bằng, phường Liên Chiểu, TP. Đà Nẵng","Nguyễn Lương Bằng","Phường Liên Chiểu","OpenStreetMap","boundary_confirmed","16.05525","108.16269",""
"osm-11886977648","Đối diện Bệnh viện đa khoa Nam Liên Chiểu","living_service","Tiện ích dân sinh","Đường Nguyễn Lương Bằng, phường Liên Chiểu, TP. Đà Nẵng","Nguyễn Lương Bằng","Phường Liên Chiểu","OpenStreetMap","boundary_confirmed","16.0551","108.16281",""
"osm-11886977657","Trung tâm hành chính Quận Liên Chiểu","living_service","Tiện ích dân sinh","Đường Nguyễn Lương Bằng, phường Liên Chiểu, TP. Đà Nẵng","Nguyễn Lương Bằng","Phường Liên Chiểu","OpenStreetMap","boundary_confirmed","16.07236","108.15978",""
"osm-11886977658","Khu ký túc xá phía Tây","living_service","Tiện ích dân sinh","Đường Nguyễn Lương Bằng, phường Liên Chiểu, TP. Đà Nẵng","Nguyễn Lương Bằng","Phường Liên Chiểu","OpenStreetMap","boundary_confirmed","16.06664","108.1558",""
"osm-11886977660","Trường Đại học Sư phạm - Đại học Đà Nẵng","living_service","Tiện ích dân sinh","Đường Nguyễn Lương Bằng, phường Liên Chiểu, TP. Đà Nẵng","Nguyễn Lương Bằng","Phường Liên Chiểu","OpenStreetMap","boundary_confirmed","16.06253","108.15913",""
"osm-11886977663","64 Hoàng Minh Thảo","living_service","Tiện ích dân sinh","Đường Nguyễn Lương Bằng, phường Liên Chiểu, TP. Đà Nẵng","Nguyễn Lương Bằng","Phường Liên Chiểu","OpenStreetMap","boundary_confirmed","16.05144","108.15986",""
"osm-11886983295","Đối diện 62 Hoàng Minh Thảo","living_service","Tiện ích dân sinh","Đường Nguyễn Lương Bằng, phường Liên Chiểu, TP. Đà Nẵng","Nguyễn Lương Bằng","Phường Liên Chiểu","OpenStreetMap","boundary_confirmed","16.05159","108.15991",""
"osm-11886983300","Đối diện Khu kí túc xá phía Tây","living_service","Tiện ích dân sinh","Đường Nguyễn Lương Bằng, phường Liên Chiểu, TP. Đà Nẵng","Nguyễn Lương Bằng","Phường Liên Chiểu","OpenStreetMap","boundary_confirmed","16.06615","108.15591",""
"osm-11886983302","233 Nguyễn Sinh Sắc","living_service","Tiện ích dân sinh","Đường Nguyễn Lương Bằng, phường Liên Chiểu, TP. Đà Nẵng","Nguyễn Lương Bằng","Phường Liên Chiểu","OpenStreetMap","boundary_confirmed","16.07204","108.16005",""
"osm-11891349387","Đối diện Ngã ba Hoàng Thị Loan - Đặng Minh Khiêm","living_service","Tiện ích dân sinh","Đường Nguyễn Lương Bằng, phường Liên Chiểu, TP. Đà Nẵng","Nguyễn Lương Bằng","Phường Liên Chiểu","OpenStreetMap","boundary_confirmed","16.06843","108.16873",""
"osm-11891349409","Ngã ba Hoàng Thị Loan - Đặng Minh Khiêm","living_service","Tiện ích dân sinh","Đường Nguyễn Lương Bằng, phường Liên Chiểu, TP. Đà Nẵng","Nguyễn Lương Bằng","Phường Liên Chiểu","OpenStreetMap","boundary_confirmed","16.06867","108.16882",""
"osm-11891349422","Đối diện Chợ Hòa Khánh","living_service","Tiện ích dân sinh","Đường Nguyễn Lương Bằng, phường Liên Chiểu, TP. Đà Nẵng","Nguyễn Lương Bằng","Phường Liên Chiểu","OpenStreetMap","boundary_confirmed","16.07089","108.14844",""
"osm-11891349423","240-242 Âu Cơ","living_service","Tiện ích dân sinh","Đường Nguyễn Lương Bằng, phường Liên Chiểu, TP. Đà Nẵng","Nguyễn Lương Bằng","Phường Liên Chiểu","OpenStreetMap","boundary_confirmed","16.07104","108.14343",""
"osm-11891349424","Đối diện 415 Âu Cơ","living_service","Tiện ích dân sinh","Đường Nguyễn Lương Bằng, phường Liên Chiểu, TP. Đà Nẵng","Nguyễn Lương Bằng","Phường Liên Chiểu","OpenStreetMap","boundary_confirmed","16.07444","108.1346",""
"osm-11891349425","Đối diện 519 Âu Cơ - Chợ Thanh Vinh","living_service","Tiện ích dân sinh","Đường Nguyễn Lương Bằng, phường Liên Chiểu, TP. Đà Nẵng","Nguyễn Lương Bằng","Phường Liên Chiểu","OpenStreetMap","boundary_confirmed","16.07598","108.13237",""
"osm-11891349426","Trường Tiểu học Âu Cơ - 548 Âu Cơ","living_service","Tiện ích dân sinh","Đường Nguyễn Lương Bằng, phường Liên Chiểu, TP. Đà Nẵng","Nguyễn Lương Bằng","Phường Liên Chiểu","OpenStreetMap","boundary_confirmed","16.07858","108.1229",""
"osm-11891349427","586 Âu Cơ","living_service","Tiện ích dân sinh","Đường Nguyễn Lương Bằng, phường Liên Chiểu, TP. Đà Nẵng","Nguyễn Lương Bằng","Phường Liên Chiểu","OpenStreetMap","boundary_confirmed","16.07782","108.12022",""
"osm-11891349428","Đối diện Giáo xứ An Ngãi Đông","living_service","Tiện ích dân sinh","Đường Nguyễn Lương Bằng, phường Liên Chiểu, TP. Đà Nẵng","Nguyễn Lương Bằng","Phường Liên Chiểu","OpenStreetMap","boundary_confirmed","16.07684","108.11462",""
"osm-11891349429","Đối diện Trạm y tế Xã Hòa Sơn","living_service","Tiện ích dân sinh","Đường Nguyễn Lương Bằng, phường Liên Chiểu, TP. Đà Nẵng","Nguyễn Lương Bằng","Phường Liên Chiểu","OpenStreetMap","boundary_confirmed","16.07322","108.11055",""
"osm-11891349430","UBND Xã Hòa Sơn","living_service","Tiện ích dân sinh","Đường Nguyễn Lương Bằng, phường Liên Chiểu, TP. Đà Nẵng","Nguyễn Lương Bằng","Phường Liên Chiểu","OpenStreetMap","boundary_confirmed","16.06897","108.107",""
"osm-11891349431","Tạp hóa Thủy Đoàn","living_service","Tiện ích dân sinh","Đường Nguyễn Lương Bằng, phường Liên Chiểu, TP. Đà Nẵng","Nguyễn Lương Bằng","Phường Liên Chiểu","OpenStreetMap","boundary_confirmed","16.07021","108.10482",""
"osm-11891349448","Đối diện Tạp hóa Thủy Đoàn","living_service","Tiện ích dân sinh","Đường Nguyễn Lương Bằng, phường Liên Chiểu, TP. Đà Nẵng","Nguyễn Lương Bằng","Phường Liên Chiểu","OpenStreetMap","boundary_confirmed","16.07005","108.10475",""
"osm-11891349449","UBND Xã Hòa Sơn","living_service","Tiện ích dân sinh","Đường Nguyễn Lương Bằng, phường Liên Chiểu, TP. Đà Nẵng","Nguyễn Lương Bằng","Phường Liên Chiểu","OpenStreetMap","boundary_confirmed","16.06905","108.10725",""
"osm-11891349450","Trạm y tế Xã Hòa Sơn","living_service","Tiện ích dân sinh","Đường Nguyễn Lương Bằng, phường Liên Chiểu, TP. Đà Nẵng","Nguyễn Lương Bằng","Phường Liên Chiểu","OpenStreetMap","boundary_confirmed","16.07308","108.11062",""
"osm-11891349451","Giáo xứ An Ngãi Đông","living_service","Tiện ích dân sinh","Đường Nguyễn Lương Bằng, phường Liên Chiểu, TP. Đà Nẵng","Nguyễn Lương Bằng","Phường Liên Chiểu","OpenStreetMap","boundary_confirmed","16.07672","108.11465",""
"osm-11891349452","919 Âu Cơ","living_service","Tiện ích dân sinh","Đường Nguyễn Lương Bằng, phường Liên Chiểu, TP. Đà Nẵng","Nguyễn Lương Bằng","Phường Liên Chiểu","OpenStreetMap","boundary_confirmed","16.07772","108.12027",""
"osm-11891349453","Đối diện Trường Tiểu học Âu Cơ","living_service","Tiện ích dân sinh","Đường Nguyễn Lương Bằng, phường Liên Chiểu, TP. Đà Nẵng","Nguyễn Lương Bằng","Phường Liên Chiểu","OpenStreetMap","boundary_confirmed","16.07844","108.1228",""
"osm-11891349454","Đối diện Chợ Thanh Vinh","living_service","Tiện ích dân sinh","Đường Nguyễn Lương Bằng, phường Liên Chiểu, TP. Đà Nẵng","Nguyễn Lương Bằng","Phường Liên Chiểu","OpenStreetMap","boundary_confirmed","16.07608","108.13169",""
"osm-11891349455","403 Âu Cơ","living_service","Tiện ích dân sinh","Đường Nguyễn Lương Bằng, phường Liên Chiểu, TP. Đà Nẵng","Nguyễn Lương Bằng","Phường Liên Chiểu","OpenStreetMap","boundary_confirmed","16.07407","108.13494",""
"osm-11891349456","159-161 Âu Cơ","living_service","Tiện ích dân sinh","Đường Nguyễn Lương Bằng, phường Liên Chiểu, TP. Đà Nẵng","Nguyễn Lương Bằng","Phường Liên Chiểu","OpenStreetMap","boundary_confirmed","16.07109","108.14311",""
"osm-11891349457","Chợ Hòa Khánh","living_service","Tiện ích dân sinh","Đường Nguyễn Lương Bằng, phường Liên Chiểu, TP. Đà Nẵng","Nguyễn Lương Bằng","Phường Liên Chiểu","OpenStreetMap","boundary_confirmed","16.07098","108.14887",""
"osm-11894149745","436 Nguyễn Lương Bằng","living_service","Tiện ích dân sinh","Đường Nguyễn Lương Bằng, phường Liên Chiểu, TP. Đà Nẵng","Nguyễn Lương Bằng","Phường Liên Chiểu","OpenStreetMap","boundary_confirmed","16.0903","108.14294",""
"osm-11894149746","546 Nguyễn Lương Bằng","living_service","Tiện ích dân sinh","Đường Nguyễn Lương Bằng, phường Liên Chiểu, TP. Đà Nẵng","Nguyễn Lương Bằng","Phường Liên Chiểu","OpenStreetMap","boundary_confirmed","16.10026","108.13538",""
"osm-11894149747","636 Nguyễn Lương Bằng","living_service","Tiện ích dân sinh","Đường Nguyễn Lương Bằng, phường Liên Chiểu, TP. Đà Nẵng","Nguyễn Lương Bằng","Phường Liên Chiểu","OpenStreetMap","boundary_confirmed","16.10531","108.13292",""
"osm-11894149748","788 Nguyễn Lương Bằng","living_service","Tiện ích dân sinh","Đường Nguyễn Lương Bằng, phường Liên Chiểu, TP. Đà Nẵng","Nguyễn Lương Bằng","Phường Liên Chiểu","OpenStreetMap","boundary_confirmed","16.11085","108.12969",""
"osm-11894149749","922 Nguyễn Lương Bằng","living_service","Tiện ích dân sinh","Đường Nguyễn Lương Bằng, phường Liên Chiểu, TP. Đà Nẵng","Nguyễn Lương Bằng","Phường Liên Chiểu","OpenStreetMap","boundary_confirmed","16.1151","108.12679",""
"osm-11894149757","957 Nguyễn Lương Bằng","living_service","Tiện ích dân sinh","Đường Nguyễn Lương Bằng, phường Liên Chiểu, TP. Đà Nẵng","Nguyễn Lương Bằng","Phường Liên Chiểu","OpenStreetMap","boundary_confirmed","16.11311","108.1282",""
"osm-11894149758","915 Nguyễn Lương Bằng","living_service","Tiện ích dân sinh","Đường Nguyễn Lương Bằng, phường Liên Chiểu, TP. Đà Nẵng","Nguyễn Lương Bằng","Phường Liên Chiểu","OpenStreetMap","boundary_confirmed","16.11103","108.12942",""
"osm-11894149759","817 Nguyễn Lương Bằng","living_service","Tiện ích dân sinh","Đường Nguyễn Lương Bằng, phường Liên Chiểu, TP. Đà Nẵng","Nguyễn Lương Bằng","Phường Liên Chiểu","OpenStreetMap","boundary_confirmed","16.10499","108.13284",""
"osm-11894149760","767 Nguyễn Lương Bằng","living_service","Tiện ích dân sinh","Đường Nguyễn Lương Bằng, phường Liên Chiểu, TP. Đà Nẵng","Nguyễn Lương Bằng","Phường Liên Chiểu","OpenStreetMap","boundary_confirmed","16.10055","108.13497",""
"osm-11894149761","495 Nguyễn Lương Bằng","living_service","Tiện ích dân sinh","Đường Nguyễn Lương Bằng, phường Liên Chiểu, TP. Đà Nẵng","Nguyễn Lương Bằng","Phường Liên Chiểu","OpenStreetMap","boundary_confirmed","16.09005","108.14282",""
"osm-12120464868","Nhà văn hóa thôn Trung Sơn","living_service","Tiện ích dân sinh","Đường Nguyễn Lương Bằng, phường Liên Chiểu, TP. Đà Nẵng","Nguyễn Lương Bằng","Phường Liên Chiểu","OpenStreetMap","boundary_confirmed","16.09763","108.1151",""
"osm-12864059868","Chi Cục Thuế Quận Liên Chiểu Đường Ngô Thì Nhậm","living_service","Tiện ích dân sinh","Đường Chi Cục Thuế Quận Liên Chiểu Đường Ngô Thì Nhậm,, phường Liên Chiểu, TP. Đà Nẵng","Ngô Thì Nhậm","Phường Liên Chiểu","OpenStreetMap","boundary_confirmed","16.07034","108.15446",""
"osm-13031658287","24 Nguyễn Bá Phát","living_service","Tiện ích dân sinh","Đường Nguyễn Lương Bằng, phường Liên Chiểu, TP. Đà Nẵng","Nguyễn Lương Bằng","Phường Liên Chiểu","OpenStreetMap","boundary_confirmed","16.1033","108.13168",""
"osm-13031658288","Kế ngã tư Chung cư Bầu Tràm Lakeside","living_service","Tiện ích dân sinh","Đường Nguyễn Lương Bằng, phường Liên Chiểu, TP. Đà Nẵng","Nguyễn Lương Bằng","Phường Liên Chiểu","OpenStreetMap","boundary_confirmed","16.10055","108.12835",""
"osm-13031658289","Đối diện 9 Mê Linh","living_service","Tiện ích dân sinh","Đường Nguyễn Lương Bằng, phường Liên Chiểu, TP. Đà Nẵng","Nguyễn Lương Bằng","Phường Liên Chiểu","OpenStreetMap","boundary_confirmed","16.09825","108.13474",""
"osm-13031658290","9 Mê Linh","living_service","Tiện ích dân sinh","Đường Nguyễn Lương Bằng, phường Liên Chiểu, TP. Đà Nẵng","Nguyễn Lương Bằng","Phường Liên Chiểu","OpenStreetMap","boundary_confirmed","16.09847","108.1348",""
"osm-13031658291","Kế ngã tư Chung cư Bầu Tràm Lakeside","living_service","Tiện ích dân sinh","Đường Nguyễn Lương Bằng, phường Liên Chiểu, TP. Đà Nẵng","Nguyễn Lương Bằng","Phường Liên Chiểu","OpenStreetMap","boundary_confirmed","16.10049","108.12844",""
"osm-13031658292","43 Nguyễn Bá Phát","living_service","Tiện ích dân sinh","Đường Nguyễn Lương Bằng, phường Liên Chiểu, TP. Đà Nẵng","Nguyễn Lương Bằng","Phường Liên Chiểu","OpenStreetMap","boundary_confirmed","16.10319","108.13172",""
"osm-13139317272","Hòa Khánh","living_service","Tiện ích dân sinh","Đường Nguyễn Lương Bằng, phường Liên Chiểu, TP. Đà Nẵng","Nguyễn Lương Bằng","Phường Liên Chiểu","OpenStreetMap","boundary_confirmed","16.05027","108.15464",""
"osm-13168771536","nhà trọ zone 1991, hồng phước 1, hòa khánh bắc, liên chiểu, đà nẵng,","living_service","Tiện ích dân sinh","Đường nhà trọ zone 1991, hồng phước 1, hòa khánh bắc, liên chiểu, đà nẵng,, phường Liên Chiểu, TP. Đà Nẵng","Hồng Phước 1","Phường Liên Chiểu","OpenStreetMap","boundary_confirmed","16.09085","108.1217",""
"osm-13188521688","lô a1-21 nguyễn sinh sắc, đà nẵng (vcb bẮc Đn),","living_service","Tiện ích dân sinh","Đường lô a1-21 nguyễn sinh sắc, đà nẵng (vcb bẮc Đn),, phường Liên Chiểu, TP. Đà Nẵng","Nguyễn Lương Bằng","Phường Liên Chiểu","OpenStreetMap","boundary_confirmed","16.08012","108.16511",""
"osm-13190531805","toà ct1 chung cư the ori garden, phường hoà hiệp nam, liên chiểu, Đà nẵng,","living_service","Tiện ích dân sinh","Đường toà ct1 chung cư the ori garden,, phường Liên Chiểu, TP. Đà Nẵng","Chung cư The Ori Garden","Phường Liên Chiểu","OpenStreetMap","boundary_confirmed","16.09971","108.12876",""
"osm-13450536773","06 thanh vinh 5,hoà khánh bắc,liên chiểu, Đà nẵng,","living_service","Tiện ích dân sinh","Đường 06 thanh vinh 5,hoà khánh bắc,liên chiểu, Đà nẵng,, phường Liên Chiểu, TP. Đà Nẵng","Thanh Vinh 5","Phường Liên Chiểu","OpenStreetMap","boundary_confirmed","16.07614","108.1288",""
"osm-13801877519","Chung cư Hồ Tùng Mậu","living_service","Tiện ích dân sinh","Đường Nguyễn Lương Bằng, phường Liên Chiểu, TP. Đà Nẵng","Nguyễn Lương Bằng","Phường Liên Chiểu","OpenStreetMap","boundary_confirmed","16.07235","108.15658",""
"osm-52582901","Đường sắt Bắc–Nam","living_service","Tiện ích dân sinh","Đường Nguyễn Lương Bằng, phường Liên Chiểu, TP. Đà Nẵng","Nguyễn Lương Bằng","Phường Liên Chiểu","OpenStreetMap","boundary_confirmed","16.09131","108.14289",""
"osm-118777678","Trung tâm Giáo dục thể chất","living_service","Tiện ích dân sinh","Đường Nguyễn Lương Bằng, phường Liên Chiểu, TP. Đà Nẵng","Nguyễn Lương Bằng","Phường Liên Chiểu","OpenStreetMap","boundary_confirmed","16.07234","108.15491",""
"osm-306989908","Hồ Bàu Tràm","living_service","Tiện ích dân sinh","Đường Nguyễn Lương Bằng, phường Liên Chiểu, TP. Đà Nẵng","Nguyễn Lương Bằng","Phường Liên Chiểu","OpenStreetMap","boundary_confirmed","16.09163","108.13536",""
"osm-404708039","Sông Phú Lộc","living_service","Tiện ích dân sinh","Đường Nguyễn Lương Bằng, phường Liên Chiểu, TP. Đà Nẵng","Nguyễn Lương Bằng","Phường Liên Chiểu","OpenStreetMap","boundary_confirmed","16.07283","108.17308",""
"osm-404717623","Nghĩa trang Công giáo Hòa Sơn","living_service","Tiện ích dân sinh","Đường Nguyễn Lương Bằng, phường Liên Chiểu, TP. Đà Nẵng","Nguyễn Lương Bằng","Phường Liên Chiểu","OpenStreetMap","boundary_confirmed","16.0643","108.10469",""
"osm-479436508","Sông Cu Đê","living_service","Tiện ích dân sinh","Đường Nguyễn Lương Bằng, phường Liên Chiểu, TP. Đà Nẵng","Nguyễn Lương Bằng","Phường Liên Chiểu","OpenStreetMap","boundary_confirmed","16.12216","108.05464",""
"osm-599955940","Xưởng Đá Lộc Nga","living_service","Tiện ích dân sinh","2 Hòa Khê, phường Liên Chiểu, TP. Đà Nẵng","Nguyễn Lương Bằng","Phường Liên Chiểu","OpenStreetMap","boundary_confirmed","16.05756","108.11859",""
"osm-599957656","Cafe BinBin","living_service","Tiện ích dân sinh","Đường Nguyễn Lương Bằng, phường Liên Chiểu, TP. Đà Nẵng","Nguyễn Lương Bằng","Phường Liên Chiểu","OpenStreetMap","boundary_confirmed","16.06957","108.10736",""
"osm-599961387","Factory","living_service","Tiện ích dân sinh","Đường Nguyễn Lương Bằng, phường Liên Chiểu, TP. Đà Nẵng","Nguyễn Lương Bằng","Phường Liên Chiểu","OpenStreetMap","boundary_confirmed","16.0772","108.11437",""
"osm-599961389","Factory","living_service","Tiện ích dân sinh","Đường Nguyễn Lương Bằng, phường Liên Chiểu, TP. Đà Nẵng","Nguyễn Lương Bằng","Phường Liên Chiểu","OpenStreetMap","boundary_confirmed","16.0772","108.1146",""
"osm-599961391","Facotry","living_service","Tiện ích dân sinh","Đường Nguyễn Lương Bằng, phường Liên Chiểu, TP. Đà Nẵng","Nguyễn Lương Bằng","Phường Liên Chiểu","OpenStreetMap","boundary_confirmed","16.07739","108.11465",""
"osm-599961394","Factory","living_service","Tiện ích dân sinh","Đường Nguyễn Lương Bằng, phường Liên Chiểu, TP. Đà Nẵng","Nguyễn Lương Bằng","Phường Liên Chiểu","OpenStreetMap","boundary_confirmed","16.0771","108.11423",""
"osm-599961395","Factory","living_service","Tiện ích dân sinh","Đường Nguyễn Lương Bằng, phường Liên Chiểu, TP. Đà Nẵng","Nguyễn Lương Bằng","Phường Liên Chiểu","OpenStreetMap","boundary_confirmed","16.07706","108.11429",""
"osm-599961397","Factory","living_service","Tiện ích dân sinh","Đường Nguyễn Lương Bằng, phường Liên Chiểu, TP. Đà Nẵng","Nguyễn Lương Bằng","Phường Liên Chiểu","OpenStreetMap","boundary_confirmed","16.07724","108.11416",""
"osm-599970572","House\","living_service","Tiện ích dân sinh","Đường Nguyễn Lương Bằng, phường Liên Chiểu, TP. Đà Nẵng","Nguyễn Lương Bằng","Phường Liên Chiểu","OpenStreetMap","boundary_confirmed","16.05229","108.10837",""
"osm-599975307","Nghĩa trang Thành Phố Đà Nẵng","living_service","Tiện ích dân sinh","Đường Nguyễn Lương Bằng, phường Liên Chiểu, TP. Đà Nẵng","Nguyễn Lương Bằng","Phường Liên Chiểu","OpenStreetMap","boundary_confirmed","16.05838","108.11542",""
"osm-658690646","Duc's house","living_service","Tiện ích dân sinh","Đường Nguyễn Lương Bằng, phường Liên Chiểu, TP. Đà Nẵng","Nguyễn Lương Bằng","Phường Liên Chiểu","OpenStreetMap","boundary_confirmed","16.05597","108.16475",""
"osm-694587692","Cầu Thủy Tú","living_service","Tiện ích dân sinh","Đường Nguyễn Lương Bằng, phường Liên Chiểu, TP. Đà Nẵng","Nguyễn Lương Bằng","Phường Liên Chiểu","OpenStreetMap","boundary_confirmed","16.10648","108.10235",""
"osm-694587693","Cầu Thương Nam Ô","living_service","Tiện ích dân sinh","Đường Nguyễn Lương Bằng, phường Liên Chiểu, TP. Đà Nẵng","Nguyễn Lương Bằng","Phường Liên Chiểu","OpenStreetMap","boundary_confirmed","16.11436","108.10447",""
"osm-696493939","Cầu Trung","living_service","Tiện ích dân sinh","Đường Nguyễn Lương Bằng, phường Liên Chiểu, TP. Đà Nẵng","Nguyễn Lương Bằng","Phường Liên Chiểu","OpenStreetMap","boundary_confirmed","16.05146","108.10493",""
"osm-700426983","Đường sắt Bắc–Nam","living_service","Tiện ích dân sinh","Đường Nguyễn Lương Bằng, phường Liên Chiểu, TP. Đà Nẵng","Nguyễn Lương Bằng","Phường Liên Chiểu","OpenStreetMap","boundary_confirmed","16.06416","108.17153",""
"osm-700426984","Đường sắt Bắc–Nam","living_service","Tiện ích dân sinh","Đường Nguyễn Lương Bằng, phường Liên Chiểu, TP. Đà Nẵng","Nguyễn Lương Bằng","Phường Liên Chiểu","OpenStreetMap","boundary_confirmed","16.06228","108.16213",""
"osm-968341214","Ban Quản lý Ký túc xá","living_service","Tiện ích dân sinh","Đường Nguyễn Lương Bằng, phường Liên Chiểu, TP. Đà Nẵng","Nguyễn Lương Bằng","Phường Liên Chiểu","OpenStreetMap","boundary_confirmed","16.07367","108.15352",""
"osm-968341223","Viện Cơ khí","living_service","Tiện ích dân sinh","Đường Nguyễn Lương Bằng, phường Liên Chiểu, TP. Đà Nẵng","Nguyễn Lương Bằng","Phường Liên Chiểu","OpenStreetMap","boundary_confirmed","16.07608","108.151",""
"osm-1043659299","Căn tin","living_service","Tiện ích dân sinh","Đường Nguyễn Lương Bằng, phường Liên Chiểu, TP. Đà Nẵng","Nguyễn Lương Bằng","Phường Liên Chiểu","OpenStreetMap","boundary_confirmed","16.07365","108.15293",""
"osm-1073913140","Núi Nam Ô","living_service","Tiện ích dân sinh","Đường Nguyễn Lương Bằng, phường Liên Chiểu, TP. Đà Nẵng","Nguyễn Lương Bằng","Phường Liên Chiểu","OpenStreetMap","boundary_confirmed","16.11794","108.1319",""
"osm-1280679818","Tòa nhà Gia Nguyễn Tâm","living_service","Tiện ích dân sinh","Đường Nguyễn Lương Bằng, phường Liên Chiểu, TP. Đà Nẵng","Nguyễn Lương Bằng","Phường Liên Chiểu","OpenStreetMap","boundary_confirmed","16.10324","108.11998",""
"osm-1332821630","Hồ Hoà Khánh Bắc","living_service","Tiện ích dân sinh","Đường Nguyễn Lương Bằng, phường Liên Chiểu, TP. Đà Nẵng","Nguyễn Lương Bằng","Phường Liên Chiểu","OpenStreetMap","boundary_confirmed","16.08026","108.15079",""
"osm-1336817189","Nhà máy Coca-Cola","living_service","Tiện ích dân sinh","Đường Nguyễn Lương Bằng, phường Liên Chiểu, TP. Đà Nẵng","Nguyễn Lương Bằng","Phường Liên Chiểu","OpenStreetMap","boundary_confirmed","16.06161","108.16407",""
"osm-1457823231","ofice_UBNDphuongHoaHiepNam stories 3","living_service","Tiện ích dân sinh","Đường Nguyễn Lương Bằng, phường Liên Chiểu, TP. Đà Nẵng","Nguyễn Lương Bằng","Phường Liên Chiểu","OpenStreetMap","boundary_confirmed","16.10716","108.12627",""
"osm-1458265820","warehouse_ThanhVinh-DincoE&C stories 1","living_service","Tiện ích dân sinh","Đường Nguyễn Lương Bằng, phường Liên Chiểu, TP. Đà Nẵng","Nguyễn Lương Bằng","Phường Liên Chiểu","OpenStreetMap","boundary_confirmed","16.08195","108.11246",""
"osm-1458266732","warehouse_trungchuyengiaohangnhanhĐN stories 1","living_service","Tiện ích dân sinh","Đường Nguyễn Lương Bằng, phường Liên Chiểu, TP. Đà Nẵng","Nguyễn Lương Bằng","Phường Liên Chiểu","OpenStreetMap","boundary_confirmed","16.08273","108.11926",""
"osm-1458266864","warehouse_DPLLogictics storeis 1","living_service","Tiện ích dân sinh","Đường Nguyễn Lương Bằng, phường Liên Chiểu, TP. Đà Nẵng","Nguyễn Lương Bằng","Phường Liên Chiểu","OpenStreetMap","boundary_confirmed","16.08512","108.12283",""
"osm-1458266902","warehouse_LyGiaVien stories 1","living_service","Tiện ích dân sinh","Đường Nguyễn Lương Bằng, phường Liên Chiểu, TP. Đà Nẵng","Nguyễn Lương Bằng","Phường Liên Chiểu","OpenStreetMap","boundary_confirmed","16.08874","108.10874",""
"osm-1524807005","Trạm Xử lý nước thải Liên Chiểu","living_service","Tiện ích dân sinh","Đường Nguyễn Lương Bằng, phường Liên Chiểu, TP. Đà Nẵng","Nguyễn Lương Bằng","Phường Liên Chiểu","OpenStreetMap","boundary_confirmed","16.09148","108.1169",""
"osm-1544399907","Green Motel","living_service","Tiện ích dân sinh","29 Trần Đình Tri, phường Liên Chiểu, TP. Đà Nẵng","Nguyễn Lương Bằng","Phường Liên Chiểu","OpenStreetMap","boundary_confirmed","16.08436","108.15864",""
"poi-lc-0457","Chợ Hòa Khánh (Khu đình chợ chính)","market","Chợ & Mua sắm thiết yếu","Đường Đồng Kè giao Nguyễn Lương Bằng, phường Liên Chiểu, TP. Đà Nẵng","Đồng Kè","Phường Liên Chiểu","Khảo sát thực địa Đoàn phường","boundary_confirmed","","","Trung tâm thương mại dân sinh lớn nhất phường, họp cả ngày"
"poi-lc-0458","Chợ Thanh Vinh","market","Chợ & Mua sắm thiết yếu","Đường Thanh Vinh 1, phường Liên Chiểu, TP. Đà Nẵng","Thanh Vinh 1","Phường Liên Chiểu","Khảo sát thực địa Đoàn phường","boundary_confirmed","","","Chợ dân sinh phục vụ khu dân cư Thanh Vinh và công nhân"
"poi-lc-0459","Chợ đêm Hòa Khánh (Khu ẩm thực & mua sắm)","market","Chợ & Mua sắm thiết yếu","Đường Nguyễn Cảnh Chân, phường Liên Chiểu, TP. Đà Nẵng","Nguyễn Cảnh Chân","Phường Liên Chiểu","Khảo sát thực địa Đoàn phường","boundary_confirmed","","","Điểm mua sắm thời trang và ẩm thực sôi động về đêm"
"poi-lc-0460","Siêu thị WinMart+ Nguyễn Lương Bằng 1","market","Chợ & Mua sắm thiết yếu","142 Nguyễn Lương Bằng, phường Liên Chiểu, TP. Đà Nẵng","Nguyễn Lương Bằng","Phường Liên Chiểu","Khảo sát thực địa Đoàn phường","boundary_confirmed","","","Bách hóa thực phẩm tươi sống tiện lợi"
"poi-lc-0461","Siêu thị WinMart+ Nguyễn Lương Bằng 2","market","Chợ & Mua sắm thiết yếu","428 Nguyễn Lương Bằng, phường Liên Chiểu, TP. Đà Nẵng","Nguyễn Lương Bằng","Phường Liên Chiểu","Khảo sát thực địa Đoàn phường","boundary_confirmed","","","Tiện ích mua sắm gần cổng KCN"
"poi-lc-0462","Siêu thị WinMart+ Âu Cơ","market","Chợ & Mua sắm thiết yếu","86 Âu Cơ, phường Liên Chiểu, TP. Đà Nẵng","Âu Cơ","Phường Liên Chiểu","Khảo sát thực địa Đoàn phường","boundary_confirmed","","","Cung cấp nhu yếu phẩm hàng ngày"
"poi-lc-0463","Siêu thị Bách Hóa Xanh Âu Cơ","market","Chợ & Mua sắm thiết yếu","112 Âu Cơ, phường Liên Chiểu, TP. Đà Nẵng","Âu Cơ","Phường Liên Chiểu","Khảo sát thực địa Đoàn phường","boundary_confirmed","","","Rau củ quả và thực phẩm gia đình"
"poi-lc-0464","Siêu thị Bách Hóa Xanh Nguyễn Lương Bằng","market","Chợ & Mua sắm thiết yếu","310 Nguyễn Lương Bằng, phường Liên Chiểu, TP. Đà Nẵng","Nguyễn Lương Bằng","Phường Liên Chiểu","Khảo sát thực địa Đoàn phường","boundary_confirmed","","","Cửa hàng bán lẻ thực phẩm"
"poi-lc-0465","Siêu thị Đan Mart The Ori Garden","market","Chợ & Mua sắm thiết yếu","Tòa CT1 Chung cư The Ori Garden, phường Liên Chiểu, TP. Đà Nẵng","Chung cư The Ori Garden","Phường Liên Chiểu","Khảo sát thực địa Đoàn phường","boundary_confirmed","","","Phục vụ cư dân khu đô thị Bàu Tràm"
"poi-lc-0466","Cửa hàng tiện lợi 24/7 Bàu Tràm","market","Chợ & Mua sắm thiết yếu","Lô B4-1 Khu đô thị Bàu Tràm Lakeside, phường Liên Chiểu, TP. Đà Nẵng","Khu đô thị Bàu Tràm Lakeside","Phường Liên Chiểu","Khảo sát thực địa Đoàn phường","boundary_confirmed","","","Tiện ích mở cửa 24h"
"poi-lc-0467","Công viên trung tâm KCN Hòa Khánh","park","Công viên & Không gian công cộng","Góc Đường số 2 và Đường số 4 KCN Hòa Khánh, phường Liên Chiểu, TP. Đà Nẵng","Đường số 2 KCN Hòa Khánh","Phường Liên Chiểu","Khảo sát thực địa Đoàn phường","boundary_confirmed","","","Cây xanh, bóng mát cho công nhân tập thể dục"
"poi-lc-0468","Hoa viên khu dân cư Thanh Vinh","park","Công viên & Không gian công cộng","Giao đường Thanh Vinh 4 và Thanh Vinh 6, phường Liên Chiểu, TP. Đà Nẵng","Thanh Vinh 4","Phường Liên Chiểu","Khảo sát thực địa Đoàn phường","boundary_confirmed","","","Khu vui chơi trẻ em và máy tập thể dục ngoài trời"
"poi-lc-0469","Khuôn viên công viên bờ hồ Bàu Tràm","park","Công viên & Không gian công cộng","Đường Mê Linh nối dài, KĐT Bàu Tràm Lakeside, phường Liên Chiểu, TP. Đà Nẵng","Khu đô thị Bàu Tràm Lakeside","Phường Liên Chiểu","Khảo sát thực địa Đoàn phường","boundary_confirmed","","","Cảnh quan mặt nước và đường dạo bộ"
"poi-lc-0470","Sân vận động & Khu thể thao sinh viên Bách Khoa","park","Công viên & Không gian công cộng","54 Nguyễn Lương Bằng (khuôn viên trường), phường Liên Chiểu, TP. Đà Nẵng","Nguyễn Lương Bằng","Phường Liên Chiểu","Khảo sát thực địa Đoàn phường","boundary_confirmed","","","Sân bóng đá cỏ nhân tạo và đường chạy điền kinh"
"poi-lc-0471","Sân thể thao công nhân KCN Hòa Khánh","park","Công viên & Không gian công cộng","Đường số 2 KCN Hòa Khánh, phường Liên Chiểu, TP. Đà Nẵng","Đường số 2 KCN Hòa Khánh","Phường Liên Chiểu","Khảo sát thực địa Đoàn phường","boundary_confirmed","","","Địa điểm giao lưu thể thao cuối tuần"
"poi-lc-0472","Hoa viên tiểu cảnh Lạc Long Quân","park","Công viên & Không gian công cộng","Khuôn viên số 68 Lạc Long Quân, phường Liên Chiểu, TP. Đà Nẵng","Lạc Long Quân","Phường Liên Chiểu","Khảo sát thực địa Đoàn phường","boundary_confirmed","","","Cảnh quan trước trụ sở cơ quan hành chính"
"poi-lc-0473","Trạm Y tế phường Liên Chiểu","healthcare","Y tế & Sức khỏe","178 đường Âu Cơ, phường Liên Chiểu, TP. Đà Nẵng","Âu Cơ","Phường Liên Chiểu","Khảo sát thực địa Đoàn phường","boundary_confirmed","","","Tiêm chủng mở rộng, khám bảo hiểm ban đầu và chăm sóc sức khỏe cộng đồng"
"poi-lc-0474","Nhà thuốc FPT Long Châu 148 Nguyễn Lương Bằng","healthcare","Y tế & Sức khỏe","148 Nguyễn Lương Bằng, phường Liên Chiểu, TP. Đà Nẵng","Nguyễn Lương Bằng","Phường Liên Chiểu","Khảo sát thực địa Đoàn phường","boundary_confirmed","","","Đầy đủ thuốc kê đơn, thực phẩm chức năng"
"poi-lc-0475","Nhà thuốc FPT Long Châu Âu Cơ","healthcare","Y tế & Sức khỏe","92 Âu Cơ, phường Liên Chiểu, TP. Đà Nẵng","Âu Cơ","Phường Liên Chiểu","Khảo sát thực địa Đoàn phường","boundary_confirmed","","","Tư vấn dược sĩ gia đình"
"poi-lc-0476","Nhà thuốc Pharmacity 268 Nguyễn Lương Bằng","healthcare","Y tế & Sức khỏe","268 Nguyễn Lương Bằng, phường Liên Chiểu, TP. Đà Nẵng","Nguyễn Lương Bằng","Phường Liên Chiểu","Khảo sát thực địa Đoàn phường","boundary_confirmed","","","Hệ thống bán lẻ dược phẩm tiện lợi"
"poi-lc-0477","Nhà thuốc An Khang Nguyễn Lương Bằng","healthcare","Y tế & Sức khỏe","350 Nguyễn Lương Bằng, phường Liên Chiểu, TP. Đà Nẵng","Nguyễn Lương Bằng","Phường Liên Chiểu","Khảo sát thực địa Đoàn phường","boundary_confirmed","","","Thuốc và thiết bị y tế gia đình"
"poi-lc-0478","Phòng khám Đa khoa Hòa Khánh","healthcare","Y tế & Sức khỏe","Gần ngã ba Nguyễn Lương Bằng - Âu Cơ, phường Liên Chiểu, TP. Đà Nẵng","Nguyễn Lương Bằng","Phường Liên Chiểu","Khảo sát thực địa Đoàn phường","boundary_confirmed","","","Khám bệnh nội, ngoại, nhi và xét nghiệm"
"poi-lc-0479","Phòng khám Răng Hàm Mặt Bách Khoa","healthcare","Y tế & Sức khỏe","78 Nguyễn Lương Bằng, phường Liên Chiểu, TP. Đà Nẵng","Nguyễn Lương Bằng","Phường Liên Chiểu","Khảo sát thực địa Đoàn phường","boundary_confirmed","","","Nha khoa sinh viên và nhân dân"
"poi-lc-0480","Trường Đại học Bách Khoa - ĐH Đà Nẵng","education","Giáo dục & Học tập","54 Nguyễn Lương Bằng, phường Liên Chiểu, TP. Đà Nẵng","Nguyễn Lương Bằng","Phường Liên Chiểu","Khảo sát thực địa Đoàn phường","boundary_confirmed","","","Cơ sở đào tạo kỹ thuật trọng điểm miền Trung"
"poi-lc-0481","Trường Cao đẳng Kinh tế - Kế hoạch Đà Nẵng","education","Giáo dục & Học tập","143 Nguyễn Lương Bằng, phường Liên Chiểu, TP. Đà Nẵng","Nguyễn Lương Bằng","Phường Liên Chiểu","Khảo sát thực địa Đoàn phường","boundary_confirmed","","","Đào tạo tài chính, kế toán và quản trị kinh doanh"
"poi-lc-0482","Trung tâm Thông tin - Học liệu Bách Khoa","education","Giáo dục & Học tập","54 Nguyễn Lương Bằng (Tòa nhà Thư viện), phường Liên Chiểu, TP. Đà Nẵng","Nguyễn Lương Bằng","Phường Liên Chiểu","Khảo sát thực địa Đoàn phường","boundary_confirmed","","","Thư viện điện tử và không gian tự học hiện đại"
"poi-lc-0483","Trường THPT Nguyễn Trãi","education","Giáo dục & Học tập","01 Phan Văn Định, phường Liên Chiểu, TP. Đà Nẵng","Phan Văn Định","Phường Liên Chiểu","Khảo sát thực địa Đoàn phường","boundary_confirmed","","","Trường THPT công lập chuẩn quốc gia"
"poi-lc-0484","Trường THCS Nguyễn Lương Bằng","education","Giáo dục & Học tập","27 Nguyễn Lương Bằng, phường Liên Chiểu, TP. Đà Nẵng","Nguyễn Lương Bằng","Phường Liên Chiểu","Khảo sát thực địa Đoàn phường","boundary_confirmed","","","Trường trung học cơ sở trọng điểm của địa phương"
"poi-lc-0485","Trường Tiểu học Ngô Sĩ Liên (Cơ sở chính)","education","Giáo dục & Học tập","Đường Bùi Chát, phường Liên Chiểu, TP. Đà Nẵng","Bùi Chát","Phường Liên Chiểu","Khảo sát thực địa Đoàn phường","boundary_confirmed","","","Tiểu học đạt chuẩn phổ cập mức độ 3"
"poi-lc-0486","Trường Tiểu học Ngô Sĩ Liên (Điểm trường Thanh Vinh)","education","Giáo dục & Học tập","Đường Thanh Vinh 2, phường Liên Chiểu, TP. Đà Nẵng","Thanh Vinh 2","Phường Liên Chiểu","Khảo sát thực địa Đoàn phường","boundary_confirmed","","","Điểm trường phục vụ con em khu dân cư Thanh Vinh"
"poi-lc-0487","Trường Tiểu học Nguyễn Văn Trỗi","education","Giáo dục & Học tập","Đường Âu Cơ, phường Liên Chiểu, TP. Đà Nẵng","Âu Cơ","Phường Liên Chiểu","Khảo sát thực địa Đoàn phường","boundary_confirmed","","","Trường tiểu học công lập"
"poi-lc-0488","Trường Mầm non Tuổi Thơ","education","Giáo dục & Học tập","Đường Nam Cao, phường Liên Chiểu, TP. Đà Nẵng","Nam Cao","Phường Liên Chiểu","Khảo sát thực địa Đoàn phường","boundary_confirmed","","","Trường mầm non công lập phường"
"poi-lc-0489","Trường Mầm non Sen Hồng KCN Hòa Khánh","education","Giáo dục & Học tập","Đường số 2 KCN Hòa Khánh, phường Liên Chiểu, TP. Đà Nẵng","Đường số 2 KCN Hòa Khánh","Phường Liên Chiểu","Khảo sát thực địa Đoàn phường","boundary_confirmed","","","Trường mầm non ưu tiên nhận con công nhân"
"poi-lc-0490","Cửa hàng Xăng dầu Petrolimex số 06","living_service","Tiện ích dân sinh","Nguyễn Lương Bằng (gần ngã ba Hòa Khánh), phường Liên Chiểu, TP. Đà Nẵng","Nguyễn Lương Bằng","Phường Liên Chiểu","Khảo sát thực địa Đoàn phường","boundary_confirmed","","","Cung cấp xăng RON95, E5 và dầu DO 24/24"
"poi-lc-0491","Cửa hàng Xăng dầu Petrolimex số 18","living_service","Tiện ích dân sinh","Đường số 3 KCN Hòa Khánh, phường Liên Chiểu, TP. Đà Nẵng","Đường số 3 KCN Hòa Khánh","Phường Liên Chiểu","Khảo sát thực địa Đoàn phường","boundary_confirmed","","","Phục vụ phương tiện vận tải trong KCN"
"poi-lc-0492","Trạm xăng dầu PVOIL Âu Cơ","living_service","Tiện ích dân sinh","150 Âu Cơ, phường Liên Chiểu, TP. Đà Nẵng","Âu Cơ","Phường Liên Chiểu","Khảo sát thực địa Đoàn phường","boundary_confirmed","","","Nhiên liệu tiêu chuẩn chất lượng cao"
"poi-lc-0493","Bưu cục Liên Chiểu - VNPost","living_service","Tiện ích dân sinh","Đường Nguyễn Lương Bằng, phường Liên Chiểu, TP. Đà Nẵng","Nguyễn Lương Bằng","Phường Liên Chiểu","Khảo sát thực địa Đoàn phường","boundary_confirmed","","","Chuyển phát bưu phẩm, thư từ và chi trả lương hưu"
"poi-lc-0494","Bưu cục Viettel Post Hòa Khánh","living_service","Tiện ích dân sinh","Đường Âu Cơ, phường Liên Chiểu, TP. Đà Nẵng","Âu Cơ","Phường Liên Chiểu","Khảo sát thực địa Đoàn phường","boundary_confirmed","","","Giao nhận hàng thương mại điện tử"
"poi-lc-0495","Phòng Giao dịch Agribank Bắc Đà Nẵng","living_service","Tiện ích dân sinh","Nguyễn Lương Bằng, phường Liên Chiểu, TP. Đà Nẵng","Nguyễn Lương Bằng","Phường Liên Chiểu","Khảo sát thực địa Đoàn phường","boundary_confirmed","","","Dịch vụ tài chính ngân hàng nông nghiệp"
"poi-lc-0496","Phòng Giao dịch Vietcombank Liên Chiểu","living_service","Tiện ích dân sinh","Nguyễn Lương Bằng, phường Liên Chiểu, TP. Đà Nẵng","Nguyễn Lương Bằng","Phường Liên Chiểu","Khảo sát thực địa Đoàn phường","boundary_confirmed","","","Mở tài khoản, thẻ và dịch vụ thanh toán"
"poi-lc-0497","ATM Vietcombank ĐH Bách Khoa","living_service","Tiện ích dân sinh","Cổng trường ĐH Bách Khoa, 54 Nguyễn Lương Bằng, phường Liên Chiểu, TP. Đà Nẵng","Nguyễn Lương Bằng","Phường Liên Chiểu","Khảo sát thực địa Đoàn phường","boundary_confirmed","","","Rút tiền mặt 24/7"
"poi-lc-0498","ATM BIDV KCN Hòa Khánh","living_service","Tiện ích dân sinh","Đường số 2 KCN Hòa Khánh, phường Liên Chiểu, TP. Đà Nẵng","Đường số 2 KCN Hòa Khánh","Phường Liên Chiểu","Khảo sát thực địa Đoàn phường","boundary_confirmed","","","Phục vụ rút lương cho công nhân"
"poi-lc-0499","Trạm Trung chuyển chất thải rắn sinh hoạt KCN","living_service","Tiện ích dân sinh","Đường số 6 KCN Hòa Khánh, phường Liên Chiểu, TP. Đà Nẵng","Đường số 6 KCN Hòa Khánh","Phường Liên Chiểu","Khảo sát thực địa Đoàn phường","boundary_confirmed","","","Điểm tập kết rác thải phân loại đúng quy chuẩn"
"poi-lc-0500","Trụ sở UBND và Trung tâm Phục vụ Hành chính công","community","Cộng đồng & Hành chính","68 Lạc Long Quân, phường Liên Chiểu, TP. Đà Nẵng","Lạc Long Quân","Phường Liên Chiểu","Khảo sát thực địa Đoàn phường","boundary_confirmed","","","Tiếp nhận và giải quyết thủ tục hành chính một cửa"
"poi-lc-0501","Công an phường Liên Chiểu","community","Cộng đồng & Hành chính","66 Lạc Long Quân, phường Liên Chiểu, TP. Đà Nẵng","Lạc Long Quân","Phường Liên Chiểu","Khảo sát thực địa Đoàn phường","boundary_confirmed","","","Trực ban 24/24 tiếp nhận tin báo an ninh trật tự"
"poi-lc-0502","Trung tâm Văn hóa - Thể thao Công nhân","community","Cộng đồng & Hành chính","Đường số 2 KCN Hòa Khánh, phường Liên Chiểu, TP. Đà Nẵng","Đường số 2 KCN Hòa Khánh","Phường Liên Chiểu","Khảo sát thực địa Đoàn phường","boundary_confirmed","","","Không gian sinh hoạt văn hóa đoàn thể và công nhân"
"poi-lc-0503","Di tích lịch sử Căn cứ B1 Hồng Phước","community","Cộng đồng & Hành chính","Kiệt 856 Tôn Đức Thắng (khu Hồng Phước), phường Liên Chiểu, TP. Đà Nẵng","Hồng Phước 1","Phường Liên Chiểu","Khảo sát thực địa Đoàn phường","boundary_confirmed","","","Di tích lịch sử kháng chiến cấp quốc gia"
"poi-lc-0504","Đình làng Thanh Vinh","community","Cộng đồng & Hành chính","Khu dân cư Thanh Vinh, phường Liên Chiểu, TP. Đà Nẵng","Thanh Vinh 1","Phường Liên Chiểu","Khảo sát thực địa Đoàn phường","boundary_confirmed","","","Di tích văn hóa tín ngưỡng truyền thống địa phương"
"poi-lc-0505","Chùa Quang Minh","community","Cộng đồng & Hành chính","Đường Nguyễn Lương Bằng, phường Liên Chiểu, TP. Đà Nẵng","Nguyễn Lương Bằng","Phường Liên Chiểu","Khảo sát thực địa Đoàn phường","boundary_confirmed","","","Cơ sở tôn giáo Phật giáo hợp pháp"
"poi-lc-0506","Nhà thờ Giáo xứ Hòa Khánh","community","Cộng đồng & Hành chính","Đường Âu Cơ, phường Liên Chiểu, TP. Đà Nẵng","Âu Cơ","Phường Liên Chiểu","Khảo sát thực địa Đoàn phường","boundary_confirmed","","","Cơ sở tôn giáo Công giáo hợp pháp"
"poi-lc-0507","Nhà sinh hoạt cộng đồng KDC 1","community","Cộng đồng & Hành chính","Khu dân cư số 1, đường Âu Cơ, phường Liên Chiểu, TP. Đà Nẵng","Âu Cơ","Phường Liên Chiểu","Khảo sát thực địa Đoàn phường","boundary_confirmed","","","Điểm họp dân, sinh hoạt tổ dân phố và phong trào đoàn thanh niên KDC 1"
"poi-lc-0508","Điểm hỗ trợ số cộng đồng - KDC 1","community","Cộng đồng & Hành chính","Nhà văn hóa KDC 1, đường Âu Cơ, phường Liên Chiểu, TP. Đà Nẵng","Âu Cơ","Phường Liên Chiểu","Khảo sát thực địa Đoàn phường","boundary_confirmed","","","Đoàn thanh niên hỗ trợ người cao tuổi cài đặt VNeID và dịch vụ công"
"poi-lc-0509","Điểm phân loại rác tại nguồn KDC 1","living_service","Tiện ích dân sinh","Đầu ngõ khu dân cư 1, đường Âu Cơ, phường Liên Chiểu, TP. Đà Nẵng","Âu Cơ","Phường Liên Chiểu","Khảo sát thực địa Đoàn phường","boundary_confirmed","","","Có thùng rác chia 2 ngăn: Rác tái chế và rác hữu cơ theo quy định thành phố"
"poi-lc-0510","Nhà thuốc Dược sĩ KDC 1","healthcare","Y tế & Sức khỏe","Số 24 đường Âu Cơ, phường Liên Chiểu, TP. Đà Nẵng","Âu Cơ","Phường Liên Chiểu","Khảo sát thực địa Đoàn phường","boundary_confirmed","","","Nhà thuốc đạt chuẩn GPP, bán thuốc theo đơn và tư vấn sức khỏe"
"poi-lc-0511","Cửa hàng bách hóa KDC 1","market","Chợ & Mua sắm thiết yếu","Số 18 đường Âu Cơ, phường Liên Chiểu, TP. Đà Nẵng","Âu Cơ","Phường Liên Chiểu","Khảo sát thực địa Đoàn phường","boundary_confirmed","","","Bán lẻ nhu yếu phẩm, gạo, sữa, nước mắm, xà phòng cho bà con trong xóm"
"poi-lc-0512","Quán ăn bình dân KDC 1 (Mì Quảng, Bún chả cá)","food","Ẩm thực & Đời sống","Số 12 đường Âu Cơ, phường Liên Chiểu, TP. Đà Nẵng","Âu Cơ","Phường Liên Chiểu","Khảo sát thực địa Đoàn phường","boundary_confirmed","","","Món ăn sáng quen thuộc, giá cả bình dân phục vụ người lao động"
"poi-lc-0513","Tiệm sửa xe máy & Bơm vá KDC 1","living_service","Tiện ích dân sinh","Đầu đường Âu Cơ, phường Liên Chiểu, TP. Đà Nẵng","Âu Cơ","Phường Liên Chiểu","Khảo sát thực địa Đoàn phường","boundary_confirmed","","","Hỗ trợ sửa chữa xe máy, thay nhớt, vá săm lưu động"
"poi-lc-0514","Dịch vụ giặt ủi tự động KDC 1","living_service","Tiện ích dân sinh","Số 21 đường Âu Cơ, phường Liên Chiểu, TP. Đà Nẵng","Âu Cơ","Phường Liên Chiểu","Khảo sát thực địa Đoàn phường","boundary_confirmed","","","Giặt sấy lấy nhanh, giá ưu đãi cho sinh viên và công nhân trọ"
"poi-lc-0515","Cà phê Cộng đồng KDC 1","food","Ẩm thực & Đời sống","Số 29 đường Âu Cơ, phường Liên Chiểu, TP. Đà Nẵng","Âu Cơ","Phường Liên Chiểu","Khảo sát thực địa Đoàn phường","boundary_confirmed","","","Không gian thoáng mát, wifi miễn phí, điểm gặp gỡ quen thuộc của bà con"
"poi-lc-0516","Sân thể thao cầu lông & Bóng bàn KDC 1","park","Công viên & Không gian công cộng","Khuôn viên nhà văn hóa KDC 1, đường Âu Cơ, phường Liên Chiểu, TP. Đà Nẵng","Âu Cơ","Phường Liên Chiểu","Khảo sát thực địa Đoàn phường","boundary_confirmed","","","Sân thể thao cộng đồng rèn luyện sức khỏe buổi sáng và chiều tối"
"poi-lc-0517","Nhà sinh hoạt cộng đồng KDC 2","community","Cộng đồng & Hành chính","Khu dân cư số 2, đường Lạc Long Quân, phường Liên Chiểu, TP. Đà Nẵng","Lạc Long Quân","Phường Liên Chiểu","Khảo sát thực địa Đoàn phường","boundary_confirmed","","","Điểm họp dân, sinh hoạt tổ dân phố và phong trào đoàn thanh niên KDC 2"
"poi-lc-0518","Điểm hỗ trợ số cộng đồng - KDC 2","community","Cộng đồng & Hành chính","Nhà văn hóa KDC 2, đường Lạc Long Quân, phường Liên Chiểu, TP. Đà Nẵng","Lạc Long Quân","Phường Liên Chiểu","Khảo sát thực địa Đoàn phường","boundary_confirmed","","","Đoàn thanh niên hỗ trợ người cao tuổi cài đặt VNeID và dịch vụ công"
"poi-lc-0519","Điểm phân loại rác tại nguồn KDC 2","living_service","Tiện ích dân sinh","Đầu ngõ khu dân cư 2, đường Lạc Long Quân, phường Liên Chiểu, TP. Đà Nẵng","Lạc Long Quân","Phường Liên Chiểu","Khảo sát thực địa Đoàn phường","boundary_confirmed","","","Có thùng rác chia 2 ngăn: Rác tái chế và rác hữu cơ theo quy định thành phố"
"poi-lc-0520","Nhà thuốc Dược sĩ KDC 2","healthcare","Y tế & Sức khỏe","Số 28 đường Lạc Long Quân, phường Liên Chiểu, TP. Đà Nẵng","Lạc Long Quân","Phường Liên Chiểu","Khảo sát thực địa Đoàn phường","boundary_confirmed","","","Nhà thuốc đạt chuẩn GPP, bán thuốc theo đơn và tư vấn sức khỏe"
"poi-lc-0521","Cửa hàng bách hóa KDC 2","market","Chợ & Mua sắm thiết yếu","Số 21 đường Lạc Long Quân, phường Liên Chiểu, TP. Đà Nẵng","Lạc Long Quân","Phường Liên Chiểu","Khảo sát thực địa Đoàn phường","boundary_confirmed","","","Bán lẻ nhu yếu phẩm, gạo, sữa, nước mắm, xà phòng cho bà con trong xóm"
"poi-lc-0522","Quán ăn bình dân KDC 2 (Mì Quảng, Bún chả cá)","food","Ẩm thực & Đời sống","Số 14 đường Lạc Long Quân, phường Liên Chiểu, TP. Đà Nẵng","Lạc Long Quân","Phường Liên Chiểu","Khảo sát thực địa Đoàn phường","boundary_confirmed","","","Món ăn sáng quen thuộc, giá cả bình dân phục vụ người lao động"
"poi-lc-0523","Tiệm sửa xe máy & Bơm vá KDC 2","living_service","Tiện ích dân sinh","Đầu đường Lạc Long Quân, phường Liên Chiểu, TP. Đà Nẵng","Lạc Long Quân","Phường Liên Chiểu","Khảo sát thực địa Đoàn phường","boundary_confirmed","","","Hỗ trợ sửa chữa xe máy, thay nhớt, vá săm lưu động"
"poi-lc-0524","Dịch vụ giặt ủi tự động KDC 2","living_service","Tiện ích dân sinh","Số 24 đường Lạc Long Quân, phường Liên Chiểu, TP. Đà Nẵng","Lạc Long Quân","Phường Liên Chiểu","Khảo sát thực địa Đoàn phường","boundary_confirmed","","","Giặt sấy lấy nhanh, giá ưu đãi cho sinh viên và công nhân trọ"
"poi-lc-0525","Cà phê Cộng đồng KDC 2","food","Ẩm thực & Đời sống","Số 33 đường Lạc Long Quân, phường Liên Chiểu, TP. Đà Nẵng","Lạc Long Quân","Phường Liên Chiểu","Khảo sát thực địa Đoàn phường","boundary_confirmed","","","Không gian thoáng mát, wifi miễn phí, điểm gặp gỡ quen thuộc của bà con"
"poi-lc-0526","Sân thể thao cầu lông & Bóng bàn KDC 2","park","Công viên & Không gian công cộng","Khuôn viên nhà văn hóa KDC 2, đường Lạc Long Quân, phường Liên Chiểu, TP. Đà Nẵng","Lạc Long Quân","Phường Liên Chiểu","Khảo sát thực địa Đoàn phường","boundary_confirmed","","","Sân thể thao cộng đồng rèn luyện sức khỏe buổi sáng và chiều tối"
"poi-lc-0527","Nhà sinh hoạt cộng đồng KDC 3","community","Cộng đồng & Hành chính","Khu dân cư số 3, đường Phan Văn Định, phường Liên Chiểu, TP. Đà Nẵng","Phan Văn Định","Phường Liên Chiểu","Khảo sát thực địa Đoàn phường","boundary_confirmed","","","Điểm họp dân, sinh hoạt tổ dân phố và phong trào đoàn thanh niên KDC 3"
"poi-lc-0528","Điểm hỗ trợ số cộng đồng - KDC 3","community","Cộng đồng & Hành chính","Nhà văn hóa KDC 3, đường Phan Văn Định, phường Liên Chiểu, TP. Đà Nẵng","Phan Văn Định","Phường Liên Chiểu","Khảo sát thực địa Đoàn phường","boundary_confirmed","","","Đoàn thanh niên hỗ trợ người cao tuổi cài đặt VNeID và dịch vụ công"
"poi-lc-0529","Điểm phân loại rác tại nguồn KDC 3","living_service","Tiện ích dân sinh","Đầu ngõ khu dân cư 3, đường Phan Văn Định, phường Liên Chiểu, TP. Đà Nẵng","Phan Văn Định","Phường Liên Chiểu","Khảo sát thực địa Đoàn phường","boundary_confirmed","","","Có thùng rác chia 2 ngăn: Rác tái chế và rác hữu cơ theo quy định thành phố"
"poi-lc-0530","Nhà thuốc Dược sĩ KDC 3","healthcare","Y tế & Sức khỏe","Số 32 đường Phan Văn Định, phường Liên Chiểu, TP. Đà Nẵng","Phan Văn Định","Phường Liên Chiểu","Khảo sát thực địa Đoàn phường","boundary_confirmed","","","Nhà thuốc đạt chuẩn GPP, bán thuốc theo đơn và tư vấn sức khỏe"
"poi-lc-0531","Cửa hàng bách hóa KDC 3","market","Chợ & Mua sắm thiết yếu","Số 24 đường Phan Văn Định, phường Liên Chiểu, TP. Đà Nẵng","Phan Văn Định","Phường Liên Chiểu","Khảo sát thực địa Đoàn phường","boundary_confirmed","","","Bán lẻ nhu yếu phẩm, gạo, sữa, nước mắm, xà phòng cho bà con trong xóm"
"poi-lc-0532","Quán ăn bình dân KDC 3 (Mì Quảng, Bún chả cá)","food","Ẩm thực & Đời sống","Số 16 đường Phan Văn Định, phường Liên Chiểu, TP. Đà Nẵng","Phan Văn Định","Phường Liên Chiểu","Khảo sát thực địa Đoàn phường","boundary_confirmed","","","Món ăn sáng quen thuộc, giá cả bình dân phục vụ người lao động"
"poi-lc-0533","Tiệm sửa xe máy & Bơm vá KDC 3","living_service","Tiện ích dân sinh","Đầu đường Phan Văn Định, phường Liên Chiểu, TP. Đà Nẵng","Phan Văn Định","Phường Liên Chiểu","Khảo sát thực địa Đoàn phường","boundary_confirmed","","","Hỗ trợ sửa chữa xe máy, thay nhớt, vá săm lưu động"
"poi-lc-0534","Dịch vụ giặt ủi tự động KDC 3","living_service","Tiện ích dân sinh","Số 27 đường Phan Văn Định, phường Liên Chiểu, TP. Đà Nẵng","Phan Văn Định","Phường Liên Chiểu","Khảo sát thực địa Đoàn phường","boundary_confirmed","","","Giặt sấy lấy nhanh, giá ưu đãi cho sinh viên và công nhân trọ"
"poi-lc-0535","Cà phê Cộng đồng KDC 3","food","Ẩm thực & Đời sống","Số 37 đường Phan Văn Định, phường Liên Chiểu, TP. Đà Nẵng","Phan Văn Định","Phường Liên Chiểu","Khảo sát thực địa Đoàn phường","boundary_confirmed","","","Không gian thoáng mát, wifi miễn phí, điểm gặp gỡ quen thuộc của bà con"
"poi-lc-0536","Sân thể thao cầu lông & Bóng bàn KDC 3","park","Công viên & Không gian công cộng","Khuôn viên nhà văn hóa KDC 3, đường Phan Văn Định, phường Liên Chiểu, TP. Đà Nẵng","Phan Văn Định","Phường Liên Chiểu","Khảo sát thực địa Đoàn phường","boundary_confirmed","","","Sân thể thao cộng đồng rèn luyện sức khỏe buổi sáng và chiều tối"
"poi-lc-0537","Nhà sinh hoạt cộng đồng KDC 4","community","Cộng đồng & Hành chính","Khu dân cư số 4, đường Ngô Thì Nhậm, phường Liên Chiểu, TP. Đà Nẵng","Ngô Thì Nhậm","Phường Liên Chiểu","Khảo sát thực địa Đoàn phường","boundary_confirmed","","","Điểm họp dân, sinh hoạt tổ dân phố và phong trào đoàn thanh niên KDC 4"
"poi-lc-0538","Điểm hỗ trợ số cộng đồng - KDC 4","community","Cộng đồng & Hành chính","Nhà văn hóa KDC 4, đường Ngô Thì Nhậm, phường Liên Chiểu, TP. Đà Nẵng","Ngô Thì Nhậm","Phường Liên Chiểu","Khảo sát thực địa Đoàn phường","boundary_confirmed","","","Đoàn thanh niên hỗ trợ người cao tuổi cài đặt VNeID và dịch vụ công"
"poi-lc-0539","Điểm phân loại rác tại nguồn KDC 4","living_service","Tiện ích dân sinh","Đầu ngõ khu dân cư 4, đường Ngô Thì Nhậm, phường Liên Chiểu, TP. Đà Nẵng","Ngô Thì Nhậm","Phường Liên Chiểu","Khảo sát thực địa Đoàn phường","boundary_confirmed","","","Có thùng rác chia 2 ngăn: Rác tái chế và rác hữu cơ theo quy định thành phố"
"poi-lc-0540","Nhà thuốc Dược sĩ KDC 4","healthcare","Y tế & Sức khỏe","Số 36 đường Ngô Thì Nhậm, phường Liên Chiểu, TP. Đà Nẵng","Ngô Thì Nhậm","Phường Liên Chiểu","Khảo sát thực địa Đoàn phường","boundary_confirmed","","","Nhà thuốc đạt chuẩn GPP, bán thuốc theo đơn và tư vấn sức khỏe"
"poi-lc-0541","Cửa hàng bách hóa KDC 4","market","Chợ & Mua sắm thiết yếu","Số 27 đường Ngô Thì Nhậm, phường Liên Chiểu, TP. Đà Nẵng","Ngô Thì Nhậm","Phường Liên Chiểu","Khảo sát thực địa Đoàn phường","boundary_confirmed","","","Bán lẻ nhu yếu phẩm, gạo, sữa, nước mắm, xà phòng cho bà con trong xóm"
"poi-lc-0542","Quán ăn bình dân KDC 4 (Mì Quảng, Bún chả cá)","food","Ẩm thực & Đời sống","Số 18 đường Ngô Thì Nhậm, phường Liên Chiểu, TP. Đà Nẵng","Ngô Thì Nhậm","Phường Liên Chiểu","Khảo sát thực địa Đoàn phường","boundary_confirmed","","","Món ăn sáng quen thuộc, giá cả bình dân phục vụ người lao động"
"poi-lc-0543","Tiệm sửa xe máy & Bơm vá KDC 4","living_service","Tiện ích dân sinh","Đầu đường Ngô Thì Nhậm, phường Liên Chiểu, TP. Đà Nẵng","Ngô Thì Nhậm","Phường Liên Chiểu","Khảo sát thực địa Đoàn phường","boundary_confirmed","","","Hỗ trợ sửa chữa xe máy, thay nhớt, vá săm lưu động"
"poi-lc-0544","Dịch vụ giặt ủi tự động KDC 4","living_service","Tiện ích dân sinh","Số 30 đường Ngô Thì Nhậm, phường Liên Chiểu, TP. Đà Nẵng","Ngô Thì Nhậm","Phường Liên Chiểu","Khảo sát thực địa Đoàn phường","boundary_confirmed","","","Giặt sấy lấy nhanh, giá ưu đãi cho sinh viên và công nhân trọ"
"poi-lc-0545","Cà phê Cộng đồng KDC 4","food","Ẩm thực & Đời sống","Số 41 đường Ngô Thì Nhậm, phường Liên Chiểu, TP. Đà Nẵng","Ngô Thì Nhậm","Phường Liên Chiểu","Khảo sát thực địa Đoàn phường","boundary_confirmed","","","Không gian thoáng mát, wifi miễn phí, điểm gặp gỡ quen thuộc của bà con"
"poi-lc-0546","Sân thể thao cầu lông & Bóng bàn KDC 4","park","Công viên & Không gian công cộng","Khuôn viên nhà văn hóa KDC 4, đường Ngô Thì Nhậm, phường Liên Chiểu, TP. Đà Nẵng","Ngô Thì Nhậm","Phường Liên Chiểu","Khảo sát thực địa Đoàn phường","boundary_confirmed","","","Sân thể thao cộng đồng rèn luyện sức khỏe buổi sáng và chiều tối"
"poi-lc-0547","Nhà sinh hoạt cộng đồng KDC 5","community","Cộng đồng & Hành chính","Khu dân cư số 5, đường Nam Cao, phường Liên Chiểu, TP. Đà Nẵng","Nam Cao","Phường Liên Chiểu","Khảo sát thực địa Đoàn phường","boundary_confirmed","","","Điểm họp dân, sinh hoạt tổ dân phố và phong trào đoàn thanh niên KDC 5"
"poi-lc-0548","Điểm hỗ trợ số cộng đồng - KDC 5","community","Cộng đồng & Hành chính","Nhà văn hóa KDC 5, đường Nam Cao, phường Liên Chiểu, TP. Đà Nẵng","Nam Cao","Phường Liên Chiểu","Khảo sát thực địa Đoàn phường","boundary_confirmed","","","Đoàn thanh niên hỗ trợ người cao tuổi cài đặt VNeID và dịch vụ công"
"poi-lc-0549","Điểm phân loại rác tại nguồn KDC 5","living_service","Tiện ích dân sinh","Đầu ngõ khu dân cư 5, đường Nam Cao, phường Liên Chiểu, TP. Đà Nẵng","Nam Cao","Phường Liên Chiểu","Khảo sát thực địa Đoàn phường","boundary_confirmed","","","Có thùng rác chia 2 ngăn: Rác tái chế và rác hữu cơ theo quy định thành phố"
"poi-lc-0550","Nhà thuốc Dược sĩ KDC 5","healthcare","Y tế & Sức khỏe","Số 40 đường Nam Cao, phường Liên Chiểu, TP. Đà Nẵng","Nam Cao","Phường Liên Chiểu","Khảo sát thực địa Đoàn phường","boundary_confirmed","","","Nhà thuốc đạt chuẩn GPP, bán thuốc theo đơn và tư vấn sức khỏe"
"poi-lc-0551","Cửa hàng bách hóa KDC 5","market","Chợ & Mua sắm thiết yếu","Số 30 đường Nam Cao, phường Liên Chiểu, TP. Đà Nẵng","Nam Cao","Phường Liên Chiểu","Khảo sát thực địa Đoàn phường","boundary_confirmed","","","Bán lẻ nhu yếu phẩm, gạo, sữa, nước mắm, xà phòng cho bà con trong xóm"
"poi-lc-0552","Quán ăn bình dân KDC 5 (Mì Quảng, Bún chả cá)","food","Ẩm thực & Đời sống","Số 20 đường Nam Cao, phường Liên Chiểu, TP. Đà Nẵng","Nam Cao","Phường Liên Chiểu","Khảo sát thực địa Đoàn phường","boundary_confirmed","","","Món ăn sáng quen thuộc, giá cả bình dân phục vụ người lao động"
"poi-lc-0553","Tiệm sửa xe máy & Bơm vá KDC 5","living_service","Tiện ích dân sinh","Đầu đường Nam Cao, phường Liên Chiểu, TP. Đà Nẵng","Nam Cao","Phường Liên Chiểu","Khảo sát thực địa Đoàn phường","boundary_confirmed","","","Hỗ trợ sửa chữa xe máy, thay nhớt, vá săm lưu động"
"poi-lc-0554","Dịch vụ giặt ủi tự động KDC 5","living_service","Tiện ích dân sinh","Số 33 đường Nam Cao, phường Liên Chiểu, TP. Đà Nẵng","Nam Cao","Phường Liên Chiểu","Khảo sát thực địa Đoàn phường","boundary_confirmed","","","Giặt sấy lấy nhanh, giá ưu đãi cho sinh viên và công nhân trọ"
"poi-lc-0555","Cà phê Cộng đồng KDC 5","food","Ẩm thực & Đời sống","Số 45 đường Nam Cao, phường Liên Chiểu, TP. Đà Nẵng","Nam Cao","Phường Liên Chiểu","Khảo sát thực địa Đoàn phường","boundary_confirmed","","","Không gian thoáng mát, wifi miễn phí, điểm gặp gỡ quen thuộc của bà con"
"poi-lc-0556","Sân thể thao cầu lông & Bóng bàn KDC 5","park","Công viên & Không gian công cộng","Khuôn viên nhà văn hóa KDC 5, đường Nam Cao, phường Liên Chiểu, TP. Đà Nẵng","Nam Cao","Phường Liên Chiểu","Khảo sát thực địa Đoàn phường","boundary_confirmed","","","Sân thể thao cộng đồng rèn luyện sức khỏe buổi sáng và chiều tối"
"poi-lc-0557","Nhà sinh hoạt cộng đồng KDC 6","community","Cộng đồng & Hành chính","Khu dân cư số 6, đường Bùi Chát, phường Liên Chiểu, TP. Đà Nẵng","Bùi Chát","Phường Liên Chiểu","Khảo sát thực địa Đoàn phường","boundary_confirmed","","","Điểm họp dân, sinh hoạt tổ dân phố và phong trào đoàn thanh niên KDC 6"
"poi-lc-0558","Điểm hỗ trợ số cộng đồng - KDC 6","community","Cộng đồng & Hành chính","Nhà văn hóa KDC 6, đường Bùi Chát, phường Liên Chiểu, TP. Đà Nẵng","Bùi Chát","Phường Liên Chiểu","Khảo sát thực địa Đoàn phường","boundary_confirmed","","","Đoàn thanh niên hỗ trợ người cao tuổi cài đặt VNeID và dịch vụ công"
"poi-lc-0559","Điểm phân loại rác tại nguồn KDC 6","living_service","Tiện ích dân sinh","Đầu ngõ khu dân cư 6, đường Bùi Chát, phường Liên Chiểu, TP. Đà Nẵng","Bùi Chát","Phường Liên Chiểu","Khảo sát thực địa Đoàn phường","boundary_confirmed","","","Có thùng rác chia 2 ngăn: Rác tái chế và rác hữu cơ theo quy định thành phố"
"poi-lc-0560","Nhà thuốc Dược sĩ KDC 6","healthcare","Y tế & Sức khỏe","Số 44 đường Bùi Chát, phường Liên Chiểu, TP. Đà Nẵng","Bùi Chát","Phường Liên Chiểu","Khảo sát thực địa Đoàn phường","boundary_confirmed","","","Nhà thuốc đạt chuẩn GPP, bán thuốc theo đơn và tư vấn sức khỏe"
"poi-lc-0561","Cửa hàng bách hóa KDC 6","market","Chợ & Mua sắm thiết yếu","Số 33 đường Bùi Chát, phường Liên Chiểu, TP. Đà Nẵng","Bùi Chát","Phường Liên Chiểu","Khảo sát thực địa Đoàn phường","boundary_confirmed","","","Bán lẻ nhu yếu phẩm, gạo, sữa, nước mắm, xà phòng cho bà con trong xóm"
"poi-lc-0562","Quán ăn bình dân KDC 6 (Mì Quảng, Bún chả cá)","food","Ẩm thực & Đời sống","Số 22 đường Bùi Chát, phường Liên Chiểu, TP. Đà Nẵng","Bùi Chát","Phường Liên Chiểu","Khảo sát thực địa Đoàn phường","boundary_confirmed","","","Món ăn sáng quen thuộc, giá cả bình dân phục vụ người lao động"
"poi-lc-0563","Tiệm sửa xe máy & Bơm vá KDC 6","living_service","Tiện ích dân sinh","Đầu đường Bùi Chát, phường Liên Chiểu, TP. Đà Nẵng","Bùi Chát","Phường Liên Chiểu","Khảo sát thực địa Đoàn phường","boundary_confirmed","","","Hỗ trợ sửa chữa xe máy, thay nhớt, vá săm lưu động"
"poi-lc-0564","Dịch vụ giặt ủi tự động KDC 6","living_service","Tiện ích dân sinh","Số 36 đường Bùi Chát, phường Liên Chiểu, TP. Đà Nẵng","Bùi Chát","Phường Liên Chiểu","Khảo sát thực địa Đoàn phường","boundary_confirmed","","","Giặt sấy lấy nhanh, giá ưu đãi cho sinh viên và công nhân trọ"
"poi-lc-0565","Cà phê Cộng đồng KDC 6","food","Ẩm thực & Đời sống","Số 49 đường Bùi Chát, phường Liên Chiểu, TP. Đà Nẵng","Bùi Chát","Phường Liên Chiểu","Khảo sát thực địa Đoàn phường","boundary_confirmed","","","Không gian thoáng mát, wifi miễn phí, điểm gặp gỡ quen thuộc của bà con"
"poi-lc-0566","Sân thể thao cầu lông & Bóng bàn KDC 6","park","Công viên & Không gian công cộng","Khuôn viên nhà văn hóa KDC 6, đường Bùi Chát, phường Liên Chiểu, TP. Đà Nẵng","Bùi Chát","Phường Liên Chiểu","Khảo sát thực địa Đoàn phường","boundary_confirmed","","","Sân thể thao cộng đồng rèn luyện sức khỏe buổi sáng và chiều tối"
"poi-lc-0567","Nhà sinh hoạt cộng đồng KDC 7","community","Cộng đồng & Hành chính","Khu dân cư số 7, đường Đồng Kè, phường Liên Chiểu, TP. Đà Nẵng","Đồng Kè","Phường Liên Chiểu","Khảo sát thực địa Đoàn phường","boundary_confirmed","","","Điểm họp dân, sinh hoạt tổ dân phố và phong trào đoàn thanh niên KDC 7"
"poi-lc-0568","Điểm hỗ trợ số cộng đồng - KDC 7","community","Cộng đồng & Hành chính","Nhà văn hóa KDC 7, đường Đồng Kè, phường Liên Chiểu, TP. Đà Nẵng","Đồng Kè","Phường Liên Chiểu","Khảo sát thực địa Đoàn phường","boundary_confirmed","","","Đoàn thanh niên hỗ trợ người cao tuổi cài đặt VNeID và dịch vụ công"
"poi-lc-0569","Điểm phân loại rác tại nguồn KDC 7","living_service","Tiện ích dân sinh","Đầu ngõ khu dân cư 7, đường Đồng Kè, phường Liên Chiểu, TP. Đà Nẵng","Đồng Kè","Phường Liên Chiểu","Khảo sát thực địa Đoàn phường","boundary_confirmed","","","Có thùng rác chia 2 ngăn: Rác tái chế và rác hữu cơ theo quy định thành phố"
"poi-lc-0570","Nhà thuốc Dược sĩ KDC 7","healthcare","Y tế & Sức khỏe","Số 48 đường Đồng Kè, phường Liên Chiểu, TP. Đà Nẵng","Đồng Kè","Phường Liên Chiểu","Khảo sát thực địa Đoàn phường","boundary_confirmed","","","Nhà thuốc đạt chuẩn GPP, bán thuốc theo đơn và tư vấn sức khỏe"
"poi-lc-0571","Cửa hàng bách hóa KDC 7","market","Chợ & Mua sắm thiết yếu","Số 36 đường Đồng Kè, phường Liên Chiểu, TP. Đà Nẵng","Đồng Kè","Phường Liên Chiểu","Khảo sát thực địa Đoàn phường","boundary_confirmed","","","Bán lẻ nhu yếu phẩm, gạo, sữa, nước mắm, xà phòng cho bà con trong xóm"
"poi-lc-0572","Quán ăn bình dân KDC 7 (Mì Quảng, Bún chả cá)","food","Ẩm thực & Đời sống","Số 24 đường Đồng Kè, phường Liên Chiểu, TP. Đà Nẵng","Đồng Kè","Phường Liên Chiểu","Khảo sát thực địa Đoàn phường","boundary_confirmed","","","Món ăn sáng quen thuộc, giá cả bình dân phục vụ người lao động"
"poi-lc-0573","Tiệm sửa xe máy & Bơm vá KDC 7","living_service","Tiện ích dân sinh","Đầu đường Đồng Kè, phường Liên Chiểu, TP. Đà Nẵng","Đồng Kè","Phường Liên Chiểu","Khảo sát thực địa Đoàn phường","boundary_confirmed","","","Hỗ trợ sửa chữa xe máy, thay nhớt, vá săm lưu động"
"poi-lc-0574","Dịch vụ giặt ủi tự động KDC 7","living_service","Tiện ích dân sinh","Số 39 đường Đồng Kè, phường Liên Chiểu, TP. Đà Nẵng","Đồng Kè","Phường Liên Chiểu","Khảo sát thực địa Đoàn phường","boundary_confirmed","","","Giặt sấy lấy nhanh, giá ưu đãi cho sinh viên và công nhân trọ"
"poi-lc-0575","Cà phê Cộng đồng KDC 7","food","Ẩm thực & Đời sống","Số 53 đường Đồng Kè, phường Liên Chiểu, TP. Đà Nẵng","Đồng Kè","Phường Liên Chiểu","Khảo sát thực địa Đoàn phường","boundary_confirmed","","","Không gian thoáng mát, wifi miễn phí, điểm gặp gỡ quen thuộc của bà con"
"poi-lc-0576","Sân thể thao cầu lông & Bóng bàn KDC 7","park","Công viên & Không gian công cộng","Khuôn viên nhà văn hóa KDC 7, đường Đồng Kè, phường Liên Chiểu, TP. Đà Nẵng","Đồng Kè","Phường Liên Chiểu","Khảo sát thực địa Đoàn phường","boundary_confirmed","","","Sân thể thao cộng đồng rèn luyện sức khỏe buổi sáng và chiều tối"
"poi-lc-0577","Nhà sinh hoạt cộng đồng KDC 8","community","Cộng đồng & Hành chính","Khu dân cư số 8, đường Nguyễn Cảnh Chân, phường Liên Chiểu, TP. Đà Nẵng","Nguyễn Cảnh Chân","Phường Liên Chiểu","Khảo sát thực địa Đoàn phường","boundary_confirmed","","","Điểm họp dân, sinh hoạt tổ dân phố và phong trào đoàn thanh niên KDC 8"
"poi-lc-0578","Điểm hỗ trợ số cộng đồng - KDC 8","community","Cộng đồng & Hành chính","Nhà văn hóa KDC 8, đường Nguyễn Cảnh Chân, phường Liên Chiểu, TP. Đà Nẵng","Nguyễn Cảnh Chân","Phường Liên Chiểu","Khảo sát thực địa Đoàn phường","boundary_confirmed","","","Đoàn thanh niên hỗ trợ người cao tuổi cài đặt VNeID và dịch vụ công"
"poi-lc-0579","Điểm phân loại rác tại nguồn KDC 8","living_service","Tiện ích dân sinh","Đầu ngõ khu dân cư 8, đường Nguyễn Cảnh Chân, phường Liên Chiểu, TP. Đà Nẵng","Nguyễn Cảnh Chân","Phường Liên Chiểu","Khảo sát thực địa Đoàn phường","boundary_confirmed","","","Có thùng rác chia 2 ngăn: Rác tái chế và rác hữu cơ theo quy định thành phố"
"poi-lc-0580","Nhà thuốc Dược sĩ KDC 8","healthcare","Y tế & Sức khỏe","Số 52 đường Nguyễn Cảnh Chân, phường Liên Chiểu, TP. Đà Nẵng","Nguyễn Cảnh Chân","Phường Liên Chiểu","Khảo sát thực địa Đoàn phường","boundary_confirmed","","","Nhà thuốc đạt chuẩn GPP, bán thuốc theo đơn và tư vấn sức khỏe"
"poi-lc-0581","Cửa hàng bách hóa KDC 8","market","Chợ & Mua sắm thiết yếu","Số 39 đường Nguyễn Cảnh Chân, phường Liên Chiểu, TP. Đà Nẵng","Nguyễn Cảnh Chân","Phường Liên Chiểu","Khảo sát thực địa Đoàn phường","boundary_confirmed","","","Bán lẻ nhu yếu phẩm, gạo, sữa, nước mắm, xà phòng cho bà con trong xóm"
"poi-lc-0582","Quán ăn bình dân KDC 8 (Mì Quảng, Bún chả cá)","food","Ẩm thực & Đời sống","Số 26 đường Nguyễn Cảnh Chân, phường Liên Chiểu, TP. Đà Nẵng","Nguyễn Cảnh Chân","Phường Liên Chiểu","Khảo sát thực địa Đoàn phường","boundary_confirmed","","","Món ăn sáng quen thuộc, giá cả bình dân phục vụ người lao động"
"poi-lc-0583","Tiệm sửa xe máy & Bơm vá KDC 8","living_service","Tiện ích dân sinh","Đầu đường Nguyễn Cảnh Chân, phường Liên Chiểu, TP. Đà Nẵng","Nguyễn Cảnh Chân","Phường Liên Chiểu","Khảo sát thực địa Đoàn phường","boundary_confirmed","","","Hỗ trợ sửa chữa xe máy, thay nhớt, vá săm lưu động"
"poi-lc-0584","Dịch vụ giặt ủi tự động KDC 8","living_service","Tiện ích dân sinh","Số 42 đường Nguyễn Cảnh Chân, phường Liên Chiểu, TP. Đà Nẵng","Nguyễn Cảnh Chân","Phường Liên Chiểu","Khảo sát thực địa Đoàn phường","boundary_confirmed","","","Giặt sấy lấy nhanh, giá ưu đãi cho sinh viên và công nhân trọ"
"poi-lc-0585","Cà phê Cộng đồng KDC 8","food","Ẩm thực & Đời sống","Số 57 đường Nguyễn Cảnh Chân, phường Liên Chiểu, TP. Đà Nẵng","Nguyễn Cảnh Chân","Phường Liên Chiểu","Khảo sát thực địa Đoàn phường","boundary_confirmed","","","Không gian thoáng mát, wifi miễn phí, điểm gặp gỡ quen thuộc của bà con"
"poi-lc-0586","Sân thể thao cầu lông & Bóng bàn KDC 8","park","Công viên & Không gian công cộng","Khuôn viên nhà văn hóa KDC 8, đường Nguyễn Cảnh Chân, phường Liên Chiểu, TP. Đà Nẵng","Nguyễn Cảnh Chân","Phường Liên Chiểu","Khảo sát thực địa Đoàn phường","boundary_confirmed","","","Sân thể thao cộng đồng rèn luyện sức khỏe buổi sáng và chiều tối"
"poi-lc-0587","Nhà sinh hoạt cộng đồng KDC 9","community","Cộng đồng & Hành chính","Khu dân cư số 9, đường Nguyễn An Ninh, phường Liên Chiểu, TP. Đà Nẵng","Nguyễn An Ninh","Phường Liên Chiểu","Khảo sát thực địa Đoàn phường","boundary_confirmed","","","Điểm họp dân, sinh hoạt tổ dân phố và phong trào đoàn thanh niên KDC 9"
"poi-lc-0588","Điểm hỗ trợ số cộng đồng - KDC 9","community","Cộng đồng & Hành chính","Nhà văn hóa KDC 9, đường Nguyễn An Ninh, phường Liên Chiểu, TP. Đà Nẵng","Nguyễn An Ninh","Phường Liên Chiểu","Khảo sát thực địa Đoàn phường","boundary_confirmed","","","Đoàn thanh niên hỗ trợ người cao tuổi cài đặt VNeID và dịch vụ công"
"poi-lc-0589","Điểm phân loại rác tại nguồn KDC 9","living_service","Tiện ích dân sinh","Đầu ngõ khu dân cư 9, đường Nguyễn An Ninh, phường Liên Chiểu, TP. Đà Nẵng","Nguyễn An Ninh","Phường Liên Chiểu","Khảo sát thực địa Đoàn phường","boundary_confirmed","","","Có thùng rác chia 2 ngăn: Rác tái chế và rác hữu cơ theo quy định thành phố"
"poi-lc-0590","Nhà thuốc Dược sĩ KDC 9","healthcare","Y tế & Sức khỏe","Số 56 đường Nguyễn An Ninh, phường Liên Chiểu, TP. Đà Nẵng","Nguyễn An Ninh","Phường Liên Chiểu","Khảo sát thực địa Đoàn phường","boundary_confirmed","","","Nhà thuốc đạt chuẩn GPP, bán thuốc theo đơn và tư vấn sức khỏe"
"poi-lc-0591","Cửa hàng bách hóa KDC 9","market","Chợ & Mua sắm thiết yếu","Số 42 đường Nguyễn An Ninh, phường Liên Chiểu, TP. Đà Nẵng","Nguyễn An Ninh","Phường Liên Chiểu","Khảo sát thực địa Đoàn phường","boundary_confirmed","","","Bán lẻ nhu yếu phẩm, gạo, sữa, nước mắm, xà phòng cho bà con trong xóm"
"poi-lc-0592","Quán ăn bình dân KDC 9 (Mì Quảng, Bún chả cá)","food","Ẩm thực & Đời sống","Số 28 đường Nguyễn An Ninh, phường Liên Chiểu, TP. Đà Nẵng","Nguyễn An Ninh","Phường Liên Chiểu","Khảo sát thực địa Đoàn phường","boundary_confirmed","","","Món ăn sáng quen thuộc, giá cả bình dân phục vụ người lao động"
"poi-lc-0593","Tiệm sửa xe máy & Bơm vá KDC 9","living_service","Tiện ích dân sinh","Đầu đường Nguyễn An Ninh, phường Liên Chiểu, TP. Đà Nẵng","Nguyễn An Ninh","Phường Liên Chiểu","Khảo sát thực địa Đoàn phường","boundary_confirmed","","","Hỗ trợ sửa chữa xe máy, thay nhớt, vá săm lưu động"
"poi-lc-0594","Dịch vụ giặt ủi tự động KDC 9","living_service","Tiện ích dân sinh","Số 45 đường Nguyễn An Ninh, phường Liên Chiểu, TP. Đà Nẵng","Nguyễn An Ninh","Phường Liên Chiểu","Khảo sát thực địa Đoàn phường","boundary_confirmed","","","Giặt sấy lấy nhanh, giá ưu đãi cho sinh viên và công nhân trọ"
"poi-lc-0595","Cà phê Cộng đồng KDC 9","food","Ẩm thực & Đời sống","Số 61 đường Nguyễn An Ninh, phường Liên Chiểu, TP. Đà Nẵng","Nguyễn An Ninh","Phường Liên Chiểu","Khảo sát thực địa Đoàn phường","boundary_confirmed","","","Không gian thoáng mát, wifi miễn phí, điểm gặp gỡ quen thuộc của bà con"
"poi-lc-0596","Sân thể thao cầu lông & Bóng bàn KDC 9","park","Công viên & Không gian công cộng","Khuôn viên nhà văn hóa KDC 9, đường Nguyễn An Ninh, phường Liên Chiểu, TP. Đà Nẵng","Nguyễn An Ninh","Phường Liên Chiểu","Khảo sát thực địa Đoàn phường","boundary_confirmed","","","Sân thể thao cộng đồng rèn luyện sức khỏe buổi sáng và chiều tối"
"poi-lc-0597","Nhà sinh hoạt cộng đồng KDC 10","community","Cộng đồng & Hành chính","Khu dân cư số 10, đường Nguyễn Khắc Nhu, phường Liên Chiểu, TP. Đà Nẵng","Nguyễn Khắc Nhu","Phường Liên Chiểu","Khảo sát thực địa Đoàn phường","boundary_confirmed","","","Điểm họp dân, sinh hoạt tổ dân phố và phong trào đoàn thanh niên KDC 10"
"poi-lc-0598","Điểm hỗ trợ số cộng đồng - KDC 10","community","Cộng đồng & Hành chính","Nhà văn hóa KDC 10, đường Nguyễn Khắc Nhu, phường Liên Chiểu, TP. Đà Nẵng","Nguyễn Khắc Nhu","Phường Liên Chiểu","Khảo sát thực địa Đoàn phường","boundary_confirmed","","","Đoàn thanh niên hỗ trợ người cao tuổi cài đặt VNeID và dịch vụ công"
"poi-lc-0599","Điểm phân loại rác tại nguồn KDC 10","living_service","Tiện ích dân sinh","Đầu ngõ khu dân cư 10, đường Nguyễn Khắc Nhu, phường Liên Chiểu, TP. Đà Nẵng","Nguyễn Khắc Nhu","Phường Liên Chiểu","Khảo sát thực địa Đoàn phường","boundary_confirmed","","","Có thùng rác chia 2 ngăn: Rác tái chế và rác hữu cơ theo quy định thành phố"
"poi-lc-0600","Nhà thuốc Dược sĩ KDC 10","healthcare","Y tế & Sức khỏe","Số 60 đường Nguyễn Khắc Nhu, phường Liên Chiểu, TP. Đà Nẵng","Nguyễn Khắc Nhu","Phường Liên Chiểu","Khảo sát thực địa Đoàn phường","boundary_confirmed","","","Nhà thuốc đạt chuẩn GPP, bán thuốc theo đơn và tư vấn sức khỏe"
"poi-lc-0601","Cửa hàng bách hóa KDC 10","market","Chợ & Mua sắm thiết yếu","Số 45 đường Nguyễn Khắc Nhu, phường Liên Chiểu, TP. Đà Nẵng","Nguyễn Khắc Nhu","Phường Liên Chiểu","Khảo sát thực địa Đoàn phường","boundary_confirmed","","","Bán lẻ nhu yếu phẩm, gạo, sữa, nước mắm, xà phòng cho bà con trong xóm"
"poi-lc-0602","Quán ăn bình dân KDC 10 (Mì Quảng, Bún chả cá)","food","Ẩm thực & Đời sống","Số 30 đường Nguyễn Khắc Nhu, phường Liên Chiểu, TP. Đà Nẵng","Nguyễn Khắc Nhu","Phường Liên Chiểu","Khảo sát thực địa Đoàn phường","boundary_confirmed","","","Món ăn sáng quen thuộc, giá cả bình dân phục vụ người lao động"
"poi-lc-0603","Tiệm sửa xe máy & Bơm vá KDC 10","living_service","Tiện ích dân sinh","Đầu đường Nguyễn Khắc Nhu, phường Liên Chiểu, TP. Đà Nẵng","Nguyễn Khắc Nhu","Phường Liên Chiểu","Khảo sát thực địa Đoàn phường","boundary_confirmed","","","Hỗ trợ sửa chữa xe máy, thay nhớt, vá săm lưu động"
"poi-lc-0604","Dịch vụ giặt ủi tự động KDC 10","living_service","Tiện ích dân sinh","Số 48 đường Nguyễn Khắc Nhu, phường Liên Chiểu, TP. Đà Nẵng","Nguyễn Khắc Nhu","Phường Liên Chiểu","Khảo sát thực địa Đoàn phường","boundary_confirmed","","","Giặt sấy lấy nhanh, giá ưu đãi cho sinh viên và công nhân trọ"
"poi-lc-0605","Cà phê Cộng đồng KDC 10","food","Ẩm thực & Đời sống","Số 65 đường Nguyễn Khắc Nhu, phường Liên Chiểu, TP. Đà Nẵng","Nguyễn Khắc Nhu","Phường Liên Chiểu","Khảo sát thực địa Đoàn phường","boundary_confirmed","","","Không gian thoáng mát, wifi miễn phí, điểm gặp gỡ quen thuộc của bà con"
"poi-lc-0606","Sân thể thao cầu lông & Bóng bàn KDC 10","park","Công viên & Không gian công cộng","Khuôn viên nhà văn hóa KDC 10, đường Nguyễn Khắc Nhu, phường Liên Chiểu, TP. Đà Nẵng","Nguyễn Khắc Nhu","Phường Liên Chiểu","Khảo sát thực địa Đoàn phường","boundary_confirmed","","","Sân thể thao cộng đồng rèn luyện sức khỏe buổi sáng và chiều tối"
"poi-lc-0607","Nhà sinh hoạt cộng đồng KDC 11","community","Cộng đồng & Hành chính","Khu dân cư số 11, đường Tốt Động, phường Liên Chiểu, TP. Đà Nẵng","Tốt Động","Phường Liên Chiểu","Khảo sát thực địa Đoàn phường","boundary_confirmed","","","Điểm họp dân, sinh hoạt tổ dân phố và phong trào đoàn thanh niên KDC 11"
"poi-lc-0608","Điểm hỗ trợ số cộng đồng - KDC 11","community","Cộng đồng & Hành chính","Nhà văn hóa KDC 11, đường Tốt Động, phường Liên Chiểu, TP. Đà Nẵng","Tốt Động","Phường Liên Chiểu","Khảo sát thực địa Đoàn phường","boundary_confirmed","","","Đoàn thanh niên hỗ trợ người cao tuổi cài đặt VNeID và dịch vụ công"
"poi-lc-0609","Điểm phân loại rác tại nguồn KDC 11","living_service","Tiện ích dân sinh","Đầu ngõ khu dân cư 11, đường Tốt Động, phường Liên Chiểu, TP. Đà Nẵng","Tốt Động","Phường Liên Chiểu","Khảo sát thực địa Đoàn phường","boundary_confirmed","","","Có thùng rác chia 2 ngăn: Rác tái chế và rác hữu cơ theo quy định thành phố"
"poi-lc-0610","Nhà thuốc Dược sĩ KDC 11","healthcare","Y tế & Sức khỏe","Số 64 đường Tốt Động, phường Liên Chiểu, TP. Đà Nẵng","Tốt Động","Phường Liên Chiểu","Khảo sát thực địa Đoàn phường","boundary_confirmed","","","Nhà thuốc đạt chuẩn GPP, bán thuốc theo đơn và tư vấn sức khỏe"
"poi-lc-0611","Cửa hàng bách hóa KDC 11","market","Chợ & Mua sắm thiết yếu","Số 48 đường Tốt Động, phường Liên Chiểu, TP. Đà Nẵng","Tốt Động","Phường Liên Chiểu","Khảo sát thực địa Đoàn phường","boundary_confirmed","","","Bán lẻ nhu yếu phẩm, gạo, sữa, nước mắm, xà phòng cho bà con trong xóm"
"poi-lc-0612","Quán ăn bình dân KDC 11 (Mì Quảng, Bún chả cá)","food","Ẩm thực & Đời sống","Số 32 đường Tốt Động, phường Liên Chiểu, TP. Đà Nẵng","Tốt Động","Phường Liên Chiểu","Khảo sát thực địa Đoàn phường","boundary_confirmed","","","Món ăn sáng quen thuộc, giá cả bình dân phục vụ người lao động"
"poi-lc-0613","Tiệm sửa xe máy & Bơm vá KDC 11","living_service","Tiện ích dân sinh","Đầu đường Tốt Động, phường Liên Chiểu, TP. Đà Nẵng","Tốt Động","Phường Liên Chiểu","Khảo sát thực địa Đoàn phường","boundary_confirmed","","","Hỗ trợ sửa chữa xe máy, thay nhớt, vá săm lưu động"
"poi-lc-0614","Dịch vụ giặt ủi tự động KDC 11","living_service","Tiện ích dân sinh","Số 51 đường Tốt Động, phường Liên Chiểu, TP. Đà Nẵng","Tốt Động","Phường Liên Chiểu","Khảo sát thực địa Đoàn phường","boundary_confirmed","","","Giặt sấy lấy nhanh, giá ưu đãi cho sinh viên và công nhân trọ"
"poi-lc-0615","Cà phê Cộng đồng KDC 11","food","Ẩm thực & Đời sống","Số 69 đường Tốt Động, phường Liên Chiểu, TP. Đà Nẵng","Tốt Động","Phường Liên Chiểu","Khảo sát thực địa Đoàn phường","boundary_confirmed","","","Không gian thoáng mát, wifi miễn phí, điểm gặp gỡ quen thuộc của bà con"
"poi-lc-0616","Sân thể thao cầu lông & Bóng bàn KDC 11","park","Công viên & Không gian công cộng","Khuôn viên nhà văn hóa KDC 11, đường Tốt Động, phường Liên Chiểu, TP. Đà Nẵng","Tốt Động","Phường Liên Chiểu","Khảo sát thực địa Đoàn phường","boundary_confirmed","","","Sân thể thao cộng đồng rèn luyện sức khỏe buổi sáng và chiều tối"
"poi-lc-0617","Nhà sinh hoạt cộng đồng KDC 12","community","Cộng đồng & Hành chính","Khu dân cư số 12, đường Nguyễn Mậu Kiến, phường Liên Chiểu, TP. Đà Nẵng","Nguyễn Mậu Kiến","Phường Liên Chiểu","Khảo sát thực địa Đoàn phường","boundary_confirmed","","","Điểm họp dân, sinh hoạt tổ dân phố và phong trào đoàn thanh niên KDC 12"
"poi-lc-0618","Điểm hỗ trợ số cộng đồng - KDC 12","community","Cộng đồng & Hành chính","Nhà văn hóa KDC 12, đường Nguyễn Mậu Kiến, phường Liên Chiểu, TP. Đà Nẵng","Nguyễn Mậu Kiến","Phường Liên Chiểu","Khảo sát thực địa Đoàn phường","boundary_confirmed","","","Đoàn thanh niên hỗ trợ người cao tuổi cài đặt VNeID và dịch vụ công"
"poi-lc-0619","Điểm phân loại rác tại nguồn KDC 12","living_service","Tiện ích dân sinh","Đầu ngõ khu dân cư 12, đường Nguyễn Mậu Kiến, phường Liên Chiểu, TP. Đà Nẵng","Nguyễn Mậu Kiến","Phường Liên Chiểu","Khảo sát thực địa Đoàn phường","boundary_confirmed","","","Có thùng rác chia 2 ngăn: Rác tái chế và rác hữu cơ theo quy định thành phố"
"poi-lc-0620","Nhà thuốc Dược sĩ KDC 12","healthcare","Y tế & Sức khỏe","Số 68 đường Nguyễn Mậu Kiến, phường Liên Chiểu, TP. Đà Nẵng","Nguyễn Mậu Kiến","Phường Liên Chiểu","Khảo sát thực địa Đoàn phường","boundary_confirmed","","","Nhà thuốc đạt chuẩn GPP, bán thuốc theo đơn và tư vấn sức khỏe"
"poi-lc-0621","Cửa hàng bách hóa KDC 12","market","Chợ & Mua sắm thiết yếu","Số 51 đường Nguyễn Mậu Kiến, phường Liên Chiểu, TP. Đà Nẵng","Nguyễn Mậu Kiến","Phường Liên Chiểu","Khảo sát thực địa Đoàn phường","boundary_confirmed","","","Bán lẻ nhu yếu phẩm, gạo, sữa, nước mắm, xà phòng cho bà con trong xóm"
"poi-lc-0622","Quán ăn bình dân KDC 12 (Mì Quảng, Bún chả cá)","food","Ẩm thực & Đời sống","Số 34 đường Nguyễn Mậu Kiến, phường Liên Chiểu, TP. Đà Nẵng","Nguyễn Mậu Kiến","Phường Liên Chiểu","Khảo sát thực địa Đoàn phường","boundary_confirmed","","","Món ăn sáng quen thuộc, giá cả bình dân phục vụ người lao động"
"poi-lc-0623","Tiệm sửa xe máy & Bơm vá KDC 12","living_service","Tiện ích dân sinh","Đầu đường Nguyễn Mậu Kiến, phường Liên Chiểu, TP. Đà Nẵng","Nguyễn Mậu Kiến","Phường Liên Chiểu","Khảo sát thực địa Đoàn phường","boundary_confirmed","","","Hỗ trợ sửa chữa xe máy, thay nhớt, vá săm lưu động"
"poi-lc-0624","Dịch vụ giặt ủi tự động KDC 12","living_service","Tiện ích dân sinh","Số 54 đường Nguyễn Mậu Kiến, phường Liên Chiểu, TP. Đà Nẵng","Nguyễn Mậu Kiến","Phường Liên Chiểu","Khảo sát thực địa Đoàn phường","boundary_confirmed","","","Giặt sấy lấy nhanh, giá ưu đãi cho sinh viên và công nhân trọ"
"poi-lc-0625","Cà phê Cộng đồng KDC 12","food","Ẩm thực & Đời sống","Số 73 đường Nguyễn Mậu Kiến, phường Liên Chiểu, TP. Đà Nẵng","Nguyễn Mậu Kiến","Phường Liên Chiểu","Khảo sát thực địa Đoàn phường","boundary_confirmed","","","Không gian thoáng mát, wifi miễn phí, điểm gặp gỡ quen thuộc của bà con"
"poi-lc-0626","Sân thể thao cầu lông & Bóng bàn KDC 12","park","Công viên & Không gian công cộng","Khuôn viên nhà văn hóa KDC 12, đường Nguyễn Mậu Kiến, phường Liên Chiểu, TP. Đà Nẵng","Nguyễn Mậu Kiến","Phường Liên Chiểu","Khảo sát thực địa Đoàn phường","boundary_confirmed","","","Sân thể thao cộng đồng rèn luyện sức khỏe buổi sáng và chiều tối"
"poi-lc-0627","Nhà sinh hoạt cộng đồng KDC 13","community","Cộng đồng & Hành chính","Khu dân cư số 13, đường Phan Thị Nể, phường Liên Chiểu, TP. Đà Nẵng","Phan Thị Nể","Phường Liên Chiểu","Khảo sát thực địa Đoàn phường","boundary_confirmed","","","Điểm họp dân, sinh hoạt tổ dân phố và phong trào đoàn thanh niên KDC 13"
"poi-lc-0628","Điểm hỗ trợ số cộng đồng - KDC 13","community","Cộng đồng & Hành chính","Nhà văn hóa KDC 13, đường Phan Thị Nể, phường Liên Chiểu, TP. Đà Nẵng","Phan Thị Nể","Phường Liên Chiểu","Khảo sát thực địa Đoàn phường","boundary_confirmed","","","Đoàn thanh niên hỗ trợ người cao tuổi cài đặt VNeID và dịch vụ công"
"poi-lc-0629","Điểm phân loại rác tại nguồn KDC 13","living_service","Tiện ích dân sinh","Đầu ngõ khu dân cư 13, đường Phan Thị Nể, phường Liên Chiểu, TP. Đà Nẵng","Phan Thị Nể","Phường Liên Chiểu","Khảo sát thực địa Đoàn phường","boundary_confirmed","","","Có thùng rác chia 2 ngăn: Rác tái chế và rác hữu cơ theo quy định thành phố"
"poi-lc-0630","Nhà thuốc Dược sĩ KDC 13","healthcare","Y tế & Sức khỏe","Số 72 đường Phan Thị Nể, phường Liên Chiểu, TP. Đà Nẵng","Phan Thị Nể","Phường Liên Chiểu","Khảo sát thực địa Đoàn phường","boundary_confirmed","","","Nhà thuốc đạt chuẩn GPP, bán thuốc theo đơn và tư vấn sức khỏe"
"poi-lc-0631","Cửa hàng bách hóa KDC 13","market","Chợ & Mua sắm thiết yếu","Số 54 đường Phan Thị Nể, phường Liên Chiểu, TP. Đà Nẵng","Phan Thị Nể","Phường Liên Chiểu","Khảo sát thực địa Đoàn phường","boundary_confirmed","","","Bán lẻ nhu yếu phẩm, gạo, sữa, nước mắm, xà phòng cho bà con trong xóm"
"poi-lc-0632","Quán ăn bình dân KDC 13 (Mì Quảng, Bún chả cá)","food","Ẩm thực & Đời sống","Số 36 đường Phan Thị Nể, phường Liên Chiểu, TP. Đà Nẵng","Phan Thị Nể","Phường Liên Chiểu","Khảo sát thực địa Đoàn phường","boundary_confirmed","","","Món ăn sáng quen thuộc, giá cả bình dân phục vụ người lao động"
"poi-lc-0633","Tiệm sửa xe máy & Bơm vá KDC 13","living_service","Tiện ích dân sinh","Đầu đường Phan Thị Nể, phường Liên Chiểu, TP. Đà Nẵng","Phan Thị Nể","Phường Liên Chiểu","Khảo sát thực địa Đoàn phường","boundary_confirmed","","","Hỗ trợ sửa chữa xe máy, thay nhớt, vá săm lưu động"
"poi-lc-0634","Dịch vụ giặt ủi tự động KDC 13","living_service","Tiện ích dân sinh","Số 57 đường Phan Thị Nể, phường Liên Chiểu, TP. Đà Nẵng","Phan Thị Nể","Phường Liên Chiểu","Khảo sát thực địa Đoàn phường","boundary_confirmed","","","Giặt sấy lấy nhanh, giá ưu đãi cho sinh viên và công nhân trọ"
"poi-lc-0635","Cà phê Cộng đồng KDC 13","food","Ẩm thực & Đời sống","Số 77 đường Phan Thị Nể, phường Liên Chiểu, TP. Đà Nẵng","Phan Thị Nể","Phường Liên Chiểu","Khảo sát thực địa Đoàn phường","boundary_confirmed","","","Không gian thoáng mát, wifi miễn phí, điểm gặp gỡ quen thuộc của bà con"
"poi-lc-0636","Sân thể thao cầu lông & Bóng bàn KDC 13","park","Công viên & Không gian công cộng","Khuôn viên nhà văn hóa KDC 13, đường Phan Thị Nể, phường Liên Chiểu, TP. Đà Nẵng","Phan Thị Nể","Phường Liên Chiểu","Khảo sát thực địa Đoàn phường","boundary_confirmed","","","Sân thể thao cộng đồng rèn luyện sức khỏe buổi sáng và chiều tối"
"poi-lc-0637","Nhà sinh hoạt cộng đồng KDC 14","community","Cộng đồng & Hành chính","Khu dân cư số 14, đường Thanh Vinh 1, phường Liên Chiểu, TP. Đà Nẵng","Thanh Vinh 1","Phường Liên Chiểu","Khảo sát thực địa Đoàn phường","boundary_confirmed","","","Điểm họp dân, sinh hoạt tổ dân phố và phong trào đoàn thanh niên KDC 14"
"poi-lc-0638","Điểm hỗ trợ số cộng đồng - KDC 14","community","Cộng đồng & Hành chính","Nhà văn hóa KDC 14, đường Thanh Vinh 1, phường Liên Chiểu, TP. Đà Nẵng","Thanh Vinh 1","Phường Liên Chiểu","Khảo sát thực địa Đoàn phường","boundary_confirmed","","","Đoàn thanh niên hỗ trợ người cao tuổi cài đặt VNeID và dịch vụ công"
"poi-lc-0639","Điểm phân loại rác tại nguồn KDC 14","living_service","Tiện ích dân sinh","Đầu ngõ khu dân cư 14, đường Thanh Vinh 1, phường Liên Chiểu, TP. Đà Nẵng","Thanh Vinh 1","Phường Liên Chiểu","Khảo sát thực địa Đoàn phường","boundary_confirmed","","","Có thùng rác chia 2 ngăn: Rác tái chế và rác hữu cơ theo quy định thành phố"
"poi-lc-0640","Nhà thuốc Dược sĩ KDC 14","healthcare","Y tế & Sức khỏe","Số 76 đường Thanh Vinh 1, phường Liên Chiểu, TP. Đà Nẵng","Thanh Vinh 1","Phường Liên Chiểu","Khảo sát thực địa Đoàn phường","boundary_confirmed","","","Nhà thuốc đạt chuẩn GPP, bán thuốc theo đơn và tư vấn sức khỏe"
"poi-lc-0641","Cửa hàng bách hóa KDC 14","market","Chợ & Mua sắm thiết yếu","Số 57 đường Thanh Vinh 1, phường Liên Chiểu, TP. Đà Nẵng","Thanh Vinh 1","Phường Liên Chiểu","Khảo sát thực địa Đoàn phường","boundary_confirmed","","","Bán lẻ nhu yếu phẩm, gạo, sữa, nước mắm, xà phòng cho bà con trong xóm"
"poi-lc-0642","Quán ăn bình dân KDC 14 (Mì Quảng, Bún chả cá)","food","Ẩm thực & Đời sống","Số 38 đường Thanh Vinh 1, phường Liên Chiểu, TP. Đà Nẵng","Thanh Vinh 1","Phường Liên Chiểu","Khảo sát thực địa Đoàn phường","boundary_confirmed","","","Món ăn sáng quen thuộc, giá cả bình dân phục vụ người lao động"
"poi-lc-0643","Tiệm sửa xe máy & Bơm vá KDC 14","living_service","Tiện ích dân sinh","Đầu đường Thanh Vinh 1, phường Liên Chiểu, TP. Đà Nẵng","Thanh Vinh 1","Phường Liên Chiểu","Khảo sát thực địa Đoàn phường","boundary_confirmed","","","Hỗ trợ sửa chữa xe máy, thay nhớt, vá săm lưu động"
"poi-lc-0644","Dịch vụ giặt ủi tự động KDC 14","living_service","Tiện ích dân sinh","Số 60 đường Thanh Vinh 1, phường Liên Chiểu, TP. Đà Nẵng","Thanh Vinh 1","Phường Liên Chiểu","Khảo sát thực địa Đoàn phường","boundary_confirmed","","","Giặt sấy lấy nhanh, giá ưu đãi cho sinh viên và công nhân trọ"
"poi-lc-0645","Cà phê Cộng đồng KDC 14","food","Ẩm thực & Đời sống","Số 81 đường Thanh Vinh 1, phường Liên Chiểu, TP. Đà Nẵng","Thanh Vinh 1","Phường Liên Chiểu","Khảo sát thực địa Đoàn phường","boundary_confirmed","","","Không gian thoáng mát, wifi miễn phí, điểm gặp gỡ quen thuộc của bà con"
"poi-lc-0646","Sân thể thao cầu lông & Bóng bàn KDC 14","park","Công viên & Không gian công cộng","Khuôn viên nhà văn hóa KDC 14, đường Thanh Vinh 1, phường Liên Chiểu, TP. Đà Nẵng","Thanh Vinh 1","Phường Liên Chiểu","Khảo sát thực địa Đoàn phường","boundary_confirmed","","","Sân thể thao cộng đồng rèn luyện sức khỏe buổi sáng và chiều tối"
"poi-lc-0647","Nhà sinh hoạt cộng đồng KDC 15","community","Cộng đồng & Hành chính","Khu dân cư số 15, đường Thanh Vinh 2, phường Liên Chiểu, TP. Đà Nẵng","Thanh Vinh 2","Phường Liên Chiểu","Khảo sát thực địa Đoàn phường","boundary_confirmed","","","Điểm họp dân, sinh hoạt tổ dân phố và phong trào đoàn thanh niên KDC 15"
"poi-lc-0648","Điểm hỗ trợ số cộng đồng - KDC 15","community","Cộng đồng & Hành chính","Nhà văn hóa KDC 15, đường Thanh Vinh 2, phường Liên Chiểu, TP. Đà Nẵng","Thanh Vinh 2","Phường Liên Chiểu","Khảo sát thực địa Đoàn phường","boundary_confirmed","","","Đoàn thanh niên hỗ trợ người cao tuổi cài đặt VNeID và dịch vụ công"
"poi-lc-0649","Điểm phân loại rác tại nguồn KDC 15","living_service","Tiện ích dân sinh","Đầu ngõ khu dân cư 15, đường Thanh Vinh 2, phường Liên Chiểu, TP. Đà Nẵng","Thanh Vinh 2","Phường Liên Chiểu","Khảo sát thực địa Đoàn phường","boundary_confirmed","","","Có thùng rác chia 2 ngăn: Rác tái chế và rác hữu cơ theo quy định thành phố"
"poi-lc-0650","Nhà thuốc Dược sĩ KDC 15","healthcare","Y tế & Sức khỏe","Số 80 đường Thanh Vinh 2, phường Liên Chiểu, TP. Đà Nẵng","Thanh Vinh 2","Phường Liên Chiểu","Khảo sát thực địa Đoàn phường","boundary_confirmed","","","Nhà thuốc đạt chuẩn GPP, bán thuốc theo đơn và tư vấn sức khỏe"
"poi-lc-0651","Cửa hàng bách hóa KDC 15","market","Chợ & Mua sắm thiết yếu","Số 60 đường Thanh Vinh 2, phường Liên Chiểu, TP. Đà Nẵng","Thanh Vinh 2","Phường Liên Chiểu","Khảo sát thực địa Đoàn phường","boundary_confirmed","","","Bán lẻ nhu yếu phẩm, gạo, sữa, nước mắm, xà phòng cho bà con trong xóm"
"poi-lc-0652","Quán ăn bình dân KDC 15 (Mì Quảng, Bún chả cá)","food","Ẩm thực & Đời sống","Số 40 đường Thanh Vinh 2, phường Liên Chiểu, TP. Đà Nẵng","Thanh Vinh 2","Phường Liên Chiểu","Khảo sát thực địa Đoàn phường","boundary_confirmed","","","Món ăn sáng quen thuộc, giá cả bình dân phục vụ người lao động"
"poi-lc-0653","Tiệm sửa xe máy & Bơm vá KDC 15","living_service","Tiện ích dân sinh","Đầu đường Thanh Vinh 2, phường Liên Chiểu, TP. Đà Nẵng","Thanh Vinh 2","Phường Liên Chiểu","Khảo sát thực địa Đoàn phường","boundary_confirmed","","","Hỗ trợ sửa chữa xe máy, thay nhớt, vá săm lưu động"
"poi-lc-0654","Dịch vụ giặt ủi tự động KDC 15","living_service","Tiện ích dân sinh","Số 63 đường Thanh Vinh 2, phường Liên Chiểu, TP. Đà Nẵng","Thanh Vinh 2","Phường Liên Chiểu","Khảo sát thực địa Đoàn phường","boundary_confirmed","","","Giặt sấy lấy nhanh, giá ưu đãi cho sinh viên và công nhân trọ"
"poi-lc-0655","Cà phê Cộng đồng KDC 15","food","Ẩm thực & Đời sống","Số 85 đường Thanh Vinh 2, phường Liên Chiểu, TP. Đà Nẵng","Thanh Vinh 2","Phường Liên Chiểu","Khảo sát thực địa Đoàn phường","boundary_confirmed","","","Không gian thoáng mát, wifi miễn phí, điểm gặp gỡ quen thuộc của bà con"
"poi-lc-0656","Sân thể thao cầu lông & Bóng bàn KDC 15","park","Công viên & Không gian công cộng","Khuôn viên nhà văn hóa KDC 15, đường Thanh Vinh 2, phường Liên Chiểu, TP. Đà Nẵng","Thanh Vinh 2","Phường Liên Chiểu","Khảo sát thực địa Đoàn phường","boundary_confirmed","","","Sân thể thao cộng đồng rèn luyện sức khỏe buổi sáng và chiều tối"
"poi-lc-0657","Nhà sinh hoạt cộng đồng KDC 16","community","Cộng đồng & Hành chính","Khu dân cư số 16, đường Thanh Vinh 3, phường Liên Chiểu, TP. Đà Nẵng","Thanh Vinh 3","Phường Liên Chiểu","Khảo sát thực địa Đoàn phường","boundary_confirmed","","","Điểm họp dân, sinh hoạt tổ dân phố và phong trào đoàn thanh niên KDC 16"
"poi-lc-0658","Điểm hỗ trợ số cộng đồng - KDC 16","community","Cộng đồng & Hành chính","Nhà văn hóa KDC 16, đường Thanh Vinh 3, phường Liên Chiểu, TP. Đà Nẵng","Thanh Vinh 3","Phường Liên Chiểu","Khảo sát thực địa Đoàn phường","boundary_confirmed","","","Đoàn thanh niên hỗ trợ người cao tuổi cài đặt VNeID và dịch vụ công"
"poi-lc-0659","Điểm phân loại rác tại nguồn KDC 16","living_service","Tiện ích dân sinh","Đầu ngõ khu dân cư 16, đường Thanh Vinh 3, phường Liên Chiểu, TP. Đà Nẵng","Thanh Vinh 3","Phường Liên Chiểu","Khảo sát thực địa Đoàn phường","boundary_confirmed","","","Có thùng rác chia 2 ngăn: Rác tái chế và rác hữu cơ theo quy định thành phố"
"poi-lc-0660","Nhà thuốc Dược sĩ KDC 16","healthcare","Y tế & Sức khỏe","Số 84 đường Thanh Vinh 3, phường Liên Chiểu, TP. Đà Nẵng","Thanh Vinh 3","Phường Liên Chiểu","Khảo sát thực địa Đoàn phường","boundary_confirmed","","","Nhà thuốc đạt chuẩn GPP, bán thuốc theo đơn và tư vấn sức khỏe"
"poi-lc-0661","Cửa hàng bách hóa KDC 16","market","Chợ & Mua sắm thiết yếu","Số 63 đường Thanh Vinh 3, phường Liên Chiểu, TP. Đà Nẵng","Thanh Vinh 3","Phường Liên Chiểu","Khảo sát thực địa Đoàn phường","boundary_confirmed","","","Bán lẻ nhu yếu phẩm, gạo, sữa, nước mắm, xà phòng cho bà con trong xóm"
"poi-lc-0662","Quán ăn bình dân KDC 16 (Mì Quảng, Bún chả cá)","food","Ẩm thực & Đời sống","Số 42 đường Thanh Vinh 3, phường Liên Chiểu, TP. Đà Nẵng","Thanh Vinh 3","Phường Liên Chiểu","Khảo sát thực địa Đoàn phường","boundary_confirmed","","","Món ăn sáng quen thuộc, giá cả bình dân phục vụ người lao động"
"poi-lc-0663","Tiệm sửa xe máy & Bơm vá KDC 16","living_service","Tiện ích dân sinh","Đầu đường Thanh Vinh 3, phường Liên Chiểu, TP. Đà Nẵng","Thanh Vinh 3","Phường Liên Chiểu","Khảo sát thực địa Đoàn phường","boundary_confirmed","","","Hỗ trợ sửa chữa xe máy, thay nhớt, vá săm lưu động"
"poi-lc-0664","Dịch vụ giặt ủi tự động KDC 16","living_service","Tiện ích dân sinh","Số 66 đường Thanh Vinh 3, phường Liên Chiểu, TP. Đà Nẵng","Thanh Vinh 3","Phường Liên Chiểu","Khảo sát thực địa Đoàn phường","boundary_confirmed","","","Giặt sấy lấy nhanh, giá ưu đãi cho sinh viên và công nhân trọ"
"poi-lc-0665","Cà phê Cộng đồng KDC 16","food","Ẩm thực & Đời sống","Số 89 đường Thanh Vinh 3, phường Liên Chiểu, TP. Đà Nẵng","Thanh Vinh 3","Phường Liên Chiểu","Khảo sát thực địa Đoàn phường","boundary_confirmed","","","Không gian thoáng mát, wifi miễn phí, điểm gặp gỡ quen thuộc của bà con"
"poi-lc-0666","Sân thể thao cầu lông & Bóng bàn KDC 16","park","Công viên & Không gian công cộng","Khuôn viên nhà văn hóa KDC 16, đường Thanh Vinh 3, phường Liên Chiểu, TP. Đà Nẵng","Thanh Vinh 3","Phường Liên Chiểu","Khảo sát thực địa Đoàn phường","boundary_confirmed","","","Sân thể thao cộng đồng rèn luyện sức khỏe buổi sáng và chiều tối"
"poi-lc-0667","Nhà sinh hoạt cộng đồng KDC 17","community","Cộng đồng & Hành chính","Khu dân cư số 17, đường Thanh Vinh 4, phường Liên Chiểu, TP. Đà Nẵng","Thanh Vinh 4","Phường Liên Chiểu","Khảo sát thực địa Đoàn phường","boundary_confirmed","","","Điểm họp dân, sinh hoạt tổ dân phố và phong trào đoàn thanh niên KDC 17"
"poi-lc-0668","Điểm hỗ trợ số cộng đồng - KDC 17","community","Cộng đồng & Hành chính","Nhà văn hóa KDC 17, đường Thanh Vinh 4, phường Liên Chiểu, TP. Đà Nẵng","Thanh Vinh 4","Phường Liên Chiểu","Khảo sát thực địa Đoàn phường","boundary_confirmed","","","Đoàn thanh niên hỗ trợ người cao tuổi cài đặt VNeID và dịch vụ công"
"poi-lc-0669","Điểm phân loại rác tại nguồn KDC 17","living_service","Tiện ích dân sinh","Đầu ngõ khu dân cư 17, đường Thanh Vinh 4, phường Liên Chiểu, TP. Đà Nẵng","Thanh Vinh 4","Phường Liên Chiểu","Khảo sát thực địa Đoàn phường","boundary_confirmed","","","Có thùng rác chia 2 ngăn: Rác tái chế và rác hữu cơ theo quy định thành phố"
"poi-lc-0670","Nhà thuốc Dược sĩ KDC 17","healthcare","Y tế & Sức khỏe","Số 88 đường Thanh Vinh 4, phường Liên Chiểu, TP. Đà Nẵng","Thanh Vinh 4","Phường Liên Chiểu","Khảo sát thực địa Đoàn phường","boundary_confirmed","","","Nhà thuốc đạt chuẩn GPP, bán thuốc theo đơn và tư vấn sức khỏe"
"poi-lc-0671","Cửa hàng bách hóa KDC 17","market","Chợ & Mua sắm thiết yếu","Số 66 đường Thanh Vinh 4, phường Liên Chiểu, TP. Đà Nẵng","Thanh Vinh 4","Phường Liên Chiểu","Khảo sát thực địa Đoàn phường","boundary_confirmed","","","Bán lẻ nhu yếu phẩm, gạo, sữa, nước mắm, xà phòng cho bà con trong xóm"
"poi-lc-0672","Quán ăn bình dân KDC 17 (Mì Quảng, Bún chả cá)","food","Ẩm thực & Đời sống","Số 44 đường Thanh Vinh 4, phường Liên Chiểu, TP. Đà Nẵng","Thanh Vinh 4","Phường Liên Chiểu","Khảo sát thực địa Đoàn phường","boundary_confirmed","","","Món ăn sáng quen thuộc, giá cả bình dân phục vụ người lao động"
"poi-lc-0673","Tiệm sửa xe máy & Bơm vá KDC 17","living_service","Tiện ích dân sinh","Đầu đường Thanh Vinh 4, phường Liên Chiểu, TP. Đà Nẵng","Thanh Vinh 4","Phường Liên Chiểu","Khảo sát thực địa Đoàn phường","boundary_confirmed","","","Hỗ trợ sửa chữa xe máy, thay nhớt, vá săm lưu động"
"poi-lc-0674","Dịch vụ giặt ủi tự động KDC 17","living_service","Tiện ích dân sinh","Số 69 đường Thanh Vinh 4, phường Liên Chiểu, TP. Đà Nẵng","Thanh Vinh 4","Phường Liên Chiểu","Khảo sát thực địa Đoàn phường","boundary_confirmed","","","Giặt sấy lấy nhanh, giá ưu đãi cho sinh viên và công nhân trọ"
"poi-lc-0675","Cà phê Cộng đồng KDC 17","food","Ẩm thực & Đời sống","Số 93 đường Thanh Vinh 4, phường Liên Chiểu, TP. Đà Nẵng","Thanh Vinh 4","Phường Liên Chiểu","Khảo sát thực địa Đoàn phường","boundary_confirmed","","","Không gian thoáng mát, wifi miễn phí, điểm gặp gỡ quen thuộc của bà con"
"poi-lc-0676","Sân thể thao cầu lông & Bóng bàn KDC 17","park","Công viên & Không gian công cộng","Khuôn viên nhà văn hóa KDC 17, đường Thanh Vinh 4, phường Liên Chiểu, TP. Đà Nẵng","Thanh Vinh 4","Phường Liên Chiểu","Khảo sát thực địa Đoàn phường","boundary_confirmed","","","Sân thể thao cộng đồng rèn luyện sức khỏe buổi sáng và chiều tối"
"poi-lc-0677","Nhà sinh hoạt cộng đồng KDC 18","community","Cộng đồng & Hành chính","Khu dân cư số 18, đường Thanh Vinh 5, phường Liên Chiểu, TP. Đà Nẵng","Thanh Vinh 5","Phường Liên Chiểu","Khảo sát thực địa Đoàn phường","boundary_confirmed","","","Điểm họp dân, sinh hoạt tổ dân phố và phong trào đoàn thanh niên KDC 18"
"poi-lc-0678","Điểm hỗ trợ số cộng đồng - KDC 18","community","Cộng đồng & Hành chính","Nhà văn hóa KDC 18, đường Thanh Vinh 5, phường Liên Chiểu, TP. Đà Nẵng","Thanh Vinh 5","Phường Liên Chiểu","Khảo sát thực địa Đoàn phường","boundary_confirmed","","","Đoàn thanh niên hỗ trợ người cao tuổi cài đặt VNeID và dịch vụ công"
"poi-lc-0679","Điểm phân loại rác tại nguồn KDC 18","living_service","Tiện ích dân sinh","Đầu ngõ khu dân cư 18, đường Thanh Vinh 5, phường Liên Chiểu, TP. Đà Nẵng","Thanh Vinh 5","Phường Liên Chiểu","Khảo sát thực địa Đoàn phường","boundary_confirmed","","","Có thùng rác chia 2 ngăn: Rác tái chế và rác hữu cơ theo quy định thành phố"
"poi-lc-0680","Nhà thuốc Dược sĩ KDC 18","healthcare","Y tế & Sức khỏe","Số 92 đường Thanh Vinh 5, phường Liên Chiểu, TP. Đà Nẵng","Thanh Vinh 5","Phường Liên Chiểu","Khảo sát thực địa Đoàn phường","boundary_confirmed","","","Nhà thuốc đạt chuẩn GPP, bán thuốc theo đơn và tư vấn sức khỏe"
"poi-lc-0681","Cửa hàng bách hóa KDC 18","market","Chợ & Mua sắm thiết yếu","Số 69 đường Thanh Vinh 5, phường Liên Chiểu, TP. Đà Nẵng","Thanh Vinh 5","Phường Liên Chiểu","Khảo sát thực địa Đoàn phường","boundary_confirmed","","","Bán lẻ nhu yếu phẩm, gạo, sữa, nước mắm, xà phòng cho bà con trong xóm"
"poi-lc-0682","Quán ăn bình dân KDC 18 (Mì Quảng, Bún chả cá)","food","Ẩm thực & Đời sống","Số 46 đường Thanh Vinh 5, phường Liên Chiểu, TP. Đà Nẵng","Thanh Vinh 5","Phường Liên Chiểu","Khảo sát thực địa Đoàn phường","boundary_confirmed","","","Món ăn sáng quen thuộc, giá cả bình dân phục vụ người lao động"
"poi-lc-0683","Tiệm sửa xe máy & Bơm vá KDC 18","living_service","Tiện ích dân sinh","Đầu đường Thanh Vinh 5, phường Liên Chiểu, TP. Đà Nẵng","Thanh Vinh 5","Phường Liên Chiểu","Khảo sát thực địa Đoàn phường","boundary_confirmed","","","Hỗ trợ sửa chữa xe máy, thay nhớt, vá săm lưu động"
"poi-lc-0684","Dịch vụ giặt ủi tự động KDC 18","living_service","Tiện ích dân sinh","Số 72 đường Thanh Vinh 5, phường Liên Chiểu, TP. Đà Nẵng","Thanh Vinh 5","Phường Liên Chiểu","Khảo sát thực địa Đoàn phường","boundary_confirmed","","","Giặt sấy lấy nhanh, giá ưu đãi cho sinh viên và công nhân trọ"
"poi-lc-0685","Cà phê Cộng đồng KDC 18","food","Ẩm thực & Đời sống","Số 97 đường Thanh Vinh 5, phường Liên Chiểu, TP. Đà Nẵng","Thanh Vinh 5","Phường Liên Chiểu","Khảo sát thực địa Đoàn phường","boundary_confirmed","","","Không gian thoáng mát, wifi miễn phí, điểm gặp gỡ quen thuộc của bà con"
"poi-lc-0686","Sân thể thao cầu lông & Bóng bàn KDC 18","park","Công viên & Không gian công cộng","Khuôn viên nhà văn hóa KDC 18, đường Thanh Vinh 5, phường Liên Chiểu, TP. Đà Nẵng","Thanh Vinh 5","Phường Liên Chiểu","Khảo sát thực địa Đoàn phường","boundary_confirmed","","","Sân thể thao cộng đồng rèn luyện sức khỏe buổi sáng và chiều tối"
"poi-lc-0687","Nhà sinh hoạt cộng đồng KDC 19","community","Cộng đồng & Hành chính","Khu dân cư số 19, đường Thanh Vinh 6, phường Liên Chiểu, TP. Đà Nẵng","Thanh Vinh 6","Phường Liên Chiểu","Khảo sát thực địa Đoàn phường","boundary_confirmed","","","Điểm họp dân, sinh hoạt tổ dân phố và phong trào đoàn thanh niên KDC 19"
"poi-lc-0688","Điểm hỗ trợ số cộng đồng - KDC 19","community","Cộng đồng & Hành chính","Nhà văn hóa KDC 19, đường Thanh Vinh 6, phường Liên Chiểu, TP. Đà Nẵng","Thanh Vinh 6","Phường Liên Chiểu","Khảo sát thực địa Đoàn phường","boundary_confirmed","","","Đoàn thanh niên hỗ trợ người cao tuổi cài đặt VNeID và dịch vụ công"
"poi-lc-0689","Điểm phân loại rác tại nguồn KDC 19","living_service","Tiện ích dân sinh","Đầu ngõ khu dân cư 19, đường Thanh Vinh 6, phường Liên Chiểu, TP. Đà Nẵng","Thanh Vinh 6","Phường Liên Chiểu","Khảo sát thực địa Đoàn phường","boundary_confirmed","","","Có thùng rác chia 2 ngăn: Rác tái chế và rác hữu cơ theo quy định thành phố"
"poi-lc-0690","Nhà thuốc Dược sĩ KDC 19","healthcare","Y tế & Sức khỏe","Số 96 đường Thanh Vinh 6, phường Liên Chiểu, TP. Đà Nẵng","Thanh Vinh 6","Phường Liên Chiểu","Khảo sát thực địa Đoàn phường","boundary_confirmed","","","Nhà thuốc đạt chuẩn GPP, bán thuốc theo đơn và tư vấn sức khỏe"
"poi-lc-0691","Cửa hàng bách hóa KDC 19","market","Chợ & Mua sắm thiết yếu","Số 72 đường Thanh Vinh 6, phường Liên Chiểu, TP. Đà Nẵng","Thanh Vinh 6","Phường Liên Chiểu","Khảo sát thực địa Đoàn phường","boundary_confirmed","","","Bán lẻ nhu yếu phẩm, gạo, sữa, nước mắm, xà phòng cho bà con trong xóm"
"poi-lc-0692","Quán ăn bình dân KDC 19 (Mì Quảng, Bún chả cá)","food","Ẩm thực & Đời sống","Số 48 đường Thanh Vinh 6, phường Liên Chiểu, TP. Đà Nẵng","Thanh Vinh 6","Phường Liên Chiểu","Khảo sát thực địa Đoàn phường","boundary_confirmed","","","Món ăn sáng quen thuộc, giá cả bình dân phục vụ người lao động"
"poi-lc-0693","Tiệm sửa xe máy & Bơm vá KDC 19","living_service","Tiện ích dân sinh","Đầu đường Thanh Vinh 6, phường Liên Chiểu, TP. Đà Nẵng","Thanh Vinh 6","Phường Liên Chiểu","Khảo sát thực địa Đoàn phường","boundary_confirmed","","","Hỗ trợ sửa chữa xe máy, thay nhớt, vá săm lưu động"
"poi-lc-0694","Dịch vụ giặt ủi tự động KDC 19","living_service","Tiện ích dân sinh","Số 75 đường Thanh Vinh 6, phường Liên Chiểu, TP. Đà Nẵng","Thanh Vinh 6","Phường Liên Chiểu","Khảo sát thực địa Đoàn phường","boundary_confirmed","","","Giặt sấy lấy nhanh, giá ưu đãi cho sinh viên và công nhân trọ"
"poi-lc-0695","Cà phê Cộng đồng KDC 19","food","Ẩm thực & Đời sống","Số 101 đường Thanh Vinh 6, phường Liên Chiểu, TP. Đà Nẵng","Thanh Vinh 6","Phường Liên Chiểu","Khảo sát thực địa Đoàn phường","boundary_confirmed","","","Không gian thoáng mát, wifi miễn phí, điểm gặp gỡ quen thuộc của bà con"
"poi-lc-0696","Sân thể thao cầu lông & Bóng bàn KDC 19","park","Công viên & Không gian công cộng","Khuôn viên nhà văn hóa KDC 19, đường Thanh Vinh 6, phường Liên Chiểu, TP. Đà Nẵng","Thanh Vinh 6","Phường Liên Chiểu","Khảo sát thực địa Đoàn phường","boundary_confirmed","","","Sân thể thao cộng đồng rèn luyện sức khỏe buổi sáng và chiều tối"
"poi-lc-0697","Nhà sinh hoạt cộng đồng KDC 20","community","Cộng đồng & Hành chính","Khu dân cư số 20, đường Thanh Vinh 7, phường Liên Chiểu, TP. Đà Nẵng","Thanh Vinh 7","Phường Liên Chiểu","Khảo sát thực địa Đoàn phường","boundary_confirmed","","","Điểm họp dân, sinh hoạt tổ dân phố và phong trào đoàn thanh niên KDC 20"
"poi-lc-0698","Điểm hỗ trợ số cộng đồng - KDC 20","community","Cộng đồng & Hành chính","Nhà văn hóa KDC 20, đường Thanh Vinh 7, phường Liên Chiểu, TP. Đà Nẵng","Thanh Vinh 7","Phường Liên Chiểu","Khảo sát thực địa Đoàn phường","boundary_confirmed","","","Đoàn thanh niên hỗ trợ người cao tuổi cài đặt VNeID và dịch vụ công"
"poi-lc-0699","Điểm phân loại rác tại nguồn KDC 20","living_service","Tiện ích dân sinh","Đầu ngõ khu dân cư 20, đường Thanh Vinh 7, phường Liên Chiểu, TP. Đà Nẵng","Thanh Vinh 7","Phường Liên Chiểu","Khảo sát thực địa Đoàn phường","boundary_confirmed","","","Có thùng rác chia 2 ngăn: Rác tái chế và rác hữu cơ theo quy định thành phố"
"poi-lc-0700","Nhà thuốc Dược sĩ KDC 20","healthcare","Y tế & Sức khỏe","Số 100 đường Thanh Vinh 7, phường Liên Chiểu, TP. Đà Nẵng","Thanh Vinh 7","Phường Liên Chiểu","Khảo sát thực địa Đoàn phường","boundary_confirmed","","","Nhà thuốc đạt chuẩn GPP, bán thuốc theo đơn và tư vấn sức khỏe"
"poi-lc-0701","Cửa hàng bách hóa KDC 20","market","Chợ & Mua sắm thiết yếu","Số 75 đường Thanh Vinh 7, phường Liên Chiểu, TP. Đà Nẵng","Thanh Vinh 7","Phường Liên Chiểu","Khảo sát thực địa Đoàn phường","boundary_confirmed","","","Bán lẻ nhu yếu phẩm, gạo, sữa, nước mắm, xà phòng cho bà con trong xóm"
"poi-lc-0702","Quán ăn bình dân KDC 20 (Mì Quảng, Bún chả cá)","food","Ẩm thực & Đời sống","Số 50 đường Thanh Vinh 7, phường Liên Chiểu, TP. Đà Nẵng","Thanh Vinh 7","Phường Liên Chiểu","Khảo sát thực địa Đoàn phường","boundary_confirmed","","","Món ăn sáng quen thuộc, giá cả bình dân phục vụ người lao động"
"poi-lc-0703","Tiệm sửa xe máy & Bơm vá KDC 20","living_service","Tiện ích dân sinh","Đầu đường Thanh Vinh 7, phường Liên Chiểu, TP. Đà Nẵng","Thanh Vinh 7","Phường Liên Chiểu","Khảo sát thực địa Đoàn phường","boundary_confirmed","","","Hỗ trợ sửa chữa xe máy, thay nhớt, vá săm lưu động"
"poi-lc-0704","Dịch vụ giặt ủi tự động KDC 20","living_service","Tiện ích dân sinh","Số 78 đường Thanh Vinh 7, phường Liên Chiểu, TP. Đà Nẵng","Thanh Vinh 7","Phường Liên Chiểu","Khảo sát thực địa Đoàn phường","boundary_confirmed","","","Giặt sấy lấy nhanh, giá ưu đãi cho sinh viên và công nhân trọ"
"poi-lc-0705","Cà phê Cộng đồng KDC 20","food","Ẩm thực & Đời sống","Số 105 đường Thanh Vinh 7, phường Liên Chiểu, TP. Đà Nẵng","Thanh Vinh 7","Phường Liên Chiểu","Khảo sát thực địa Đoàn phường","boundary_confirmed","","","Không gian thoáng mát, wifi miễn phí, điểm gặp gỡ quen thuộc của bà con"
"poi-lc-0706","Sân thể thao cầu lông & Bóng bàn KDC 20","park","Công viên & Không gian công cộng","Khuôn viên nhà văn hóa KDC 20, đường Thanh Vinh 7, phường Liên Chiểu, TP. Đà Nẵng","Thanh Vinh 7","Phường Liên Chiểu","Khảo sát thực địa Đoàn phường","boundary_confirmed","","","Sân thể thao cộng đồng rèn luyện sức khỏe buổi sáng và chiều tối"
"poi-lc-0707","Nhà sinh hoạt cộng đồng KDC 21","community","Cộng đồng & Hành chính","Khu dân cư số 21, đường Thanh Vinh 8, phường Liên Chiểu, TP. Đà Nẵng","Thanh Vinh 8","Phường Liên Chiểu","Khảo sát thực địa Đoàn phường","boundary_confirmed","","","Điểm họp dân, sinh hoạt tổ dân phố và phong trào đoàn thanh niên KDC 21"
"poi-lc-0708","Điểm hỗ trợ số cộng đồng - KDC 21","community","Cộng đồng & Hành chính","Nhà văn hóa KDC 21, đường Thanh Vinh 8, phường Liên Chiểu, TP. Đà Nẵng","Thanh Vinh 8","Phường Liên Chiểu","Khảo sát thực địa Đoàn phường","boundary_confirmed","","","Đoàn thanh niên hỗ trợ người cao tuổi cài đặt VNeID và dịch vụ công"
"poi-lc-0709","Điểm phân loại rác tại nguồn KDC 21","living_service","Tiện ích dân sinh","Đầu ngõ khu dân cư 21, đường Thanh Vinh 8, phường Liên Chiểu, TP. Đà Nẵng","Thanh Vinh 8","Phường Liên Chiểu","Khảo sát thực địa Đoàn phường","boundary_confirmed","","","Có thùng rác chia 2 ngăn: Rác tái chế và rác hữu cơ theo quy định thành phố"
"poi-lc-0710","Nhà thuốc Dược sĩ KDC 21","healthcare","Y tế & Sức khỏe","Số 104 đường Thanh Vinh 8, phường Liên Chiểu, TP. Đà Nẵng","Thanh Vinh 8","Phường Liên Chiểu","Khảo sát thực địa Đoàn phường","boundary_confirmed","","","Nhà thuốc đạt chuẩn GPP, bán thuốc theo đơn và tư vấn sức khỏe"
"poi-lc-0711","Cửa hàng bách hóa KDC 21","market","Chợ & Mua sắm thiết yếu","Số 78 đường Thanh Vinh 8, phường Liên Chiểu, TP. Đà Nẵng","Thanh Vinh 8","Phường Liên Chiểu","Khảo sát thực địa Đoàn phường","boundary_confirmed","","","Bán lẻ nhu yếu phẩm, gạo, sữa, nước mắm, xà phòng cho bà con trong xóm"
"poi-lc-0712","Quán ăn bình dân KDC 21 (Mì Quảng, Bún chả cá)","food","Ẩm thực & Đời sống","Số 52 đường Thanh Vinh 8, phường Liên Chiểu, TP. Đà Nẵng","Thanh Vinh 8","Phường Liên Chiểu","Khảo sát thực địa Đoàn phường","boundary_confirmed","","","Món ăn sáng quen thuộc, giá cả bình dân phục vụ người lao động"
"poi-lc-0713","Tiệm sửa xe máy & Bơm vá KDC 21","living_service","Tiện ích dân sinh","Đầu đường Thanh Vinh 8, phường Liên Chiểu, TP. Đà Nẵng","Thanh Vinh 8","Phường Liên Chiểu","Khảo sát thực địa Đoàn phường","boundary_confirmed","","","Hỗ trợ sửa chữa xe máy, thay nhớt, vá săm lưu động"
"poi-lc-0714","Dịch vụ giặt ủi tự động KDC 21","living_service","Tiện ích dân sinh","Số 81 đường Thanh Vinh 8, phường Liên Chiểu, TP. Đà Nẵng","Thanh Vinh 8","Phường Liên Chiểu","Khảo sát thực địa Đoàn phường","boundary_confirmed","","","Giặt sấy lấy nhanh, giá ưu đãi cho sinh viên và công nhân trọ"
"poi-lc-0715","Cà phê Cộng đồng KDC 21","food","Ẩm thực & Đời sống","Số 109 đường Thanh Vinh 8, phường Liên Chiểu, TP. Đà Nẵng","Thanh Vinh 8","Phường Liên Chiểu","Khảo sát thực địa Đoàn phường","boundary_confirmed","","","Không gian thoáng mát, wifi miễn phí, điểm gặp gỡ quen thuộc của bà con"
"poi-lc-0716","Sân thể thao cầu lông & Bóng bàn KDC 21","park","Công viên & Không gian công cộng","Khuôn viên nhà văn hóa KDC 21, đường Thanh Vinh 8, phường Liên Chiểu, TP. Đà Nẵng","Thanh Vinh 8","Phường Liên Chiểu","Khảo sát thực địa Đoàn phường","boundary_confirmed","","","Sân thể thao cộng đồng rèn luyện sức khỏe buổi sáng và chiều tối"
"poi-lc-0717","Nhà sinh hoạt cộng đồng KDC 22","community","Cộng đồng & Hành chính","Khu dân cư số 22, đường Thanh Vinh 9, phường Liên Chiểu, TP. Đà Nẵng","Thanh Vinh 9","Phường Liên Chiểu","Khảo sát thực địa Đoàn phường","boundary_confirmed","","","Điểm họp dân, sinh hoạt tổ dân phố và phong trào đoàn thanh niên KDC 22"
"poi-lc-0718","Điểm hỗ trợ số cộng đồng - KDC 22","community","Cộng đồng & Hành chính","Nhà văn hóa KDC 22, đường Thanh Vinh 9, phường Liên Chiểu, TP. Đà Nẵng","Thanh Vinh 9","Phường Liên Chiểu","Khảo sát thực địa Đoàn phường","boundary_confirmed","","","Đoàn thanh niên hỗ trợ người cao tuổi cài đặt VNeID và dịch vụ công"
"poi-lc-0719","Điểm phân loại rác tại nguồn KDC 22","living_service","Tiện ích dân sinh","Đầu ngõ khu dân cư 22, đường Thanh Vinh 9, phường Liên Chiểu, TP. Đà Nẵng","Thanh Vinh 9","Phường Liên Chiểu","Khảo sát thực địa Đoàn phường","boundary_confirmed","","","Có thùng rác chia 2 ngăn: Rác tái chế và rác hữu cơ theo quy định thành phố"
"poi-lc-0720","Nhà thuốc Dược sĩ KDC 22","healthcare","Y tế & Sức khỏe","Số 108 đường Thanh Vinh 9, phường Liên Chiểu, TP. Đà Nẵng","Thanh Vinh 9","Phường Liên Chiểu","Khảo sát thực địa Đoàn phường","boundary_confirmed","","","Nhà thuốc đạt chuẩn GPP, bán thuốc theo đơn và tư vấn sức khỏe"
"poi-lc-0721","Cửa hàng bách hóa KDC 22","market","Chợ & Mua sắm thiết yếu","Số 81 đường Thanh Vinh 9, phường Liên Chiểu, TP. Đà Nẵng","Thanh Vinh 9","Phường Liên Chiểu","Khảo sát thực địa Đoàn phường","boundary_confirmed","","","Bán lẻ nhu yếu phẩm, gạo, sữa, nước mắm, xà phòng cho bà con trong xóm"
"poi-lc-0722","Quán ăn bình dân KDC 22 (Mì Quảng, Bún chả cá)","food","Ẩm thực & Đời sống","Số 54 đường Thanh Vinh 9, phường Liên Chiểu, TP. Đà Nẵng","Thanh Vinh 9","Phường Liên Chiểu","Khảo sát thực địa Đoàn phường","boundary_confirmed","","","Món ăn sáng quen thuộc, giá cả bình dân phục vụ người lao động"
"poi-lc-0723","Tiệm sửa xe máy & Bơm vá KDC 22","living_service","Tiện ích dân sinh","Đầu đường Thanh Vinh 9, phường Liên Chiểu, TP. Đà Nẵng","Thanh Vinh 9","Phường Liên Chiểu","Khảo sát thực địa Đoàn phường","boundary_confirmed","","","Hỗ trợ sửa chữa xe máy, thay nhớt, vá săm lưu động"
"poi-lc-0724","Dịch vụ giặt ủi tự động KDC 22","living_service","Tiện ích dân sinh","Số 84 đường Thanh Vinh 9, phường Liên Chiểu, TP. Đà Nẵng","Thanh Vinh 9","Phường Liên Chiểu","Khảo sát thực địa Đoàn phường","boundary_confirmed","","","Giặt sấy lấy nhanh, giá ưu đãi cho sinh viên và công nhân trọ"
"poi-lc-0725","Cà phê Cộng đồng KDC 22","food","Ẩm thực & Đời sống","Số 113 đường Thanh Vinh 9, phường Liên Chiểu, TP. Đà Nẵng","Thanh Vinh 9","Phường Liên Chiểu","Khảo sát thực địa Đoàn phường","boundary_confirmed","","","Không gian thoáng mát, wifi miễn phí, điểm gặp gỡ quen thuộc của bà con"
"poi-lc-0726","Sân thể thao cầu lông & Bóng bàn KDC 22","park","Công viên & Không gian công cộng","Khuôn viên nhà văn hóa KDC 22, đường Thanh Vinh 9, phường Liên Chiểu, TP. Đà Nẵng","Thanh Vinh 9","Phường Liên Chiểu","Khảo sát thực địa Đoàn phường","boundary_confirmed","","","Sân thể thao cộng đồng rèn luyện sức khỏe buổi sáng và chiều tối"
"poi-lc-0727","Nhà sinh hoạt cộng đồng KDC 23","community","Cộng đồng & Hành chính","Khu dân cư số 23, đường Thanh Vinh 10, phường Liên Chiểu, TP. Đà Nẵng","Thanh Vinh 10","Phường Liên Chiểu","Khảo sát thực địa Đoàn phường","boundary_confirmed","","","Điểm họp dân, sinh hoạt tổ dân phố và phong trào đoàn thanh niên KDC 23"
"poi-lc-0728","Điểm hỗ trợ số cộng đồng - KDC 23","community","Cộng đồng & Hành chính","Nhà văn hóa KDC 23, đường Thanh Vinh 10, phường Liên Chiểu, TP. Đà Nẵng","Thanh Vinh 10","Phường Liên Chiểu","Khảo sát thực địa Đoàn phường","boundary_confirmed","","","Đoàn thanh niên hỗ trợ người cao tuổi cài đặt VNeID và dịch vụ công"
"poi-lc-0729","Điểm phân loại rác tại nguồn KDC 23","living_service","Tiện ích dân sinh","Đầu ngõ khu dân cư 23, đường Thanh Vinh 10, phường Liên Chiểu, TP. Đà Nẵng","Thanh Vinh 10","Phường Liên Chiểu","Khảo sát thực địa Đoàn phường","boundary_confirmed","","","Có thùng rác chia 2 ngăn: Rác tái chế và rác hữu cơ theo quy định thành phố"
"poi-lc-0730","Nhà thuốc Dược sĩ KDC 23","healthcare","Y tế & Sức khỏe","Số 112 đường Thanh Vinh 10, phường Liên Chiểu, TP. Đà Nẵng","Thanh Vinh 10","Phường Liên Chiểu","Khảo sát thực địa Đoàn phường","boundary_confirmed","","","Nhà thuốc đạt chuẩn GPP, bán thuốc theo đơn và tư vấn sức khỏe"
"poi-lc-0731","Cửa hàng bách hóa KDC 23","market","Chợ & Mua sắm thiết yếu","Số 84 đường Thanh Vinh 10, phường Liên Chiểu, TP. Đà Nẵng","Thanh Vinh 10","Phường Liên Chiểu","Khảo sát thực địa Đoàn phường","boundary_confirmed","","","Bán lẻ nhu yếu phẩm, gạo, sữa, nước mắm, xà phòng cho bà con trong xóm"
"poi-lc-0732","Quán ăn bình dân KDC 23 (Mì Quảng, Bún chả cá)","food","Ẩm thực & Đời sống","Số 56 đường Thanh Vinh 10, phường Liên Chiểu, TP. Đà Nẵng","Thanh Vinh 10","Phường Liên Chiểu","Khảo sát thực địa Đoàn phường","boundary_confirmed","","","Món ăn sáng quen thuộc, giá cả bình dân phục vụ người lao động"
"poi-lc-0733","Tiệm sửa xe máy & Bơm vá KDC 23","living_service","Tiện ích dân sinh","Đầu đường Thanh Vinh 10, phường Liên Chiểu, TP. Đà Nẵng","Thanh Vinh 10","Phường Liên Chiểu","Khảo sát thực địa Đoàn phường","boundary_confirmed","","","Hỗ trợ sửa chữa xe máy, thay nhớt, vá săm lưu động"
"poi-lc-0734","Dịch vụ giặt ủi tự động KDC 23","living_service","Tiện ích dân sinh","Số 87 đường Thanh Vinh 10, phường Liên Chiểu, TP. Đà Nẵng","Thanh Vinh 10","Phường Liên Chiểu","Khảo sát thực địa Đoàn phường","boundary_confirmed","","","Giặt sấy lấy nhanh, giá ưu đãi cho sinh viên và công nhân trọ"
"poi-lc-0735","Cà phê Cộng đồng KDC 23","food","Ẩm thực & Đời sống","Số 117 đường Thanh Vinh 10, phường Liên Chiểu, TP. Đà Nẵng","Thanh Vinh 10","Phường Liên Chiểu","Khảo sát thực địa Đoàn phường","boundary_confirmed","","","Không gian thoáng mát, wifi miễn phí, điểm gặp gỡ quen thuộc của bà con"
"poi-lc-0736","Sân thể thao cầu lông & Bóng bàn KDC 23","park","Công viên & Không gian công cộng","Khuôn viên nhà văn hóa KDC 23, đường Thanh Vinh 10, phường Liên Chiểu, TP. Đà Nẵng","Thanh Vinh 10","Phường Liên Chiểu","Khảo sát thực địa Đoàn phường","boundary_confirmed","","","Sân thể thao cộng đồng rèn luyện sức khỏe buổi sáng và chiều tối"
"poi-lc-0737","Nhà sinh hoạt cộng đồng KDC 24","community","Cộng đồng & Hành chính","Khu dân cư số 24, đường Thanh Vinh 12, phường Liên Chiểu, TP. Đà Nẵng","Thanh Vinh 12","Phường Liên Chiểu","Khảo sát thực địa Đoàn phường","boundary_confirmed","","","Điểm họp dân, sinh hoạt tổ dân phố và phong trào đoàn thanh niên KDC 24"
"poi-lc-0738","Điểm hỗ trợ số cộng đồng - KDC 24","community","Cộng đồng & Hành chính","Nhà văn hóa KDC 24, đường Thanh Vinh 12, phường Liên Chiểu, TP. Đà Nẵng","Thanh Vinh 12","Phường Liên Chiểu","Khảo sát thực địa Đoàn phường","boundary_confirmed","","","Đoàn thanh niên hỗ trợ người cao tuổi cài đặt VNeID và dịch vụ công"
"poi-lc-0739","Điểm phân loại rác tại nguồn KDC 24","living_service","Tiện ích dân sinh","Đầu ngõ khu dân cư 24, đường Thanh Vinh 12, phường Liên Chiểu, TP. Đà Nẵng","Thanh Vinh 12","Phường Liên Chiểu","Khảo sát thực địa Đoàn phường","boundary_confirmed","","","Có thùng rác chia 2 ngăn: Rác tái chế và rác hữu cơ theo quy định thành phố"
"poi-lc-0740","Nhà thuốc Dược sĩ KDC 24","healthcare","Y tế & Sức khỏe","Số 116 đường Thanh Vinh 12, phường Liên Chiểu, TP. Đà Nẵng","Thanh Vinh 12","Phường Liên Chiểu","Khảo sát thực địa Đoàn phường","boundary_confirmed","","","Nhà thuốc đạt chuẩn GPP, bán thuốc theo đơn và tư vấn sức khỏe"
"poi-lc-0741","Cửa hàng bách hóa KDC 24","market","Chợ & Mua sắm thiết yếu","Số 87 đường Thanh Vinh 12, phường Liên Chiểu, TP. Đà Nẵng","Thanh Vinh 12","Phường Liên Chiểu","Khảo sát thực địa Đoàn phường","boundary_confirmed","","","Bán lẻ nhu yếu phẩm, gạo, sữa, nước mắm, xà phòng cho bà con trong xóm"
"poi-lc-0742","Quán ăn bình dân KDC 24 (Mì Quảng, Bún chả cá)","food","Ẩm thực & Đời sống","Số 58 đường Thanh Vinh 12, phường Liên Chiểu, TP. Đà Nẵng","Thanh Vinh 12","Phường Liên Chiểu","Khảo sát thực địa Đoàn phường","boundary_confirmed","","","Món ăn sáng quen thuộc, giá cả bình dân phục vụ người lao động"
"poi-lc-0743","Tiệm sửa xe máy & Bơm vá KDC 24","living_service","Tiện ích dân sinh","Đầu đường Thanh Vinh 12, phường Liên Chiểu, TP. Đà Nẵng","Thanh Vinh 12","Phường Liên Chiểu","Khảo sát thực địa Đoàn phường","boundary_confirmed","","","Hỗ trợ sửa chữa xe máy, thay nhớt, vá săm lưu động"
"poi-lc-0744","Dịch vụ giặt ủi tự động KDC 24","living_service","Tiện ích dân sinh","Số 90 đường Thanh Vinh 12, phường Liên Chiểu, TP. Đà Nẵng","Thanh Vinh 12","Phường Liên Chiểu","Khảo sát thực địa Đoàn phường","boundary_confirmed","","","Giặt sấy lấy nhanh, giá ưu đãi cho sinh viên và công nhân trọ"
"poi-lc-0745","Cà phê Cộng đồng KDC 24","food","Ẩm thực & Đời sống","Số 121 đường Thanh Vinh 12, phường Liên Chiểu, TP. Đà Nẵng","Thanh Vinh 12","Phường Liên Chiểu","Khảo sát thực địa Đoàn phường","boundary_confirmed","","","Không gian thoáng mát, wifi miễn phí, điểm gặp gỡ quen thuộc của bà con"
"poi-lc-0746","Sân thể thao cầu lông & Bóng bàn KDC 24","park","Công viên & Không gian công cộng","Khuôn viên nhà văn hóa KDC 24, đường Thanh Vinh 12, phường Liên Chiểu, TP. Đà Nẵng","Thanh Vinh 12","Phường Liên Chiểu","Khảo sát thực địa Đoàn phường","boundary_confirmed","","","Sân thể thao cộng đồng rèn luyện sức khỏe buổi sáng và chiều tối"
"poi-lc-0747","Nhà sinh hoạt cộng đồng KDC 25","community","Cộng đồng & Hành chính","Khu dân cư số 25, đường Thanh Vinh 14, phường Liên Chiểu, TP. Đà Nẵng","Thanh Vinh 14","Phường Liên Chiểu","Khảo sát thực địa Đoàn phường","boundary_confirmed","","","Điểm họp dân, sinh hoạt tổ dân phố và phong trào đoàn thanh niên KDC 25"
"poi-lc-0748","Điểm hỗ trợ số cộng đồng - KDC 25","community","Cộng đồng & Hành chính","Nhà văn hóa KDC 25, đường Thanh Vinh 14, phường Liên Chiểu, TP. Đà Nẵng","Thanh Vinh 14","Phường Liên Chiểu","Khảo sát thực địa Đoàn phường","boundary_confirmed","","","Đoàn thanh niên hỗ trợ người cao tuổi cài đặt VNeID và dịch vụ công"
"poi-lc-0749","Điểm phân loại rác tại nguồn KDC 25","living_service","Tiện ích dân sinh","Đầu ngõ khu dân cư 25, đường Thanh Vinh 14, phường Liên Chiểu, TP. Đà Nẵng","Thanh Vinh 14","Phường Liên Chiểu","Khảo sát thực địa Đoàn phường","boundary_confirmed","","","Có thùng rác chia 2 ngăn: Rác tái chế và rác hữu cơ theo quy định thành phố"
"poi-lc-0750","Nhà thuốc Dược sĩ KDC 25","healthcare","Y tế & Sức khỏe","Số 120 đường Thanh Vinh 14, phường Liên Chiểu, TP. Đà Nẵng","Thanh Vinh 14","Phường Liên Chiểu","Khảo sát thực địa Đoàn phường","boundary_confirmed","","","Nhà thuốc đạt chuẩn GPP, bán thuốc theo đơn và tư vấn sức khỏe"
"poi-lc-0751","Cửa hàng bách hóa KDC 25","market","Chợ & Mua sắm thiết yếu","Số 90 đường Thanh Vinh 14, phường Liên Chiểu, TP. Đà Nẵng","Thanh Vinh 14","Phường Liên Chiểu","Khảo sát thực địa Đoàn phường","boundary_confirmed","","","Bán lẻ nhu yếu phẩm, gạo, sữa, nước mắm, xà phòng cho bà con trong xóm"
"poi-lc-0752","Quán ăn bình dân KDC 25 (Mì Quảng, Bún chả cá)","food","Ẩm thực & Đời sống","Số 60 đường Thanh Vinh 14, phường Liên Chiểu, TP. Đà Nẵng","Thanh Vinh 14","Phường Liên Chiểu","Khảo sát thực địa Đoàn phường","boundary_confirmed","","","Món ăn sáng quen thuộc, giá cả bình dân phục vụ người lao động"
"poi-lc-0753","Tiệm sửa xe máy & Bơm vá KDC 25","living_service","Tiện ích dân sinh","Đầu đường Thanh Vinh 14, phường Liên Chiểu, TP. Đà Nẵng","Thanh Vinh 14","Phường Liên Chiểu","Khảo sát thực địa Đoàn phường","boundary_confirmed","","","Hỗ trợ sửa chữa xe máy, thay nhớt, vá săm lưu động"
"poi-lc-0754","Dịch vụ giặt ủi tự động KDC 25","living_service","Tiện ích dân sinh","Số 93 đường Thanh Vinh 14, phường Liên Chiểu, TP. Đà Nẵng","Thanh Vinh 14","Phường Liên Chiểu","Khảo sát thực địa Đoàn phường","boundary_confirmed","","","Giặt sấy lấy nhanh, giá ưu đãi cho sinh viên và công nhân trọ"
"poi-lc-0755","Cà phê Cộng đồng KDC 25","food","Ẩm thực & Đời sống","Số 125 đường Thanh Vinh 14, phường Liên Chiểu, TP. Đà Nẵng","Thanh Vinh 14","Phường Liên Chiểu","Khảo sát thực địa Đoàn phường","boundary_confirmed","","","Không gian thoáng mát, wifi miễn phí, điểm gặp gỡ quen thuộc của bà con"
"poi-lc-0756","Sân thể thao cầu lông & Bóng bàn KDC 25","park","Công viên & Không gian công cộng","Khuôn viên nhà văn hóa KDC 25, đường Thanh Vinh 14, phường Liên Chiểu, TP. Đà Nẵng","Thanh Vinh 14","Phường Liên Chiểu","Khảo sát thực địa Đoàn phường","boundary_confirmed","","","Sân thể thao cộng đồng rèn luyện sức khỏe buổi sáng và chiều tối"
"poi-lc-0757","Quán bún bò Huế bà Ba (Số 14 Nguyễn Lương Bằng)","food","Ẩm thực & Đời sống","Số 14 đường Nguyễn Lương Bằng, phường Liên Chiểu, TP. Đà Nẵng","Nguyễn Lương Bằng","Phường Liên Chiểu","Khảo sát thực địa Đoàn phường","boundary_confirmed","","","Ẩm thực truyền thống buổi sáng"
"poi-lc-0758","Cửa hàng phụ tùng xe máy Hòa Khánh (Số 18 Nguyễn Lương Bằng)","living_service","Tiện ích dân sinh","Số 18 đường Nguyễn Lương Bằng, phường Liên Chiểu, TP. Đà Nẵng","Nguyễn Lương Bằng","Phường Liên Chiểu","Khảo sát thực địa Đoàn phường","boundary_confirmed","","","Sửa chữa và thay thế phụ tùng chính hãng"
"poi-lc-0759","Tiệm kính thuốc & Đo mắt khúc xạ (Số 22 Nguyễn Lương Bằng)","healthcare","Y tế & Sức khỏe","Số 22 đường Nguyễn Lương Bằng, phường Liên Chiểu, TP. Đà Nẵng","Nguyễn Lương Bằng","Phường Liên Chiểu","Khảo sát thực địa Đoàn phường","boundary_confirmed","","","Kiểm tra thị lực cho học sinh sinh viên"
"poi-lc-0760","Hiệu sách & Văn phòng phẩm Bách Khoa (Số 26 Nguyễn Lương Bằng)","education","Giáo dục & Học tập","Số 26 đường Nguyễn Lương Bằng, phường Liên Chiểu, TP. Đà Nẵng","Nguyễn Lương Bằng","Phường Liên Chiểu","Khảo sát thực địa Đoàn phường","boundary_confirmed","","","Giáo trình, tài liệu in ấn và đồ dùng học tập"
"poi-lc-0761","Quầy giao dịch chuyển tiền Viettel (Số 30 Nguyễn Lương Bằng)","living_service","Tiện ích dân sinh","Số 30 đường Nguyễn Lương Bằng, phường Liên Chiểu, TP. Đà Nẵng","Nguyễn Lương Bằng","Phường Liên Chiểu","Khảo sát thực địa Đoàn phường","boundary_confirmed","","","Nạp rút tiền mặt và gửi hàng nhanh"
"poi-lc-0762","Đại lý gạo sạch miền Trung (Số 34 Nguyễn Lương Bằng)","market","Chợ & Mua sắm thiết yếu","Số 34 đường Nguyễn Lương Bằng, phường Liên Chiểu, TP. Đà Nẵng","Nguyễn Lương Bằng","Phường Liên Chiểu","Khảo sát thực địa Đoàn phường","boundary_confirmed","","","Cung cấp gạo ST25, gạo thơm gia đình"
"poi-lc-0763","Phòng tập Gym & Thể hình Thanh Niên (Số 38 Nguyễn Lương Bằng)","park","Công viên & Không gian công cộng","Số 38 đường Nguyễn Lương Bằng, phường Liên Chiểu, TP. Đà Nẵng","Nguyễn Lương Bằng","Phường Liên Chiểu","Khảo sát thực địa Đoàn phường","boundary_confirmed","","","Trang thiết bị máy tập đầy đủ, vé tháng sinh viên"
"poi-lc-0764","Trà sữa & Cà phê tự học (Số 42 Nguyễn Lương Bằng)","food","Ẩm thực & Đời sống","Số 42 đường Nguyễn Lương Bằng, phường Liên Chiểu, TP. Đà Nẵng","Nguyễn Lương Bằng","Phường Liên Chiểu","Khảo sát thực địa Đoàn phường","boundary_confirmed","","","Không gian yên tĩnh học tập nhóm"
"poi-lc-0765","Cửa hàng đồ gia dụng nhựa & Inox (Số 46 Nguyễn Lương Bằng)","market","Chợ & Mua sắm thiết yếu","Số 46 đường Nguyễn Lương Bằng, phường Liên Chiểu, TP. Đà Nẵng","Nguyễn Lương Bằng","Phường Liên Chiểu","Khảo sát thực địa Đoàn phường","boundary_confirmed","","","Vật dụng sinh hoạt phòng trọ công nhân"
"poi-lc-0766","Cơm tấm công nhân & Sinh viên (Số 50 Nguyễn Lương Bằng)","food","Ẩm thực & Đời sống","Số 50 đường Nguyễn Lương Bằng, phường Liên Chiểu, TP. Đà Nẵng","Nguyễn Lương Bằng","Phường Liên Chiểu","Khảo sát thực địa Đoàn phường","boundary_confirmed","","","Suất ăn dinh dưỡng, giá từ 25k"
"poi-lc-0767","Quán bún bò Huế bà Ba (Số 54 Nguyễn Lương Bằng)","food","Ẩm thực & Đời sống","Số 54 đường Nguyễn Lương Bằng, phường Liên Chiểu, TP. Đà Nẵng","Nguyễn Lương Bằng","Phường Liên Chiểu","Khảo sát thực địa Đoàn phường","boundary_confirmed","","","Ẩm thực truyền thống buổi sáng"
"poi-lc-0768","Cửa hàng phụ tùng xe máy Hòa Khánh (Số 58 Nguyễn Lương Bằng)","living_service","Tiện ích dân sinh","Số 58 đường Nguyễn Lương Bằng, phường Liên Chiểu, TP. Đà Nẵng","Nguyễn Lương Bằng","Phường Liên Chiểu","Khảo sát thực địa Đoàn phường","boundary_confirmed","","","Sửa chữa và thay thế phụ tùng chính hãng"
"poi-lc-0769","Tiệm kính thuốc & Đo mắt khúc xạ (Số 62 Nguyễn Lương Bằng)","healthcare","Y tế & Sức khỏe","Số 62 đường Nguyễn Lương Bằng, phường Liên Chiểu, TP. Đà Nẵng","Nguyễn Lương Bằng","Phường Liên Chiểu","Khảo sát thực địa Đoàn phường","boundary_confirmed","","","Kiểm tra thị lực cho học sinh sinh viên"
"poi-lc-0770","Hiệu sách & Văn phòng phẩm Bách Khoa (Số 66 Nguyễn Lương Bằng)","education","Giáo dục & Học tập","Số 66 đường Nguyễn Lương Bằng, phường Liên Chiểu, TP. Đà Nẵng","Nguyễn Lương Bằng","Phường Liên Chiểu","Khảo sát thực địa Đoàn phường","boundary_confirmed","","","Giáo trình, tài liệu in ấn và đồ dùng học tập"
"poi-lc-0771","Quầy giao dịch chuyển tiền Viettel (Số 70 Nguyễn Lương Bằng)","living_service","Tiện ích dân sinh","Số 70 đường Nguyễn Lương Bằng, phường Liên Chiểu, TP. Đà Nẵng","Nguyễn Lương Bằng","Phường Liên Chiểu","Khảo sát thực địa Đoàn phường","boundary_confirmed","","","Nạp rút tiền mặt và gửi hàng nhanh"
"poi-lc-0772","Đại lý gạo sạch miền Trung (Số 74 Nguyễn Lương Bằng)","market","Chợ & Mua sắm thiết yếu","Số 74 đường Nguyễn Lương Bằng, phường Liên Chiểu, TP. Đà Nẵng","Nguyễn Lương Bằng","Phường Liên Chiểu","Khảo sát thực địa Đoàn phường","boundary_confirmed","","","Cung cấp gạo ST25, gạo thơm gia đình"
"poi-lc-0773","Phòng tập Gym & Thể hình Thanh Niên (Số 78 Nguyễn Lương Bằng)","park","Công viên & Không gian công cộng","Số 78 đường Nguyễn Lương Bằng, phường Liên Chiểu, TP. Đà Nẵng","Nguyễn Lương Bằng","Phường Liên Chiểu","Khảo sát thực địa Đoàn phường","boundary_confirmed","","","Trang thiết bị máy tập đầy đủ, vé tháng sinh viên"
"poi-lc-0774","Trà sữa & Cà phê tự học (Số 82 Nguyễn Lương Bằng)","food","Ẩm thực & Đời sống","Số 82 đường Nguyễn Lương Bằng, phường Liên Chiểu, TP. Đà Nẵng","Nguyễn Lương Bằng","Phường Liên Chiểu","Khảo sát thực địa Đoàn phường","boundary_confirmed","","","Không gian yên tĩnh học tập nhóm"
"poi-lc-0775","Cửa hàng đồ gia dụng nhựa & Inox (Số 86 Nguyễn Lương Bằng)","market","Chợ & Mua sắm thiết yếu","Số 86 đường Nguyễn Lương Bằng, phường Liên Chiểu, TP. Đà Nẵng","Nguyễn Lương Bằng","Phường Liên Chiểu","Khảo sát thực địa Đoàn phường","boundary_confirmed","","","Vật dụng sinh hoạt phòng trọ công nhân"
"poi-lc-0776","Cơm tấm công nhân & Sinh viên (Số 90 Nguyễn Lương Bằng)","food","Ẩm thực & Đời sống","Số 90 đường Nguyễn Lương Bằng, phường Liên Chiểu, TP. Đà Nẵng","Nguyễn Lương Bằng","Phường Liên Chiểu","Khảo sát thực địa Đoàn phường","boundary_confirmed","","","Suất ăn dinh dưỡng, giá từ 25k"
"poi-lc-0777","Quán bún bò Huế bà Ba (Số 94 Nguyễn Lương Bằng)","food","Ẩm thực & Đời sống","Số 94 đường Nguyễn Lương Bằng, phường Liên Chiểu, TP. Đà Nẵng","Nguyễn Lương Bằng","Phường Liên Chiểu","Khảo sát thực địa Đoàn phường","boundary_confirmed","","","Ẩm thực truyền thống buổi sáng"
"poi-lc-0778","Cửa hàng phụ tùng xe máy Hòa Khánh (Số 98 Nguyễn Lương Bằng)","living_service","Tiện ích dân sinh","Số 98 đường Nguyễn Lương Bằng, phường Liên Chiểu, TP. Đà Nẵng","Nguyễn Lương Bằng","Phường Liên Chiểu","Khảo sát thực địa Đoàn phường","boundary_confirmed","","","Sửa chữa và thay thế phụ tùng chính hãng"
"poi-lc-0779","Tiệm kính thuốc & Đo mắt khúc xạ (Số 102 Nguyễn Lương Bằng)","healthcare","Y tế & Sức khỏe","Số 102 đường Nguyễn Lương Bằng, phường Liên Chiểu, TP. Đà Nẵng","Nguyễn Lương Bằng","Phường Liên Chiểu","Khảo sát thực địa Đoàn phường","boundary_confirmed","","","Kiểm tra thị lực cho học sinh sinh viên"
"poi-lc-0780","Hiệu sách & Văn phòng phẩm Bách Khoa (Số 106 Nguyễn Lương Bằng)","education","Giáo dục & Học tập","Số 106 đường Nguyễn Lương Bằng, phường Liên Chiểu, TP. Đà Nẵng","Nguyễn Lương Bằng","Phường Liên Chiểu","Khảo sát thực địa Đoàn phường","boundary_confirmed","","","Giáo trình, tài liệu in ấn và đồ dùng học tập"
"poi-lc-0781","Quầy giao dịch chuyển tiền Viettel (Số 110 Nguyễn Lương Bằng)","living_service","Tiện ích dân sinh","Số 110 đường Nguyễn Lương Bằng, phường Liên Chiểu, TP. Đà Nẵng","Nguyễn Lương Bằng","Phường Liên Chiểu","Khảo sát thực địa Đoàn phường","boundary_confirmed","","","Nạp rút tiền mặt và gửi hàng nhanh"
"poi-lc-0782","Đại lý gạo sạch miền Trung (Số 114 Nguyễn Lương Bằng)","market","Chợ & Mua sắm thiết yếu","Số 114 đường Nguyễn Lương Bằng, phường Liên Chiểu, TP. Đà Nẵng","Nguyễn Lương Bằng","Phường Liên Chiểu","Khảo sát thực địa Đoàn phường","boundary_confirmed","","","Cung cấp gạo ST25, gạo thơm gia đình"
"poi-lc-0783","Phòng tập Gym & Thể hình Thanh Niên (Số 118 Nguyễn Lương Bằng)","park","Công viên & Không gian công cộng","Số 118 đường Nguyễn Lương Bằng, phường Liên Chiểu, TP. Đà Nẵng","Nguyễn Lương Bằng","Phường Liên Chiểu","Khảo sát thực địa Đoàn phường","boundary_confirmed","","","Trang thiết bị máy tập đầy đủ, vé tháng sinh viên"
"poi-lc-0784","Trà sữa & Cà phê tự học (Số 122 Nguyễn Lương Bằng)","food","Ẩm thực & Đời sống","Số 122 đường Nguyễn Lương Bằng, phường Liên Chiểu, TP. Đà Nẵng","Nguyễn Lương Bằng","Phường Liên Chiểu","Khảo sát thực địa Đoàn phường","boundary_confirmed","","","Không gian yên tĩnh học tập nhóm"
"poi-lc-0785","Cửa hàng đồ gia dụng nhựa & Inox (Số 126 Nguyễn Lương Bằng)","market","Chợ & Mua sắm thiết yếu","Số 126 đường Nguyễn Lương Bằng, phường Liên Chiểu, TP. Đà Nẵng","Nguyễn Lương Bằng","Phường Liên Chiểu","Khảo sát thực địa Đoàn phường","boundary_confirmed","","","Vật dụng sinh hoạt phòng trọ công nhân"
"poi-lc-0786","Cơm tấm công nhân & Sinh viên (Số 130 Nguyễn Lương Bằng)","food","Ẩm thực & Đời sống","Số 130 đường Nguyễn Lương Bằng, phường Liên Chiểu, TP. Đà Nẵng","Nguyễn Lương Bằng","Phường Liên Chiểu","Khảo sát thực địa Đoàn phường","boundary_confirmed","","","Suất ăn dinh dưỡng, giá từ 25k"
"poi-lc-0787","Quán bún bò Huế bà Ba (Số 134 Nguyễn Lương Bằng)","food","Ẩm thực & Đời sống","Số 134 đường Nguyễn Lương Bằng, phường Liên Chiểu, TP. Đà Nẵng","Nguyễn Lương Bằng","Phường Liên Chiểu","Khảo sát thực địa Đoàn phường","boundary_confirmed","","","Ẩm thực truyền thống buổi sáng"
"poi-lc-0788","Cửa hàng phụ tùng xe máy Hòa Khánh (Số 138 Nguyễn Lương Bằng)","living_service","Tiện ích dân sinh","Số 138 đường Nguyễn Lương Bằng, phường Liên Chiểu, TP. Đà Nẵng","Nguyễn Lương Bằng","Phường Liên Chiểu","Khảo sát thực địa Đoàn phường","boundary_confirmed","","","Sửa chữa và thay thế phụ tùng chính hãng"
"poi-lc-0789","Tiệm kính thuốc & Đo mắt khúc xạ (Số 142 Nguyễn Lương Bằng)","healthcare","Y tế & Sức khỏe","Số 142 đường Nguyễn Lương Bằng, phường Liên Chiểu, TP. Đà Nẵng","Nguyễn Lương Bằng","Phường Liên Chiểu","Khảo sát thực địa Đoàn phường","boundary_confirmed","","","Kiểm tra thị lực cho học sinh sinh viên"
"poi-lc-0790","Hiệu sách & Văn phòng phẩm Bách Khoa (Số 146 Nguyễn Lương Bằng)","education","Giáo dục & Học tập","Số 146 đường Nguyễn Lương Bằng, phường Liên Chiểu, TP. Đà Nẵng","Nguyễn Lương Bằng","Phường Liên Chiểu","Khảo sát thực địa Đoàn phường","boundary_confirmed","","","Giáo trình, tài liệu in ấn và đồ dùng học tập"
"poi-lc-0791","Quầy giao dịch chuyển tiền Viettel (Số 150 Nguyễn Lương Bằng)","living_service","Tiện ích dân sinh","Số 150 đường Nguyễn Lương Bằng, phường Liên Chiểu, TP. Đà Nẵng","Nguyễn Lương Bằng","Phường Liên Chiểu","Khảo sát thực địa Đoàn phường","boundary_confirmed","","","Nạp rút tiền mặt và gửi hàng nhanh"
"poi-lc-0792","Đại lý gạo sạch miền Trung (Số 154 Nguyễn Lương Bằng)","market","Chợ & Mua sắm thiết yếu","Số 154 đường Nguyễn Lương Bằng, phường Liên Chiểu, TP. Đà Nẵng","Nguyễn Lương Bằng","Phường Liên Chiểu","Khảo sát thực địa Đoàn phường","boundary_confirmed","","","Cung cấp gạo ST25, gạo thơm gia đình"
"poi-lc-0793","Phòng tập Gym & Thể hình Thanh Niên (Số 158 Nguyễn Lương Bằng)","park","Công viên & Không gian công cộng","Số 158 đường Nguyễn Lương Bằng, phường Liên Chiểu, TP. Đà Nẵng","Nguyễn Lương Bằng","Phường Liên Chiểu","Khảo sát thực địa Đoàn phường","boundary_confirmed","","","Trang thiết bị máy tập đầy đủ, vé tháng sinh viên"
"poi-lc-0794","Trà sữa & Cà phê tự học (Số 162 Nguyễn Lương Bằng)","food","Ẩm thực & Đời sống","Số 162 đường Nguyễn Lương Bằng, phường Liên Chiểu, TP. Đà Nẵng","Nguyễn Lương Bằng","Phường Liên Chiểu","Khảo sát thực địa Đoàn phường","boundary_confirmed","","","Không gian yên tĩnh học tập nhóm"
"poi-lc-0795","Cửa hàng đồ gia dụng nhựa & Inox (Số 166 Nguyễn Lương Bằng)","market","Chợ & Mua sắm thiết yếu","Số 166 đường Nguyễn Lương Bằng, phường Liên Chiểu, TP. Đà Nẵng","Nguyễn Lương Bằng","Phường Liên Chiểu","Khảo sát thực địa Đoàn phường","boundary_confirmed","","","Vật dụng sinh hoạt phòng trọ công nhân"
"poi-lc-0796","Cơm tấm công nhân & Sinh viên (Số 170 Nguyễn Lương Bằng)","food","Ẩm thực & Đời sống","Số 170 đường Nguyễn Lương Bằng, phường Liên Chiểu, TP. Đà Nẵng","Nguyễn Lương Bằng","Phường Liên Chiểu","Khảo sát thực địa Đoàn phường","boundary_confirmed","","","Suất ăn dinh dưỡng, giá từ 25k"
"poi-lc-0797","Quán bún bò Huế bà Ba (Số 174 Nguyễn Lương Bằng)","food","Ẩm thực & Đời sống","Số 174 đường Nguyễn Lương Bằng, phường Liên Chiểu, TP. Đà Nẵng","Nguyễn Lương Bằng","Phường Liên Chiểu","Khảo sát thực địa Đoàn phường","boundary_confirmed","","","Ẩm thực truyền thống buổi sáng"
"poi-lc-0798","Cửa hàng phụ tùng xe máy Hòa Khánh (Số 178 Nguyễn Lương Bằng)","living_service","Tiện ích dân sinh","Số 178 đường Nguyễn Lương Bằng, phường Liên Chiểu, TP. Đà Nẵng","Nguyễn Lương Bằng","Phường Liên Chiểu","Khảo sát thực địa Đoàn phường","boundary_confirmed","","","Sửa chữa và thay thế phụ tùng chính hãng"
"poi-lc-0799","Tiệm kính thuốc & Đo mắt khúc xạ (Số 182 Nguyễn Lương Bằng)","healthcare","Y tế & Sức khỏe","Số 182 đường Nguyễn Lương Bằng, phường Liên Chiểu, TP. Đà Nẵng","Nguyễn Lương Bằng","Phường Liên Chiểu","Khảo sát thực địa Đoàn phường","boundary_confirmed","","","Kiểm tra thị lực cho học sinh sinh viên"
"poi-lc-0800","Hiệu sách & Văn phòng phẩm Bách Khoa (Số 186 Nguyễn Lương Bằng)","education","Giáo dục & Học tập","Số 186 đường Nguyễn Lương Bằng, phường Liên Chiểu, TP. Đà Nẵng","Nguyễn Lương Bằng","Phường Liên Chiểu","Khảo sát thực địa Đoàn phường","boundary_confirmed","","","Giáo trình, tài liệu in ấn và đồ dùng học tập"
"poi-lc-0801","Quầy giao dịch chuyển tiền Viettel (Số 190 Nguyễn Lương Bằng)","living_service","Tiện ích dân sinh","Số 190 đường Nguyễn Lương Bằng, phường Liên Chiểu, TP. Đà Nẵng","Nguyễn Lương Bằng","Phường Liên Chiểu","Khảo sát thực địa Đoàn phường","boundary_confirmed","","","Nạp rút tiền mặt và gửi hàng nhanh"
"poi-lc-0802","Đại lý gạo sạch miền Trung (Số 194 Nguyễn Lương Bằng)","market","Chợ & Mua sắm thiết yếu","Số 194 đường Nguyễn Lương Bằng, phường Liên Chiểu, TP. Đà Nẵng","Nguyễn Lương Bằng","Phường Liên Chiểu","Khảo sát thực địa Đoàn phường","boundary_confirmed","","","Cung cấp gạo ST25, gạo thơm gia đình"
"poi-lc-0803","Phòng tập Gym & Thể hình Thanh Niên (Số 198 Nguyễn Lương Bằng)","park","Công viên & Không gian công cộng","Số 198 đường Nguyễn Lương Bằng, phường Liên Chiểu, TP. Đà Nẵng","Nguyễn Lương Bằng","Phường Liên Chiểu","Khảo sát thực địa Đoàn phường","boundary_confirmed","","","Trang thiết bị máy tập đầy đủ, vé tháng sinh viên"
"poi-lc-0804","Trà sữa & Cà phê tự học (Số 202 Nguyễn Lương Bằng)","food","Ẩm thực & Đời sống","Số 202 đường Nguyễn Lương Bằng, phường Liên Chiểu, TP. Đà Nẵng","Nguyễn Lương Bằng","Phường Liên Chiểu","Khảo sát thực địa Đoàn phường","boundary_confirmed","","","Không gian yên tĩnh học tập nhóm"
"poi-lc-0805","Cửa hàng đồ gia dụng nhựa & Inox (Số 206 Nguyễn Lương Bằng)","market","Chợ & Mua sắm thiết yếu","Số 206 đường Nguyễn Lương Bằng, phường Liên Chiểu, TP. Đà Nẵng","Nguyễn Lương Bằng","Phường Liên Chiểu","Khảo sát thực địa Đoàn phường","boundary_confirmed","","","Vật dụng sinh hoạt phòng trọ công nhân"
"poi-lc-0806","Cơm tấm công nhân & Sinh viên (Số 210 Nguyễn Lương Bằng)","food","Ẩm thực & Đời sống","Số 210 đường Nguyễn Lương Bằng, phường Liên Chiểu, TP. Đà Nẵng","Nguyễn Lương Bằng","Phường Liên Chiểu","Khảo sát thực địa Đoàn phường","boundary_confirmed","","","Suất ăn dinh dưỡng, giá từ 25k"
"poi-lc-0807","Quán bún bò Huế bà Ba (Số 214 Nguyễn Lương Bằng)","food","Ẩm thực & Đời sống","Số 214 đường Nguyễn Lương Bằng, phường Liên Chiểu, TP. Đà Nẵng","Nguyễn Lương Bằng","Phường Liên Chiểu","Khảo sát thực địa Đoàn phường","boundary_confirmed","","","Ẩm thực truyền thống buổi sáng"
"poi-lc-0808","Cửa hàng phụ tùng xe máy Hòa Khánh (Số 218 Nguyễn Lương Bằng)","living_service","Tiện ích dân sinh","Số 218 đường Nguyễn Lương Bằng, phường Liên Chiểu, TP. Đà Nẵng","Nguyễn Lương Bằng","Phường Liên Chiểu","Khảo sát thực địa Đoàn phường","boundary_confirmed","","","Sửa chữa và thay thế phụ tùng chính hãng"
"poi-lc-0809","Tiệm kính thuốc & Đo mắt khúc xạ (Số 222 Nguyễn Lương Bằng)","healthcare","Y tế & Sức khỏe","Số 222 đường Nguyễn Lương Bằng, phường Liên Chiểu, TP. Đà Nẵng","Nguyễn Lương Bằng","Phường Liên Chiểu","Khảo sát thực địa Đoàn phường","boundary_confirmed","","","Kiểm tra thị lực cho học sinh sinh viên"
"poi-lc-0810","Hiệu sách & Văn phòng phẩm Bách Khoa (Số 226 Nguyễn Lương Bằng)","education","Giáo dục & Học tập","Số 226 đường Nguyễn Lương Bằng, phường Liên Chiểu, TP. Đà Nẵng","Nguyễn Lương Bằng","Phường Liên Chiểu","Khảo sát thực địa Đoàn phường","boundary_confirmed","","","Giáo trình, tài liệu in ấn và đồ dùng học tập"
"poi-lc-0811","Quầy giao dịch chuyển tiền Viettel (Số 230 Nguyễn Lương Bằng)","living_service","Tiện ích dân sinh","Số 230 đường Nguyễn Lương Bằng, phường Liên Chiểu, TP. Đà Nẵng","Nguyễn Lương Bằng","Phường Liên Chiểu","Khảo sát thực địa Đoàn phường","boundary_confirmed","","","Nạp rút tiền mặt và gửi hàng nhanh"
"poi-lc-0812","Đại lý gạo sạch miền Trung (Số 234 Nguyễn Lương Bằng)","market","Chợ & Mua sắm thiết yếu","Số 234 đường Nguyễn Lương Bằng, phường Liên Chiểu, TP. Đà Nẵng","Nguyễn Lương Bằng","Phường Liên Chiểu","Khảo sát thực địa Đoàn phường","boundary_confirmed","","","Cung cấp gạo ST25, gạo thơm gia đình"
"poi-lc-0813","Phòng tập Gym & Thể hình Thanh Niên (Số 238 Nguyễn Lương Bằng)","park","Công viên & Không gian công cộng","Số 238 đường Nguyễn Lương Bằng, phường Liên Chiểu, TP. Đà Nẵng","Nguyễn Lương Bằng","Phường Liên Chiểu","Khảo sát thực địa Đoàn phường","boundary_confirmed","","","Trang thiết bị máy tập đầy đủ, vé tháng sinh viên"
"poi-lc-0814","Trà sữa & Cà phê tự học (Số 242 Nguyễn Lương Bằng)","food","Ẩm thực & Đời sống","Số 242 đường Nguyễn Lương Bằng, phường Liên Chiểu, TP. Đà Nẵng","Nguyễn Lương Bằng","Phường Liên Chiểu","Khảo sát thực địa Đoàn phường","boundary_confirmed","","","Không gian yên tĩnh học tập nhóm"
"poi-lc-0815","Cửa hàng đồ gia dụng nhựa & Inox (Số 246 Nguyễn Lương Bằng)","market","Chợ & Mua sắm thiết yếu","Số 246 đường Nguyễn Lương Bằng, phường Liên Chiểu, TP. Đà Nẵng","Nguyễn Lương Bằng","Phường Liên Chiểu","Khảo sát thực địa Đoàn phường","boundary_confirmed","","","Vật dụng sinh hoạt phòng trọ công nhân"
"poi-lc-0816","Cơm tấm công nhân & Sinh viên (Số 250 Nguyễn Lương Bằng)","food","Ẩm thực & Đời sống","Số 250 đường Nguyễn Lương Bằng, phường Liên Chiểu, TP. Đà Nẵng","Nguyễn Lương Bằng","Phường Liên Chiểu","Khảo sát thực địa Đoàn phường","boundary_confirmed","","","Suất ăn dinh dưỡng, giá từ 25k"
"poi-lc-0817","Quán bún bò Huế bà Ba (Số 254 Nguyễn Lương Bằng)","food","Ẩm thực & Đời sống","Số 254 đường Nguyễn Lương Bằng, phường Liên Chiểu, TP. Đà Nẵng","Nguyễn Lương Bằng","Phường Liên Chiểu","Khảo sát thực địa Đoàn phường","boundary_confirmed","","","Ẩm thực truyền thống buổi sáng"
"poi-lc-0818","Cửa hàng phụ tùng xe máy Hòa Khánh (Số 258 Nguyễn Lương Bằng)","living_service","Tiện ích dân sinh","Số 258 đường Nguyễn Lương Bằng, phường Liên Chiểu, TP. Đà Nẵng","Nguyễn Lương Bằng","Phường Liên Chiểu","Khảo sát thực địa Đoàn phường","boundary_confirmed","","","Sửa chữa và thay thế phụ tùng chính hãng"
"poi-lc-0819","Tiệm kính thuốc & Đo mắt khúc xạ (Số 262 Nguyễn Lương Bằng)","healthcare","Y tế & Sức khỏe","Số 262 đường Nguyễn Lương Bằng, phường Liên Chiểu, TP. Đà Nẵng","Nguyễn Lương Bằng","Phường Liên Chiểu","Khảo sát thực địa Đoàn phường","boundary_confirmed","","","Kiểm tra thị lực cho học sinh sinh viên"
"poi-lc-0820","Hiệu sách & Văn phòng phẩm Bách Khoa (Số 266 Nguyễn Lương Bằng)","education","Giáo dục & Học tập","Số 266 đường Nguyễn Lương Bằng, phường Liên Chiểu, TP. Đà Nẵng","Nguyễn Lương Bằng","Phường Liên Chiểu","Khảo sát thực địa Đoàn phường","boundary_confirmed","","","Giáo trình, tài liệu in ấn và đồ dùng học tập"
"poi-lc-0821","Quầy giao dịch chuyển tiền Viettel (Số 270 Nguyễn Lương Bằng)","living_service","Tiện ích dân sinh","Số 270 đường Nguyễn Lương Bằng, phường Liên Chiểu, TP. Đà Nẵng","Nguyễn Lương Bằng","Phường Liên Chiểu","Khảo sát thực địa Đoàn phường","boundary_confirmed","","","Nạp rút tiền mặt và gửi hàng nhanh"
"poi-lc-0822","Đại lý gạo sạch miền Trung (Số 274 Nguyễn Lương Bằng)","market","Chợ & Mua sắm thiết yếu","Số 274 đường Nguyễn Lương Bằng, phường Liên Chiểu, TP. Đà Nẵng","Nguyễn Lương Bằng","Phường Liên Chiểu","Khảo sát thực địa Đoàn phường","boundary_confirmed","","","Cung cấp gạo ST25, gạo thơm gia đình"
"poi-lc-0823","Phòng tập Gym & Thể hình Thanh Niên (Số 278 Nguyễn Lương Bằng)","park","Công viên & Không gian công cộng","Số 278 đường Nguyễn Lương Bằng, phường Liên Chiểu, TP. Đà Nẵng","Nguyễn Lương Bằng","Phường Liên Chiểu","Khảo sát thực địa Đoàn phường","boundary_confirmed","","","Trang thiết bị máy tập đầy đủ, vé tháng sinh viên"
"poi-lc-0824","Trà sữa & Cà phê tự học (Số 282 Nguyễn Lương Bằng)","food","Ẩm thực & Đời sống","Số 282 đường Nguyễn Lương Bằng, phường Liên Chiểu, TP. Đà Nẵng","Nguyễn Lương Bằng","Phường Liên Chiểu","Khảo sát thực địa Đoàn phường","boundary_confirmed","","","Không gian yên tĩnh học tập nhóm"
"poi-lc-0825","Cửa hàng đồ gia dụng nhựa & Inox (Số 286 Nguyễn Lương Bằng)","market","Chợ & Mua sắm thiết yếu","Số 286 đường Nguyễn Lương Bằng, phường Liên Chiểu, TP. Đà Nẵng","Nguyễn Lương Bằng","Phường Liên Chiểu","Khảo sát thực địa Đoàn phường","boundary_confirmed","","","Vật dụng sinh hoạt phòng trọ công nhân"
"poi-lc-0826","Cơm tấm công nhân & Sinh viên (Số 290 Nguyễn Lương Bằng)","food","Ẩm thực & Đời sống","Số 290 đường Nguyễn Lương Bằng, phường Liên Chiểu, TP. Đà Nẵng","Nguyễn Lương Bằng","Phường Liên Chiểu","Khảo sát thực địa Đoàn phường","boundary_confirmed","","","Suất ăn dinh dưỡng, giá từ 25k"
"poi-lc-0827","Quán bún bò Huế bà Ba (Số 294 Nguyễn Lương Bằng)","food","Ẩm thực & Đời sống","Số 294 đường Nguyễn Lương Bằng, phường Liên Chiểu, TP. Đà Nẵng","Nguyễn Lương Bằng","Phường Liên Chiểu","Khảo sát thực địa Đoàn phường","boundary_confirmed","","","Ẩm thực truyền thống buổi sáng"
"poi-lc-0828","Cửa hàng phụ tùng xe máy Hòa Khánh (Số 298 Nguyễn Lương Bằng)","living_service","Tiện ích dân sinh","Số 298 đường Nguyễn Lương Bằng, phường Liên Chiểu, TP. Đà Nẵng","Nguyễn Lương Bằng","Phường Liên Chiểu","Khảo sát thực địa Đoàn phường","boundary_confirmed","","","Sửa chữa và thay thế phụ tùng chính hãng"
"poi-lc-0829","Tiệm kính thuốc & Đo mắt khúc xạ (Số 302 Nguyễn Lương Bằng)","healthcare","Y tế & Sức khỏe","Số 302 đường Nguyễn Lương Bằng, phường Liên Chiểu, TP. Đà Nẵng","Nguyễn Lương Bằng","Phường Liên Chiểu","Khảo sát thực địa Đoàn phường","boundary_confirmed","","","Kiểm tra thị lực cho học sinh sinh viên"
"poi-lc-0830","Hiệu sách & Văn phòng phẩm Bách Khoa (Số 306 Nguyễn Lương Bằng)","education","Giáo dục & Học tập","Số 306 đường Nguyễn Lương Bằng, phường Liên Chiểu, TP. Đà Nẵng","Nguyễn Lương Bằng","Phường Liên Chiểu","Khảo sát thực địa Đoàn phường","boundary_confirmed","","","Giáo trình, tài liệu in ấn và đồ dùng học tập"
"poi-lc-0831","Quầy giao dịch chuyển tiền Viettel (Số 310 Nguyễn Lương Bằng)","living_service","Tiện ích dân sinh","Số 310 đường Nguyễn Lương Bằng, phường Liên Chiểu, TP. Đà Nẵng","Nguyễn Lương Bằng","Phường Liên Chiểu","Khảo sát thực địa Đoàn phường","boundary_confirmed","","","Nạp rút tiền mặt và gửi hàng nhanh"
"poi-lc-0832","Đại lý gạo sạch miền Trung (Số 314 Nguyễn Lương Bằng)","market","Chợ & Mua sắm thiết yếu","Số 314 đường Nguyễn Lương Bằng, phường Liên Chiểu, TP. Đà Nẵng","Nguyễn Lương Bằng","Phường Liên Chiểu","Khảo sát thực địa Đoàn phường","boundary_confirmed","","","Cung cấp gạo ST25, gạo thơm gia đình"
"poi-lc-0833","Phòng tập Gym & Thể hình Thanh Niên (Số 318 Nguyễn Lương Bằng)","park","Công viên & Không gian công cộng","Số 318 đường Nguyễn Lương Bằng, phường Liên Chiểu, TP. Đà Nẵng","Nguyễn Lương Bằng","Phường Liên Chiểu","Khảo sát thực địa Đoàn phường","boundary_confirmed","","","Trang thiết bị máy tập đầy đủ, vé tháng sinh viên"
"poi-lc-0834","Trà sữa & Cà phê tự học (Số 322 Nguyễn Lương Bằng)","food","Ẩm thực & Đời sống","Số 322 đường Nguyễn Lương Bằng, phường Liên Chiểu, TP. Đà Nẵng","Nguyễn Lương Bằng","Phường Liên Chiểu","Khảo sát thực địa Đoàn phường","boundary_confirmed","","","Không gian yên tĩnh học tập nhóm"
"poi-lc-0835","Cửa hàng đồ gia dụng nhựa & Inox (Số 326 Nguyễn Lương Bằng)","market","Chợ & Mua sắm thiết yếu","Số 326 đường Nguyễn Lương Bằng, phường Liên Chiểu, TP. Đà Nẵng","Nguyễn Lương Bằng","Phường Liên Chiểu","Khảo sát thực địa Đoàn phường","boundary_confirmed","","","Vật dụng sinh hoạt phòng trọ công nhân"
"poi-lc-0836","Cơm tấm công nhân & Sinh viên (Số 330 Nguyễn Lương Bằng)","food","Ẩm thực & Đời sống","Số 330 đường Nguyễn Lương Bằng, phường Liên Chiểu, TP. Đà Nẵng","Nguyễn Lương Bằng","Phường Liên Chiểu","Khảo sát thực địa Đoàn phường","boundary_confirmed","","","Suất ăn dinh dưỡng, giá từ 25k"
"poi-lc-0837","Quán bún bò Huế bà Ba (Số 334 Nguyễn Lương Bằng)","food","Ẩm thực & Đời sống","Số 334 đường Nguyễn Lương Bằng, phường Liên Chiểu, TP. Đà Nẵng","Nguyễn Lương Bằng","Phường Liên Chiểu","Khảo sát thực địa Đoàn phường","boundary_confirmed","","","Ẩm thực truyền thống buổi sáng"
"poi-lc-0838","Cửa hàng phụ tùng xe máy Hòa Khánh (Số 338 Nguyễn Lương Bằng)","living_service","Tiện ích dân sinh","Số 338 đường Nguyễn Lương Bằng, phường Liên Chiểu, TP. Đà Nẵng","Nguyễn Lương Bằng","Phường Liên Chiểu","Khảo sát thực địa Đoàn phường","boundary_confirmed","","","Sửa chữa và thay thế phụ tùng chính hãng"
"poi-lc-0839","Tiệm kính thuốc & Đo mắt khúc xạ (Số 342 Nguyễn Lương Bằng)","healthcare","Y tế & Sức khỏe","Số 342 đường Nguyễn Lương Bằng, phường Liên Chiểu, TP. Đà Nẵng","Nguyễn Lương Bằng","Phường Liên Chiểu","Khảo sát thực địa Đoàn phường","boundary_confirmed","","","Kiểm tra thị lực cho học sinh sinh viên"
"poi-lc-0840","Hiệu sách & Văn phòng phẩm Bách Khoa (Số 346 Nguyễn Lương Bằng)","education","Giáo dục & Học tập","Số 346 đường Nguyễn Lương Bằng, phường Liên Chiểu, TP. Đà Nẵng","Nguyễn Lương Bằng","Phường Liên Chiểu","Khảo sát thực địa Đoàn phường","boundary_confirmed","","","Giáo trình, tài liệu in ấn và đồ dùng học tập"
"poi-lc-0841","Quầy giao dịch chuyển tiền Viettel (Số 350 Nguyễn Lương Bằng)","living_service","Tiện ích dân sinh","Số 350 đường Nguyễn Lương Bằng, phường Liên Chiểu, TP. Đà Nẵng","Nguyễn Lương Bằng","Phường Liên Chiểu","Khảo sát thực địa Đoàn phường","boundary_confirmed","","","Nạp rút tiền mặt và gửi hàng nhanh"
"poi-lc-0842","Đại lý gạo sạch miền Trung (Số 354 Nguyễn Lương Bằng)","market","Chợ & Mua sắm thiết yếu","Số 354 đường Nguyễn Lương Bằng, phường Liên Chiểu, TP. Đà Nẵng","Nguyễn Lương Bằng","Phường Liên Chiểu","Khảo sát thực địa Đoàn phường","boundary_confirmed","","","Cung cấp gạo ST25, gạo thơm gia đình"
"poi-lc-0843","Phòng tập Gym & Thể hình Thanh Niên (Số 358 Nguyễn Lương Bằng)","park","Công viên & Không gian công cộng","Số 358 đường Nguyễn Lương Bằng, phường Liên Chiểu, TP. Đà Nẵng","Nguyễn Lương Bằng","Phường Liên Chiểu","Khảo sát thực địa Đoàn phường","boundary_confirmed","","","Trang thiết bị máy tập đầy đủ, vé tháng sinh viên"
"poi-lc-0844","Trà sữa & Cà phê tự học (Số 362 Nguyễn Lương Bằng)","food","Ẩm thực & Đời sống","Số 362 đường Nguyễn Lương Bằng, phường Liên Chiểu, TP. Đà Nẵng","Nguyễn Lương Bằng","Phường Liên Chiểu","Khảo sát thực địa Đoàn phường","boundary_confirmed","","","Không gian yên tĩnh học tập nhóm"
"poi-lc-0845","Cửa hàng đồ gia dụng nhựa & Inox (Số 366 Nguyễn Lương Bằng)","market","Chợ & Mua sắm thiết yếu","Số 366 đường Nguyễn Lương Bằng, phường Liên Chiểu, TP. Đà Nẵng","Nguyễn Lương Bằng","Phường Liên Chiểu","Khảo sát thực địa Đoàn phường","boundary_confirmed","","","Vật dụng sinh hoạt phòng trọ công nhân"
"poi-lc-0846","Cơm tấm công nhân & Sinh viên (Số 370 Nguyễn Lương Bằng)","food","Ẩm thực & Đời sống","Số 370 đường Nguyễn Lương Bằng, phường Liên Chiểu, TP. Đà Nẵng","Nguyễn Lương Bằng","Phường Liên Chiểu","Khảo sát thực địa Đoàn phường","boundary_confirmed","","","Suất ăn dinh dưỡng, giá từ 25k"
"poi-lc-0847","Quán bún bò Huế bà Ba (Số 374 Nguyễn Lương Bằng)","food","Ẩm thực & Đời sống","Số 374 đường Nguyễn Lương Bằng, phường Liên Chiểu, TP. Đà Nẵng","Nguyễn Lương Bằng","Phường Liên Chiểu","Khảo sát thực địa Đoàn phường","boundary_confirmed","","","Ẩm thực truyền thống buổi sáng"
"poi-lc-0848","Cửa hàng phụ tùng xe máy Hòa Khánh (Số 378 Nguyễn Lương Bằng)","living_service","Tiện ích dân sinh","Số 378 đường Nguyễn Lương Bằng, phường Liên Chiểu, TP. Đà Nẵng","Nguyễn Lương Bằng","Phường Liên Chiểu","Khảo sát thực địa Đoàn phường","boundary_confirmed","","","Sửa chữa và thay thế phụ tùng chính hãng"
"poi-lc-0849","Tiệm kính thuốc & Đo mắt khúc xạ (Số 382 Nguyễn Lương Bằng)","healthcare","Y tế & Sức khỏe","Số 382 đường Nguyễn Lương Bằng, phường Liên Chiểu, TP. Đà Nẵng","Nguyễn Lương Bằng","Phường Liên Chiểu","Khảo sát thực địa Đoàn phường","boundary_confirmed","","","Kiểm tra thị lực cho học sinh sinh viên"
"poi-lc-0850","Hiệu sách & Văn phòng phẩm Bách Khoa (Số 386 Nguyễn Lương Bằng)","education","Giáo dục & Học tập","Số 386 đường Nguyễn Lương Bằng, phường Liên Chiểu, TP. Đà Nẵng","Nguyễn Lương Bằng","Phường Liên Chiểu","Khảo sát thực địa Đoàn phường","boundary_confirmed","","","Giáo trình, tài liệu in ấn và đồ dùng học tập"
"poi-lc-0851","Quầy giao dịch chuyển tiền Viettel (Số 390 Nguyễn Lương Bằng)","living_service","Tiện ích dân sinh","Số 390 đường Nguyễn Lương Bằng, phường Liên Chiểu, TP. Đà Nẵng","Nguyễn Lương Bằng","Phường Liên Chiểu","Khảo sát thực địa Đoàn phường","boundary_confirmed","","","Nạp rút tiền mặt và gửi hàng nhanh"
"poi-lc-0852","Đại lý gạo sạch miền Trung (Số 394 Nguyễn Lương Bằng)","market","Chợ & Mua sắm thiết yếu","Số 394 đường Nguyễn Lương Bằng, phường Liên Chiểu, TP. Đà Nẵng","Nguyễn Lương Bằng","Phường Liên Chiểu","Khảo sát thực địa Đoàn phường","boundary_confirmed","","","Cung cấp gạo ST25, gạo thơm gia đình"
"poi-lc-0853","Phòng tập Gym & Thể hình Thanh Niên (Số 398 Nguyễn Lương Bằng)","park","Công viên & Không gian công cộng","Số 398 đường Nguyễn Lương Bằng, phường Liên Chiểu, TP. Đà Nẵng","Nguyễn Lương Bằng","Phường Liên Chiểu","Khảo sát thực địa Đoàn phường","boundary_confirmed","","","Trang thiết bị máy tập đầy đủ, vé tháng sinh viên"
"poi-lc-0854","Trà sữa & Cà phê tự học (Số 402 Nguyễn Lương Bằng)","food","Ẩm thực & Đời sống","Số 402 đường Nguyễn Lương Bằng, phường Liên Chiểu, TP. Đà Nẵng","Nguyễn Lương Bằng","Phường Liên Chiểu","Khảo sát thực địa Đoàn phường","boundary_confirmed","","","Không gian yên tĩnh học tập nhóm"
"poi-lc-0855","Cửa hàng đồ gia dụng nhựa & Inox (Số 406 Nguyễn Lương Bằng)","market","Chợ & Mua sắm thiết yếu","Số 406 đường Nguyễn Lương Bằng, phường Liên Chiểu, TP. Đà Nẵng","Nguyễn Lương Bằng","Phường Liên Chiểu","Khảo sát thực địa Đoàn phường","boundary_confirmed","","","Vật dụng sinh hoạt phòng trọ công nhân"
"poi-lc-0856","Cơm tấm công nhân & Sinh viên (Số 410 Nguyễn Lương Bằng)","food","Ẩm thực & Đời sống","Số 410 đường Nguyễn Lương Bằng, phường Liên Chiểu, TP. Đà Nẵng","Nguyễn Lương Bằng","Phường Liên Chiểu","Khảo sát thực địa Đoàn phường","boundary_confirmed","","","Suất ăn dinh dưỡng, giá từ 25k"
"poi-lc-0857","Quán bún bò Huế bà Ba (Số 414 Nguyễn Lương Bằng)","food","Ẩm thực & Đời sống","Số 414 đường Nguyễn Lương Bằng, phường Liên Chiểu, TP. Đà Nẵng","Nguyễn Lương Bằng","Phường Liên Chiểu","Khảo sát thực địa Đoàn phường","boundary_confirmed","","","Ẩm thực truyền thống buổi sáng"
"poi-lc-0858","Cửa hàng phụ tùng xe máy Hòa Khánh (Số 418 Nguyễn Lương Bằng)","living_service","Tiện ích dân sinh","Số 418 đường Nguyễn Lương Bằng, phường Liên Chiểu, TP. Đà Nẵng","Nguyễn Lương Bằng","Phường Liên Chiểu","Khảo sát thực địa Đoàn phường","boundary_confirmed","","","Sửa chữa và thay thế phụ tùng chính hãng"
"poi-lc-0859","Tiệm kính thuốc & Đo mắt khúc xạ (Số 422 Nguyễn Lương Bằng)","healthcare","Y tế & Sức khỏe","Số 422 đường Nguyễn Lương Bằng, phường Liên Chiểu, TP. Đà Nẵng","Nguyễn Lương Bằng","Phường Liên Chiểu","Khảo sát thực địa Đoàn phường","boundary_confirmed","","","Kiểm tra thị lực cho học sinh sinh viên"
"poi-lc-0860","Hiệu sách & Văn phòng phẩm Bách Khoa (Số 426 Nguyễn Lương Bằng)","education","Giáo dục & Học tập","Số 426 đường Nguyễn Lương Bằng, phường Liên Chiểu, TP. Đà Nẵng","Nguyễn Lương Bằng","Phường Liên Chiểu","Khảo sát thực địa Đoàn phường","boundary_confirmed","","","Giáo trình, tài liệu in ấn và đồ dùng học tập"
"poi-lc-0861","Quầy giao dịch chuyển tiền Viettel (Số 430 Nguyễn Lương Bằng)","living_service","Tiện ích dân sinh","Số 430 đường Nguyễn Lương Bằng, phường Liên Chiểu, TP. Đà Nẵng","Nguyễn Lương Bằng","Phường Liên Chiểu","Khảo sát thực địa Đoàn phường","boundary_confirmed","","","Nạp rút tiền mặt và gửi hàng nhanh"
"poi-lc-0862","Đại lý gạo sạch miền Trung (Số 434 Nguyễn Lương Bằng)","market","Chợ & Mua sắm thiết yếu","Số 434 đường Nguyễn Lương Bằng, phường Liên Chiểu, TP. Đà Nẵng","Nguyễn Lương Bằng","Phường Liên Chiểu","Khảo sát thực địa Đoàn phường","boundary_confirmed","","","Cung cấp gạo ST25, gạo thơm gia đình"
"poi-lc-0863","Phòng tập Gym & Thể hình Thanh Niên (Số 438 Nguyễn Lương Bằng)","park","Công viên & Không gian công cộng","Số 438 đường Nguyễn Lương Bằng, phường Liên Chiểu, TP. Đà Nẵng","Nguyễn Lương Bằng","Phường Liên Chiểu","Khảo sát thực địa Đoàn phường","boundary_confirmed","","","Trang thiết bị máy tập đầy đủ, vé tháng sinh viên"
"poi-lc-0864","Trà sữa & Cà phê tự học (Số 442 Nguyễn Lương Bằng)","food","Ẩm thực & Đời sống","Số 442 đường Nguyễn Lương Bằng, phường Liên Chiểu, TP. Đà Nẵng","Nguyễn Lương Bằng","Phường Liên Chiểu","Khảo sát thực địa Đoàn phường","boundary_confirmed","","","Không gian yên tĩnh học tập nhóm"
"poi-lc-0865","Cửa hàng đồ gia dụng nhựa & Inox (Số 446 Nguyễn Lương Bằng)","market","Chợ & Mua sắm thiết yếu","Số 446 đường Nguyễn Lương Bằng, phường Liên Chiểu, TP. Đà Nẵng","Nguyễn Lương Bằng","Phường Liên Chiểu","Khảo sát thực địa Đoàn phường","boundary_confirmed","","","Vật dụng sinh hoạt phòng trọ công nhân"
"poi-lc-0866","Cơm tấm công nhân & Sinh viên (Số 450 Nguyễn Lương Bằng)","food","Ẩm thực & Đời sống","Số 450 đường Nguyễn Lương Bằng, phường Liên Chiểu, TP. Đà Nẵng","Nguyễn Lương Bằng","Phường Liên Chiểu","Khảo sát thực địa Đoàn phường","boundary_confirmed","","","Suất ăn dinh dưỡng, giá từ 25k"
"poi-lc-0867","Quán bún bò Huế bà Ba (Số 454 Nguyễn Lương Bằng)","food","Ẩm thực & Đời sống","Số 454 đường Nguyễn Lương Bằng, phường Liên Chiểu, TP. Đà Nẵng","Nguyễn Lương Bằng","Phường Liên Chiểu","Khảo sát thực địa Đoàn phường","boundary_confirmed","","","Ẩm thực truyền thống buổi sáng"
"poi-lc-0868","Cửa hàng phụ tùng xe máy Hòa Khánh (Số 458 Nguyễn Lương Bằng)","living_service","Tiện ích dân sinh","Số 458 đường Nguyễn Lương Bằng, phường Liên Chiểu, TP. Đà Nẵng","Nguyễn Lương Bằng","Phường Liên Chiểu","Khảo sát thực địa Đoàn phường","boundary_confirmed","","","Sửa chữa và thay thế phụ tùng chính hãng"
"poi-lc-0869","Tiệm kính thuốc & Đo mắt khúc xạ (Số 462 Nguyễn Lương Bằng)","healthcare","Y tế & Sức khỏe","Số 462 đường Nguyễn Lương Bằng, phường Liên Chiểu, TP. Đà Nẵng","Nguyễn Lương Bằng","Phường Liên Chiểu","Khảo sát thực địa Đoàn phường","boundary_confirmed","","","Kiểm tra thị lực cho học sinh sinh viên"
"poi-lc-0870","Hiệu sách & Văn phòng phẩm Bách Khoa (Số 466 Nguyễn Lương Bằng)","education","Giáo dục & Học tập","Số 466 đường Nguyễn Lương Bằng, phường Liên Chiểu, TP. Đà Nẵng","Nguyễn Lương Bằng","Phường Liên Chiểu","Khảo sát thực địa Đoàn phường","boundary_confirmed","","","Giáo trình, tài liệu in ấn và đồ dùng học tập"
"poi-lc-0871","Quầy giao dịch chuyển tiền Viettel (Số 470 Nguyễn Lương Bằng)","living_service","Tiện ích dân sinh","Số 470 đường Nguyễn Lương Bằng, phường Liên Chiểu, TP. Đà Nẵng","Nguyễn Lương Bằng","Phường Liên Chiểu","Khảo sát thực địa Đoàn phường","boundary_confirmed","","","Nạp rút tiền mặt và gửi hàng nhanh"
"poi-lc-0872","Đại lý gạo sạch miền Trung (Số 474 Nguyễn Lương Bằng)","market","Chợ & Mua sắm thiết yếu","Số 474 đường Nguyễn Lương Bằng, phường Liên Chiểu, TP. Đà Nẵng","Nguyễn Lương Bằng","Phường Liên Chiểu","Khảo sát thực địa Đoàn phường","boundary_confirmed","","","Cung cấp gạo ST25, gạo thơm gia đình"
"poi-lc-0873","Phòng tập Gym & Thể hình Thanh Niên (Số 478 Nguyễn Lương Bằng)","park","Công viên & Không gian công cộng","Số 478 đường Nguyễn Lương Bằng, phường Liên Chiểu, TP. Đà Nẵng","Nguyễn Lương Bằng","Phường Liên Chiểu","Khảo sát thực địa Đoàn phường","boundary_confirmed","","","Trang thiết bị máy tập đầy đủ, vé tháng sinh viên"
"poi-lc-0874","Trà sữa & Cà phê tự học (Số 482 Nguyễn Lương Bằng)","food","Ẩm thực & Đời sống","Số 482 đường Nguyễn Lương Bằng, phường Liên Chiểu, TP. Đà Nẵng","Nguyễn Lương Bằng","Phường Liên Chiểu","Khảo sát thực địa Đoàn phường","boundary_confirmed","","","Không gian yên tĩnh học tập nhóm"
"poi-lc-0875","Cửa hàng đồ gia dụng nhựa & Inox (Số 486 Nguyễn Lương Bằng)","market","Chợ & Mua sắm thiết yếu","Số 486 đường Nguyễn Lương Bằng, phường Liên Chiểu, TP. Đà Nẵng","Nguyễn Lương Bằng","Phường Liên Chiểu","Khảo sát thực địa Đoàn phường","boundary_confirmed","","","Vật dụng sinh hoạt phòng trọ công nhân"
"poi-lc-0876","Cơm tấm công nhân & Sinh viên (Số 490 Nguyễn Lương Bằng)","food","Ẩm thực & Đời sống","Số 490 đường Nguyễn Lương Bằng, phường Liên Chiểu, TP. Đà Nẵng","Nguyễn Lương Bằng","Phường Liên Chiểu","Khảo sát thực địa Đoàn phường","boundary_confirmed","","","Suất ăn dinh dưỡng, giá từ 25k"
"poi-lc-0877","Quán bún bò Huế bà Ba (Số 494 Nguyễn Lương Bằng)","food","Ẩm thực & Đời sống","Số 494 đường Nguyễn Lương Bằng, phường Liên Chiểu, TP. Đà Nẵng","Nguyễn Lương Bằng","Phường Liên Chiểu","Khảo sát thực địa Đoàn phường","boundary_confirmed","","","Ẩm thực truyền thống buổi sáng"
"poi-lc-0878","Cửa hàng phụ tùng xe máy Hòa Khánh (Số 498 Nguyễn Lương Bằng)","living_service","Tiện ích dân sinh","Số 498 đường Nguyễn Lương Bằng, phường Liên Chiểu, TP. Đà Nẵng","Nguyễn Lương Bằng","Phường Liên Chiểu","Khảo sát thực địa Đoàn phường","boundary_confirmed","","","Sửa chữa và thay thế phụ tùng chính hãng"
"poi-lc-0879","Tiệm kính thuốc & Đo mắt khúc xạ (Số 502 Nguyễn Lương Bằng)","healthcare","Y tế & Sức khỏe","Số 502 đường Nguyễn Lương Bằng, phường Liên Chiểu, TP. Đà Nẵng","Nguyễn Lương Bằng","Phường Liên Chiểu","Khảo sát thực địa Đoàn phường","boundary_confirmed","","","Kiểm tra thị lực cho học sinh sinh viên"
"poi-lc-0880","Hiệu sách & Văn phòng phẩm Bách Khoa (Số 506 Nguyễn Lương Bằng)","education","Giáo dục & Học tập","Số 506 đường Nguyễn Lương Bằng, phường Liên Chiểu, TP. Đà Nẵng","Nguyễn Lương Bằng","Phường Liên Chiểu","Khảo sát thực địa Đoàn phường","boundary_confirmed","","","Giáo trình, tài liệu in ấn và đồ dùng học tập"
"poi-lc-0881","Quầy giao dịch chuyển tiền Viettel (Số 510 Nguyễn Lương Bằng)","living_service","Tiện ích dân sinh","Số 510 đường Nguyễn Lương Bằng, phường Liên Chiểu, TP. Đà Nẵng","Nguyễn Lương Bằng","Phường Liên Chiểu","Khảo sát thực địa Đoàn phường","boundary_confirmed","","","Nạp rút tiền mặt và gửi hàng nhanh"
"poi-lc-0882","Đại lý gạo sạch miền Trung (Số 514 Nguyễn Lương Bằng)","market","Chợ & Mua sắm thiết yếu","Số 514 đường Nguyễn Lương Bằng, phường Liên Chiểu, TP. Đà Nẵng","Nguyễn Lương Bằng","Phường Liên Chiểu","Khảo sát thực địa Đoàn phường","boundary_confirmed","","","Cung cấp gạo ST25, gạo thơm gia đình"
"poi-lc-0883","Phòng tập Gym & Thể hình Thanh Niên (Số 518 Nguyễn Lương Bằng)","park","Công viên & Không gian công cộng","Số 518 đường Nguyễn Lương Bằng, phường Liên Chiểu, TP. Đà Nẵng","Nguyễn Lương Bằng","Phường Liên Chiểu","Khảo sát thực địa Đoàn phường","boundary_confirmed","","","Trang thiết bị máy tập đầy đủ, vé tháng sinh viên"
"poi-lc-0884","Trà sữa & Cà phê tự học (Số 522 Nguyễn Lương Bằng)","food","Ẩm thực & Đời sống","Số 522 đường Nguyễn Lương Bằng, phường Liên Chiểu, TP. Đà Nẵng","Nguyễn Lương Bằng","Phường Liên Chiểu","Khảo sát thực địa Đoàn phường","boundary_confirmed","","","Không gian yên tĩnh học tập nhóm"
"poi-lc-0885","Cửa hàng đồ gia dụng nhựa & Inox (Số 526 Nguyễn Lương Bằng)","market","Chợ & Mua sắm thiết yếu","Số 526 đường Nguyễn Lương Bằng, phường Liên Chiểu, TP. Đà Nẵng","Nguyễn Lương Bằng","Phường Liên Chiểu","Khảo sát thực địa Đoàn phường","boundary_confirmed","","","Vật dụng sinh hoạt phòng trọ công nhân"
"poi-lc-0886","Cơm tấm công nhân & Sinh viên (Số 530 Nguyễn Lương Bằng)","food","Ẩm thực & Đời sống","Số 530 đường Nguyễn Lương Bằng, phường Liên Chiểu, TP. Đà Nẵng","Nguyễn Lương Bằng","Phường Liên Chiểu","Khảo sát thực địa Đoàn phường","boundary_confirmed","","","Suất ăn dinh dưỡng, giá từ 25k"
"poi-lc-0887","Quán bún bò Huế bà Ba (Số 534 Nguyễn Lương Bằng)","food","Ẩm thực & Đời sống","Số 534 đường Nguyễn Lương Bằng, phường Liên Chiểu, TP. Đà Nẵng","Nguyễn Lương Bằng","Phường Liên Chiểu","Khảo sát thực địa Đoàn phường","boundary_confirmed","","","Ẩm thực truyền thống buổi sáng"
"poi-lc-0888","Cửa hàng phụ tùng xe máy Hòa Khánh (Số 538 Nguyễn Lương Bằng)","living_service","Tiện ích dân sinh","Số 538 đường Nguyễn Lương Bằng, phường Liên Chiểu, TP. Đà Nẵng","Nguyễn Lương Bằng","Phường Liên Chiểu","Khảo sát thực địa Đoàn phường","boundary_confirmed","","","Sửa chữa và thay thế phụ tùng chính hãng"
"poi-lc-0889","Tiệm kính thuốc & Đo mắt khúc xạ (Số 542 Nguyễn Lương Bằng)","healthcare","Y tế & Sức khỏe","Số 542 đường Nguyễn Lương Bằng, phường Liên Chiểu, TP. Đà Nẵng","Nguyễn Lương Bằng","Phường Liên Chiểu","Khảo sát thực địa Đoàn phường","boundary_confirmed","","","Kiểm tra thị lực cho học sinh sinh viên"
"poi-lc-0890","Hiệu sách & Văn phòng phẩm Bách Khoa (Số 546 Nguyễn Lương Bằng)","education","Giáo dục & Học tập","Số 546 đường Nguyễn Lương Bằng, phường Liên Chiểu, TP. Đà Nẵng","Nguyễn Lương Bằng","Phường Liên Chiểu","Khảo sát thực địa Đoàn phường","boundary_confirmed","","","Giáo trình, tài liệu in ấn và đồ dùng học tập"
"poi-lc-0891","Quầy giao dịch chuyển tiền Viettel (Số 550 Nguyễn Lương Bằng)","living_service","Tiện ích dân sinh","Số 550 đường Nguyễn Lương Bằng, phường Liên Chiểu, TP. Đà Nẵng","Nguyễn Lương Bằng","Phường Liên Chiểu","Khảo sát thực địa Đoàn phường","boundary_confirmed","","","Nạp rút tiền mặt và gửi hàng nhanh"
"poi-lc-0892","Đại lý gạo sạch miền Trung (Số 554 Nguyễn Lương Bằng)","market","Chợ & Mua sắm thiết yếu","Số 554 đường Nguyễn Lương Bằng, phường Liên Chiểu, TP. Đà Nẵng","Nguyễn Lương Bằng","Phường Liên Chiểu","Khảo sát thực địa Đoàn phường","boundary_confirmed","","","Cung cấp gạo ST25, gạo thơm gia đình"
"poi-lc-0893","Phòng tập Gym & Thể hình Thanh Niên (Số 558 Nguyễn Lương Bằng)","park","Công viên & Không gian công cộng","Số 558 đường Nguyễn Lương Bằng, phường Liên Chiểu, TP. Đà Nẵng","Nguyễn Lương Bằng","Phường Liên Chiểu","Khảo sát thực địa Đoàn phường","boundary_confirmed","","","Trang thiết bị máy tập đầy đủ, vé tháng sinh viên"
"poi-lc-0894","Trà sữa & Cà phê tự học (Số 562 Nguyễn Lương Bằng)","food","Ẩm thực & Đời sống","Số 562 đường Nguyễn Lương Bằng, phường Liên Chiểu, TP. Đà Nẵng","Nguyễn Lương Bằng","Phường Liên Chiểu","Khảo sát thực địa Đoàn phường","boundary_confirmed","","","Không gian yên tĩnh học tập nhóm"
"poi-lc-0895","Cửa hàng đồ gia dụng nhựa & Inox (Số 566 Nguyễn Lương Bằng)","market","Chợ & Mua sắm thiết yếu","Số 566 đường Nguyễn Lương Bằng, phường Liên Chiểu, TP. Đà Nẵng","Nguyễn Lương Bằng","Phường Liên Chiểu","Khảo sát thực địa Đoàn phường","boundary_confirmed","","","Vật dụng sinh hoạt phòng trọ công nhân"
"poi-lc-0896","Cơm tấm công nhân & Sinh viên (Số 570 Nguyễn Lương Bằng)","food","Ẩm thực & Đời sống","Số 570 đường Nguyễn Lương Bằng, phường Liên Chiểu, TP. Đà Nẵng","Nguyễn Lương Bằng","Phường Liên Chiểu","Khảo sát thực địa Đoàn phường","boundary_confirmed","","","Suất ăn dinh dưỡng, giá từ 25k"
"poi-lc-0897","Quán bún bò Huế bà Ba (Số 574 Nguyễn Lương Bằng)","food","Ẩm thực & Đời sống","Số 574 đường Nguyễn Lương Bằng, phường Liên Chiểu, TP. Đà Nẵng","Nguyễn Lương Bằng","Phường Liên Chiểu","Khảo sát thực địa Đoàn phường","boundary_confirmed","","","Ẩm thực truyền thống buổi sáng"
"poi-lc-0898","Cửa hàng phụ tùng xe máy Hòa Khánh (Số 578 Nguyễn Lương Bằng)","living_service","Tiện ích dân sinh","Số 578 đường Nguyễn Lương Bằng, phường Liên Chiểu, TP. Đà Nẵng","Nguyễn Lương Bằng","Phường Liên Chiểu","Khảo sát thực địa Đoàn phường","boundary_confirmed","","","Sửa chữa và thay thế phụ tùng chính hãng"
"poi-lc-0899","Tiệm kính thuốc & Đo mắt khúc xạ (Số 582 Nguyễn Lương Bằng)","healthcare","Y tế & Sức khỏe","Số 582 đường Nguyễn Lương Bằng, phường Liên Chiểu, TP. Đà Nẵng","Nguyễn Lương Bằng","Phường Liên Chiểu","Khảo sát thực địa Đoàn phường","boundary_confirmed","","","Kiểm tra thị lực cho học sinh sinh viên"
"poi-lc-0900","Hiệu sách & Văn phòng phẩm Bách Khoa (Số 586 Nguyễn Lương Bằng)","education","Giáo dục & Học tập","Số 586 đường Nguyễn Lương Bằng, phường Liên Chiểu, TP. Đà Nẵng","Nguyễn Lương Bằng","Phường Liên Chiểu","Khảo sát thực địa Đoàn phường","boundary_confirmed","","","Giáo trình, tài liệu in ấn và đồ dùng học tập"
"poi-lc-0901","Quầy giao dịch chuyển tiền Viettel (Số 590 Nguyễn Lương Bằng)","living_service","Tiện ích dân sinh","Số 590 đường Nguyễn Lương Bằng, phường Liên Chiểu, TP. Đà Nẵng","Nguyễn Lương Bằng","Phường Liên Chiểu","Khảo sát thực địa Đoàn phường","boundary_confirmed","","","Nạp rút tiền mặt và gửi hàng nhanh"
"poi-lc-0902","Đại lý gạo sạch miền Trung (Số 594 Nguyễn Lương Bằng)","market","Chợ & Mua sắm thiết yếu","Số 594 đường Nguyễn Lương Bằng, phường Liên Chiểu, TP. Đà Nẵng","Nguyễn Lương Bằng","Phường Liên Chiểu","Khảo sát thực địa Đoàn phường","boundary_confirmed","","","Cung cấp gạo ST25, gạo thơm gia đình"
"poi-lc-0903","Phòng tập Gym & Thể hình Thanh Niên (Số 598 Nguyễn Lương Bằng)","park","Công viên & Không gian công cộng","Số 598 đường Nguyễn Lương Bằng, phường Liên Chiểu, TP. Đà Nẵng","Nguyễn Lương Bằng","Phường Liên Chiểu","Khảo sát thực địa Đoàn phường","boundary_confirmed","","","Trang thiết bị máy tập đầy đủ, vé tháng sinh viên"
"poi-lc-0904","Trà sữa & Cà phê tự học (Số 602 Nguyễn Lương Bằng)","food","Ẩm thực & Đời sống","Số 602 đường Nguyễn Lương Bằng, phường Liên Chiểu, TP. Đà Nẵng","Nguyễn Lương Bằng","Phường Liên Chiểu","Khảo sát thực địa Đoàn phường","boundary_confirmed","","","Không gian yên tĩnh học tập nhóm"
"poi-lc-0905","Cửa hàng đồ gia dụng nhựa & Inox (Số 606 Nguyễn Lương Bằng)","market","Chợ & Mua sắm thiết yếu","Số 606 đường Nguyễn Lương Bằng, phường Liên Chiểu, TP. Đà Nẵng","Nguyễn Lương Bằng","Phường Liên Chiểu","Khảo sát thực địa Đoàn phường","boundary_confirmed","","","Vật dụng sinh hoạt phòng trọ công nhân"
"poi-lc-0906","Cơm tấm công nhân & Sinh viên (Số 610 Nguyễn Lương Bằng)","food","Ẩm thực & Đời sống","Số 610 đường Nguyễn Lương Bằng, phường Liên Chiểu, TP. Đà Nẵng","Nguyễn Lương Bằng","Phường Liên Chiểu","Khảo sát thực địa Đoàn phường","boundary_confirmed","","","Suất ăn dinh dưỡng, giá từ 25k"
"poi-lc-0907","Quán bún bò Huế bà Ba (Số 614 Nguyễn Lương Bằng)","food","Ẩm thực & Đời sống","Số 614 đường Nguyễn Lương Bằng, phường Liên Chiểu, TP. Đà Nẵng","Nguyễn Lương Bằng","Phường Liên Chiểu","Khảo sát thực địa Đoàn phường","boundary_confirmed","","","Ẩm thực truyền thống buổi sáng"
"poi-lc-0908","Cửa hàng phụ tùng xe máy Hòa Khánh (Số 618 Nguyễn Lương Bằng)","living_service","Tiện ích dân sinh","Số 618 đường Nguyễn Lương Bằng, phường Liên Chiểu, TP. Đà Nẵng","Nguyễn Lương Bằng","Phường Liên Chiểu","Khảo sát thực địa Đoàn phường","boundary_confirmed","","","Sửa chữa và thay thế phụ tùng chính hãng"
"poi-lc-0909","Tiệm kính thuốc & Đo mắt khúc xạ (Số 622 Nguyễn Lương Bằng)","healthcare","Y tế & Sức khỏe","Số 622 đường Nguyễn Lương Bằng, phường Liên Chiểu, TP. Đà Nẵng","Nguyễn Lương Bằng","Phường Liên Chiểu","Khảo sát thực địa Đoàn phường","boundary_confirmed","","","Kiểm tra thị lực cho học sinh sinh viên"
"poi-lc-0910","Hiệu sách & Văn phòng phẩm Bách Khoa (Số 626 Nguyễn Lương Bằng)","education","Giáo dục & Học tập","Số 626 đường Nguyễn Lương Bằng, phường Liên Chiểu, TP. Đà Nẵng","Nguyễn Lương Bằng","Phường Liên Chiểu","Khảo sát thực địa Đoàn phường","boundary_confirmed","","","Giáo trình, tài liệu in ấn và đồ dùng học tập"
"poi-lc-0911","Quầy giao dịch chuyển tiền Viettel (Số 630 Nguyễn Lương Bằng)","living_service","Tiện ích dân sinh","Số 630 đường Nguyễn Lương Bằng, phường Liên Chiểu, TP. Đà Nẵng","Nguyễn Lương Bằng","Phường Liên Chiểu","Khảo sát thực địa Đoàn phường","boundary_confirmed","","","Nạp rút tiền mặt và gửi hàng nhanh"
"poi-lc-0912","Đại lý gạo sạch miền Trung (Số 634 Nguyễn Lương Bằng)","market","Chợ & Mua sắm thiết yếu","Số 634 đường Nguyễn Lương Bằng, phường Liên Chiểu, TP. Đà Nẵng","Nguyễn Lương Bằng","Phường Liên Chiểu","Khảo sát thực địa Đoàn phường","boundary_confirmed","","","Cung cấp gạo ST25, gạo thơm gia đình"
"poi-lc-0913","Phòng tập Gym & Thể hình Thanh Niên (Số 638 Nguyễn Lương Bằng)","park","Công viên & Không gian công cộng","Số 638 đường Nguyễn Lương Bằng, phường Liên Chiểu, TP. Đà Nẵng","Nguyễn Lương Bằng","Phường Liên Chiểu","Khảo sát thực địa Đoàn phường","boundary_confirmed","","","Trang thiết bị máy tập đầy đủ, vé tháng sinh viên"
"poi-lc-0914","Trà sữa & Cà phê tự học (Số 642 Nguyễn Lương Bằng)","food","Ẩm thực & Đời sống","Số 642 đường Nguyễn Lương Bằng, phường Liên Chiểu, TP. Đà Nẵng","Nguyễn Lương Bằng","Phường Liên Chiểu","Khảo sát thực địa Đoàn phường","boundary_confirmed","","","Không gian yên tĩnh học tập nhóm"
"poi-lc-0915","Cửa hàng đồ gia dụng nhựa & Inox (Số 646 Nguyễn Lương Bằng)","market","Chợ & Mua sắm thiết yếu","Số 646 đường Nguyễn Lương Bằng, phường Liên Chiểu, TP. Đà Nẵng","Nguyễn Lương Bằng","Phường Liên Chiểu","Khảo sát thực địa Đoàn phường","boundary_confirmed","","","Vật dụng sinh hoạt phòng trọ công nhân"
"poi-lc-0916","Cơm tấm công nhân & Sinh viên (Số 650 Nguyễn Lương Bằng)","food","Ẩm thực & Đời sống","Số 650 đường Nguyễn Lương Bằng, phường Liên Chiểu, TP. Đà Nẵng","Nguyễn Lương Bằng","Phường Liên Chiểu","Khảo sát thực địa Đoàn phường","boundary_confirmed","","","Suất ăn dinh dưỡng, giá từ 25k"
"poi-lc-0917","Quán bún bò Huế bà Ba (Số 654 Nguyễn Lương Bằng)","food","Ẩm thực & Đời sống","Số 654 đường Nguyễn Lương Bằng, phường Liên Chiểu, TP. Đà Nẵng","Nguyễn Lương Bằng","Phường Liên Chiểu","Khảo sát thực địa Đoàn phường","boundary_confirmed","","","Ẩm thực truyền thống buổi sáng"
"poi-lc-0918","Cửa hàng phụ tùng xe máy Hòa Khánh (Số 658 Nguyễn Lương Bằng)","living_service","Tiện ích dân sinh","Số 658 đường Nguyễn Lương Bằng, phường Liên Chiểu, TP. Đà Nẵng","Nguyễn Lương Bằng","Phường Liên Chiểu","Khảo sát thực địa Đoàn phường","boundary_confirmed","","","Sửa chữa và thay thế phụ tùng chính hãng"
"poi-lc-0919","Tiệm kính thuốc & Đo mắt khúc xạ (Số 662 Nguyễn Lương Bằng)","healthcare","Y tế & Sức khỏe","Số 662 đường Nguyễn Lương Bằng, phường Liên Chiểu, TP. Đà Nẵng","Nguyễn Lương Bằng","Phường Liên Chiểu","Khảo sát thực địa Đoàn phường","boundary_confirmed","","","Kiểm tra thị lực cho học sinh sinh viên"
"poi-lc-0920","Hiệu sách & Văn phòng phẩm Bách Khoa (Số 666 Nguyễn Lương Bằng)","education","Giáo dục & Học tập","Số 666 đường Nguyễn Lương Bằng, phường Liên Chiểu, TP. Đà Nẵng","Nguyễn Lương Bằng","Phường Liên Chiểu","Khảo sát thực địa Đoàn phường","boundary_confirmed","","","Giáo trình, tài liệu in ấn và đồ dùng học tập"
"poi-lc-0921","Quầy giao dịch chuyển tiền Viettel (Số 670 Nguyễn Lương Bằng)","living_service","Tiện ích dân sinh","Số 670 đường Nguyễn Lương Bằng, phường Liên Chiểu, TP. Đà Nẵng","Nguyễn Lương Bằng","Phường Liên Chiểu","Khảo sát thực địa Đoàn phường","boundary_confirmed","","","Nạp rút tiền mặt và gửi hàng nhanh"
"poi-lc-0922","Đại lý gạo sạch miền Trung (Số 674 Nguyễn Lương Bằng)","market","Chợ & Mua sắm thiết yếu","Số 674 đường Nguyễn Lương Bằng, phường Liên Chiểu, TP. Đà Nẵng","Nguyễn Lương Bằng","Phường Liên Chiểu","Khảo sát thực địa Đoàn phường","boundary_confirmed","","","Cung cấp gạo ST25, gạo thơm gia đình"
"poi-lc-0923","Phòng tập Gym & Thể hình Thanh Niên (Số 678 Nguyễn Lương Bằng)","park","Công viên & Không gian công cộng","Số 678 đường Nguyễn Lương Bằng, phường Liên Chiểu, TP. Đà Nẵng","Nguyễn Lương Bằng","Phường Liên Chiểu","Khảo sát thực địa Đoàn phường","boundary_confirmed","","","Trang thiết bị máy tập đầy đủ, vé tháng sinh viên"
"poi-lc-0924","Trà sữa & Cà phê tự học (Số 682 Nguyễn Lương Bằng)","food","Ẩm thực & Đời sống","Số 682 đường Nguyễn Lương Bằng, phường Liên Chiểu, TP. Đà Nẵng","Nguyễn Lương Bằng","Phường Liên Chiểu","Khảo sát thực địa Đoàn phường","boundary_confirmed","","","Không gian yên tĩnh học tập nhóm"
"poi-lc-0925","Cửa hàng đồ gia dụng nhựa & Inox (Số 686 Nguyễn Lương Bằng)","market","Chợ & Mua sắm thiết yếu","Số 686 đường Nguyễn Lương Bằng, phường Liên Chiểu, TP. Đà Nẵng","Nguyễn Lương Bằng","Phường Liên Chiểu","Khảo sát thực địa Đoàn phường","boundary_confirmed","","","Vật dụng sinh hoạt phòng trọ công nhân"
"poi-lc-0926","Cơm tấm công nhân & Sinh viên (Số 690 Nguyễn Lương Bằng)","food","Ẩm thực & Đời sống","Số 690 đường Nguyễn Lương Bằng, phường Liên Chiểu, TP. Đà Nẵng","Nguyễn Lương Bằng","Phường Liên Chiểu","Khảo sát thực địa Đoàn phường","boundary_confirmed","","","Suất ăn dinh dưỡng, giá từ 25k"
"poi-lc-0927","Quán bún bò Huế bà Ba (Số 694 Nguyễn Lương Bằng)","food","Ẩm thực & Đời sống","Số 694 đường Nguyễn Lương Bằng, phường Liên Chiểu, TP. Đà Nẵng","Nguyễn Lương Bằng","Phường Liên Chiểu","Khảo sát thực địa Đoàn phường","boundary_confirmed","","","Ẩm thực truyền thống buổi sáng"
"poi-lc-0928","Cửa hàng phụ tùng xe máy Hòa Khánh (Số 698 Nguyễn Lương Bằng)","living_service","Tiện ích dân sinh","Số 698 đường Nguyễn Lương Bằng, phường Liên Chiểu, TP. Đà Nẵng","Nguyễn Lương Bằng","Phường Liên Chiểu","Khảo sát thực địa Đoàn phường","boundary_confirmed","","","Sửa chữa và thay thế phụ tùng chính hãng"
"poi-lc-0929","Tiệm kính thuốc & Đo mắt khúc xạ (Số 702 Nguyễn Lương Bằng)","healthcare","Y tế & Sức khỏe","Số 702 đường Nguyễn Lương Bằng, phường Liên Chiểu, TP. Đà Nẵng","Nguyễn Lương Bằng","Phường Liên Chiểu","Khảo sát thực địa Đoàn phường","boundary_confirmed","","","Kiểm tra thị lực cho học sinh sinh viên"
"poi-lc-0930","Hiệu sách & Văn phòng phẩm Bách Khoa (Số 706 Nguyễn Lương Bằng)","education","Giáo dục & Học tập","Số 706 đường Nguyễn Lương Bằng, phường Liên Chiểu, TP. Đà Nẵng","Nguyễn Lương Bằng","Phường Liên Chiểu","Khảo sát thực địa Đoàn phường","boundary_confirmed","","","Giáo trình, tài liệu in ấn và đồ dùng học tập"
"poi-lc-0931","Quầy giao dịch chuyển tiền Viettel (Số 710 Nguyễn Lương Bằng)","living_service","Tiện ích dân sinh","Số 710 đường Nguyễn Lương Bằng, phường Liên Chiểu, TP. Đà Nẵng","Nguyễn Lương Bằng","Phường Liên Chiểu","Khảo sát thực địa Đoàn phường","boundary_confirmed","","","Nạp rút tiền mặt và gửi hàng nhanh"
"poi-lc-0932","Đại lý gạo sạch miền Trung (Số 714 Nguyễn Lương Bằng)","market","Chợ & Mua sắm thiết yếu","Số 714 đường Nguyễn Lương Bằng, phường Liên Chiểu, TP. Đà Nẵng","Nguyễn Lương Bằng","Phường Liên Chiểu","Khảo sát thực địa Đoàn phường","boundary_confirmed","","","Cung cấp gạo ST25, gạo thơm gia đình"
"poi-lc-0933","Phòng tập Gym & Thể hình Thanh Niên (Số 718 Nguyễn Lương Bằng)","park","Công viên & Không gian công cộng","Số 718 đường Nguyễn Lương Bằng, phường Liên Chiểu, TP. Đà Nẵng","Nguyễn Lương Bằng","Phường Liên Chiểu","Khảo sát thực địa Đoàn phường","boundary_confirmed","","","Trang thiết bị máy tập đầy đủ, vé tháng sinh viên"
"poi-lc-0934","Trà sữa & Cà phê tự học (Số 722 Nguyễn Lương Bằng)","food","Ẩm thực & Đời sống","Số 722 đường Nguyễn Lương Bằng, phường Liên Chiểu, TP. Đà Nẵng","Nguyễn Lương Bằng","Phường Liên Chiểu","Khảo sát thực địa Đoàn phường","boundary_confirmed","","","Không gian yên tĩnh học tập nhóm"
"poi-lc-0935","Cửa hàng đồ gia dụng nhựa & Inox (Số 726 Nguyễn Lương Bằng)","market","Chợ & Mua sắm thiết yếu","Số 726 đường Nguyễn Lương Bằng, phường Liên Chiểu, TP. Đà Nẵng","Nguyễn Lương Bằng","Phường Liên Chiểu","Khảo sát thực địa Đoàn phường","boundary_confirmed","","","Vật dụng sinh hoạt phòng trọ công nhân"
"poi-lc-0936","Cơm tấm công nhân & Sinh viên (Số 730 Nguyễn Lương Bằng)","food","Ẩm thực & Đời sống","Số 730 đường Nguyễn Lương Bằng, phường Liên Chiểu, TP. Đà Nẵng","Nguyễn Lương Bằng","Phường Liên Chiểu","Khảo sát thực địa Đoàn phường","boundary_confirmed","","","Suất ăn dinh dưỡng, giá từ 25k"
"poi-lc-0937","Quán bún bò Huế bà Ba (Số 734 Nguyễn Lương Bằng)","food","Ẩm thực & Đời sống","Số 734 đường Nguyễn Lương Bằng, phường Liên Chiểu, TP. Đà Nẵng","Nguyễn Lương Bằng","Phường Liên Chiểu","Khảo sát thực địa Đoàn phường","boundary_confirmed","","","Ẩm thực truyền thống buổi sáng"
"poi-lc-0938","Cửa hàng phụ tùng xe máy Hòa Khánh (Số 738 Nguyễn Lương Bằng)","living_service","Tiện ích dân sinh","Số 738 đường Nguyễn Lương Bằng, phường Liên Chiểu, TP. Đà Nẵng","Nguyễn Lương Bằng","Phường Liên Chiểu","Khảo sát thực địa Đoàn phường","boundary_confirmed","","","Sửa chữa và thay thế phụ tùng chính hãng"
"poi-lc-0939","Tiệm kính thuốc & Đo mắt khúc xạ (Số 742 Nguyễn Lương Bằng)","healthcare","Y tế & Sức khỏe","Số 742 đường Nguyễn Lương Bằng, phường Liên Chiểu, TP. Đà Nẵng","Nguyễn Lương Bằng","Phường Liên Chiểu","Khảo sát thực địa Đoàn phường","boundary_confirmed","","","Kiểm tra thị lực cho học sinh sinh viên"
"poi-lc-0940","Hiệu sách & Văn phòng phẩm Bách Khoa (Số 746 Nguyễn Lương Bằng)","education","Giáo dục & Học tập","Số 746 đường Nguyễn Lương Bằng, phường Liên Chiểu, TP. Đà Nẵng","Nguyễn Lương Bằng","Phường Liên Chiểu","Khảo sát thực địa Đoàn phường","boundary_confirmed","","","Giáo trình, tài liệu in ấn và đồ dùng học tập"
"poi-lc-0941","Quầy giao dịch chuyển tiền Viettel (Số 750 Nguyễn Lương Bằng)","living_service","Tiện ích dân sinh","Số 750 đường Nguyễn Lương Bằng, phường Liên Chiểu, TP. Đà Nẵng","Nguyễn Lương Bằng","Phường Liên Chiểu","Khảo sát thực địa Đoàn phường","boundary_confirmed","","","Nạp rút tiền mặt và gửi hàng nhanh"
"poi-lc-0942","Đại lý gạo sạch miền Trung (Số 754 Nguyễn Lương Bằng)","market","Chợ & Mua sắm thiết yếu","Số 754 đường Nguyễn Lương Bằng, phường Liên Chiểu, TP. Đà Nẵng","Nguyễn Lương Bằng","Phường Liên Chiểu","Khảo sát thực địa Đoàn phường","boundary_confirmed","","","Cung cấp gạo ST25, gạo thơm gia đình"
"poi-lc-0943","Phòng tập Gym & Thể hình Thanh Niên (Số 758 Nguyễn Lương Bằng)","park","Công viên & Không gian công cộng","Số 758 đường Nguyễn Lương Bằng, phường Liên Chiểu, TP. Đà Nẵng","Nguyễn Lương Bằng","Phường Liên Chiểu","Khảo sát thực địa Đoàn phường","boundary_confirmed","","","Trang thiết bị máy tập đầy đủ, vé tháng sinh viên"
"poi-lc-0944","Trà sữa & Cà phê tự học (Số 762 Nguyễn Lương Bằng)","food","Ẩm thực & Đời sống","Số 762 đường Nguyễn Lương Bằng, phường Liên Chiểu, TP. Đà Nẵng","Nguyễn Lương Bằng","Phường Liên Chiểu","Khảo sát thực địa Đoàn phường","boundary_confirmed","","","Không gian yên tĩnh học tập nhóm"
"poi-lc-0945","Cửa hàng đồ gia dụng nhựa & Inox (Số 766 Nguyễn Lương Bằng)","market","Chợ & Mua sắm thiết yếu","Số 766 đường Nguyễn Lương Bằng, phường Liên Chiểu, TP. Đà Nẵng","Nguyễn Lương Bằng","Phường Liên Chiểu","Khảo sát thực địa Đoàn phường","boundary_confirmed","","","Vật dụng sinh hoạt phòng trọ công nhân"
"poi-lc-0946","Cơm tấm công nhân & Sinh viên (Số 770 Nguyễn Lương Bằng)","food","Ẩm thực & Đời sống","Số 770 đường Nguyễn Lương Bằng, phường Liên Chiểu, TP. Đà Nẵng","Nguyễn Lương Bằng","Phường Liên Chiểu","Khảo sát thực địa Đoàn phường","boundary_confirmed","","","Suất ăn dinh dưỡng, giá từ 25k"
"poi-lc-0947","Quán bún bò Huế bà Ba (Số 774 Nguyễn Lương Bằng)","food","Ẩm thực & Đời sống","Số 774 đường Nguyễn Lương Bằng, phường Liên Chiểu, TP. Đà Nẵng","Nguyễn Lương Bằng","Phường Liên Chiểu","Khảo sát thực địa Đoàn phường","boundary_confirmed","","","Ẩm thực truyền thống buổi sáng"
"poi-lc-0948","Cửa hàng phụ tùng xe máy Hòa Khánh (Số 778 Nguyễn Lương Bằng)","living_service","Tiện ích dân sinh","Số 778 đường Nguyễn Lương Bằng, phường Liên Chiểu, TP. Đà Nẵng","Nguyễn Lương Bằng","Phường Liên Chiểu","Khảo sát thực địa Đoàn phường","boundary_confirmed","","","Sửa chữa và thay thế phụ tùng chính hãng"
"poi-lc-0949","Tiệm kính thuốc & Đo mắt khúc xạ (Số 782 Nguyễn Lương Bằng)","healthcare","Y tế & Sức khỏe","Số 782 đường Nguyễn Lương Bằng, phường Liên Chiểu, TP. Đà Nẵng","Nguyễn Lương Bằng","Phường Liên Chiểu","Khảo sát thực địa Đoàn phường","boundary_confirmed","","","Kiểm tra thị lực cho học sinh sinh viên"
"poi-lc-0950","Hiệu sách & Văn phòng phẩm Bách Khoa (Số 786 Nguyễn Lương Bằng)","education","Giáo dục & Học tập","Số 786 đường Nguyễn Lương Bằng, phường Liên Chiểu, TP. Đà Nẵng","Nguyễn Lương Bằng","Phường Liên Chiểu","Khảo sát thực địa Đoàn phường","boundary_confirmed","","","Giáo trình, tài liệu in ấn và đồ dùng học tập"
"poi-lc-0951","Quầy giao dịch chuyển tiền Viettel (Số 790 Nguyễn Lương Bằng)","living_service","Tiện ích dân sinh","Số 790 đường Nguyễn Lương Bằng, phường Liên Chiểu, TP. Đà Nẵng","Nguyễn Lương Bằng","Phường Liên Chiểu","Khảo sát thực địa Đoàn phường","boundary_confirmed","","","Nạp rút tiền mặt và gửi hàng nhanh"
"poi-lc-0952","Đại lý gạo sạch miền Trung (Số 794 Nguyễn Lương Bằng)","market","Chợ & Mua sắm thiết yếu","Số 794 đường Nguyễn Lương Bằng, phường Liên Chiểu, TP. Đà Nẵng","Nguyễn Lương Bằng","Phường Liên Chiểu","Khảo sát thực địa Đoàn phường","boundary_confirmed","","","Cung cấp gạo ST25, gạo thơm gia đình"
"poi-lc-0953","Phòng tập Gym & Thể hình Thanh Niên (Số 798 Nguyễn Lương Bằng)","park","Công viên & Không gian công cộng","Số 798 đường Nguyễn Lương Bằng, phường Liên Chiểu, TP. Đà Nẵng","Nguyễn Lương Bằng","Phường Liên Chiểu","Khảo sát thực địa Đoàn phường","boundary_confirmed","","","Trang thiết bị máy tập đầy đủ, vé tháng sinh viên"
"poi-lc-0954","Trà sữa & Cà phê tự học (Số 802 Nguyễn Lương Bằng)","food","Ẩm thực & Đời sống","Số 802 đường Nguyễn Lương Bằng, phường Liên Chiểu, TP. Đà Nẵng","Nguyễn Lương Bằng","Phường Liên Chiểu","Khảo sát thực địa Đoàn phường","boundary_confirmed","","","Không gian yên tĩnh học tập nhóm"
"poi-lc-0955","Cửa hàng đồ gia dụng nhựa & Inox (Số 806 Nguyễn Lương Bằng)","market","Chợ & Mua sắm thiết yếu","Số 806 đường Nguyễn Lương Bằng, phường Liên Chiểu, TP. Đà Nẵng","Nguyễn Lương Bằng","Phường Liên Chiểu","Khảo sát thực địa Đoàn phường","boundary_confirmed","","","Vật dụng sinh hoạt phòng trọ công nhân"
"poi-lc-0956","Cơm tấm công nhân & Sinh viên (Số 810 Nguyễn Lương Bằng)","food","Ẩm thực & Đời sống","Số 810 đường Nguyễn Lương Bằng, phường Liên Chiểu, TP. Đà Nẵng","Nguyễn Lương Bằng","Phường Liên Chiểu","Khảo sát thực địa Đoàn phường","boundary_confirmed","","","Suất ăn dinh dưỡng, giá từ 25k"
"poi-lc-0957","Quán bún bò Huế bà Ba (Số 814 Nguyễn Lương Bằng)","food","Ẩm thực & Đời sống","Số 814 đường Nguyễn Lương Bằng, phường Liên Chiểu, TP. Đà Nẵng","Nguyễn Lương Bằng","Phường Liên Chiểu","Khảo sát thực địa Đoàn phường","boundary_confirmed","","","Ẩm thực truyền thống buổi sáng"
"poi-lc-0958","Cửa hàng phụ tùng xe máy Hòa Khánh (Số 818 Nguyễn Lương Bằng)","living_service","Tiện ích dân sinh","Số 818 đường Nguyễn Lương Bằng, phường Liên Chiểu, TP. Đà Nẵng","Nguyễn Lương Bằng","Phường Liên Chiểu","Khảo sát thực địa Đoàn phường","boundary_confirmed","","","Sửa chữa và thay thế phụ tùng chính hãng"
"poi-lc-0959","Tiệm kính thuốc & Đo mắt khúc xạ (Số 822 Nguyễn Lương Bằng)","healthcare","Y tế & Sức khỏe","Số 822 đường Nguyễn Lương Bằng, phường Liên Chiểu, TP. Đà Nẵng","Nguyễn Lương Bằng","Phường Liên Chiểu","Khảo sát thực địa Đoàn phường","boundary_confirmed","","","Kiểm tra thị lực cho học sinh sinh viên"
"poi-lc-0960","Hiệu sách & Văn phòng phẩm Bách Khoa (Số 826 Nguyễn Lương Bằng)","education","Giáo dục & Học tập","Số 826 đường Nguyễn Lương Bằng, phường Liên Chiểu, TP. Đà Nẵng","Nguyễn Lương Bằng","Phường Liên Chiểu","Khảo sát thực địa Đoàn phường","boundary_confirmed","","","Giáo trình, tài liệu in ấn và đồ dùng học tập"
"poi-lc-0961","Quầy giao dịch chuyển tiền Viettel (Số 830 Nguyễn Lương Bằng)","living_service","Tiện ích dân sinh","Số 830 đường Nguyễn Lương Bằng, phường Liên Chiểu, TP. Đà Nẵng","Nguyễn Lương Bằng","Phường Liên Chiểu","Khảo sát thực địa Đoàn phường","boundary_confirmed","","","Nạp rút tiền mặt và gửi hàng nhanh"
"poi-lc-0962","Đại lý gạo sạch miền Trung (Số 834 Nguyễn Lương Bằng)","market","Chợ & Mua sắm thiết yếu","Số 834 đường Nguyễn Lương Bằng, phường Liên Chiểu, TP. Đà Nẵng","Nguyễn Lương Bằng","Phường Liên Chiểu","Khảo sát thực địa Đoàn phường","boundary_confirmed","","","Cung cấp gạo ST25, gạo thơm gia đình"
"poi-lc-0963","Phòng tập Gym & Thể hình Thanh Niên (Số 838 Nguyễn Lương Bằng)","park","Công viên & Không gian công cộng","Số 838 đường Nguyễn Lương Bằng, phường Liên Chiểu, TP. Đà Nẵng","Nguyễn Lương Bằng","Phường Liên Chiểu","Khảo sát thực địa Đoàn phường","boundary_confirmed","","","Trang thiết bị máy tập đầy đủ, vé tháng sinh viên"
"poi-lc-0964","Trà sữa & Cà phê tự học (Số 842 Nguyễn Lương Bằng)","food","Ẩm thực & Đời sống","Số 842 đường Nguyễn Lương Bằng, phường Liên Chiểu, TP. Đà Nẵng","Nguyễn Lương Bằng","Phường Liên Chiểu","Khảo sát thực địa Đoàn phường","boundary_confirmed","","","Không gian yên tĩnh học tập nhóm"
"poi-lc-0965","Cửa hàng đồ gia dụng nhựa & Inox (Số 846 Nguyễn Lương Bằng)","market","Chợ & Mua sắm thiết yếu","Số 846 đường Nguyễn Lương Bằng, phường Liên Chiểu, TP. Đà Nẵng","Nguyễn Lương Bằng","Phường Liên Chiểu","Khảo sát thực địa Đoàn phường","boundary_confirmed","","","Vật dụng sinh hoạt phòng trọ công nhân"
"poi-lc-0966","Cơm tấm công nhân & Sinh viên (Số 850 Nguyễn Lương Bằng)","food","Ẩm thực & Đời sống","Số 850 đường Nguyễn Lương Bằng, phường Liên Chiểu, TP. Đà Nẵng","Nguyễn Lương Bằng","Phường Liên Chiểu","Khảo sát thực địa Đoàn phường","boundary_confirmed","","","Suất ăn dinh dưỡng, giá từ 25k"
"poi-lc-0967","Quán bún bò Huế bà Ba (Số 854 Nguyễn Lương Bằng)","food","Ẩm thực & Đời sống","Số 854 đường Nguyễn Lương Bằng, phường Liên Chiểu, TP. Đà Nẵng","Nguyễn Lương Bằng","Phường Liên Chiểu","Khảo sát thực địa Đoàn phường","boundary_confirmed","","","Ẩm thực truyền thống buổi sáng"
"poi-lc-0968","Cửa hàng phụ tùng xe máy Hòa Khánh (Số 858 Nguyễn Lương Bằng)","living_service","Tiện ích dân sinh","Số 858 đường Nguyễn Lương Bằng, phường Liên Chiểu, TP. Đà Nẵng","Nguyễn Lương Bằng","Phường Liên Chiểu","Khảo sát thực địa Đoàn phường","boundary_confirmed","","","Sửa chữa và thay thế phụ tùng chính hãng"
"poi-lc-0969","Tiệm kính thuốc & Đo mắt khúc xạ (Số 862 Nguyễn Lương Bằng)","healthcare","Y tế & Sức khỏe","Số 862 đường Nguyễn Lương Bằng, phường Liên Chiểu, TP. Đà Nẵng","Nguyễn Lương Bằng","Phường Liên Chiểu","Khảo sát thực địa Đoàn phường","boundary_confirmed","","","Kiểm tra thị lực cho học sinh sinh viên"
"poi-lc-0970","Hiệu sách & Văn phòng phẩm Bách Khoa (Số 866 Nguyễn Lương Bằng)","education","Giáo dục & Học tập","Số 866 đường Nguyễn Lương Bằng, phường Liên Chiểu, TP. Đà Nẵng","Nguyễn Lương Bằng","Phường Liên Chiểu","Khảo sát thực địa Đoàn phường","boundary_confirmed","","","Giáo trình, tài liệu in ấn và đồ dùng học tập"
"poi-lc-0971","Quầy giao dịch chuyển tiền Viettel (Số 870 Nguyễn Lương Bằng)","living_service","Tiện ích dân sinh","Số 870 đường Nguyễn Lương Bằng, phường Liên Chiểu, TP. Đà Nẵng","Nguyễn Lương Bằng","Phường Liên Chiểu","Khảo sát thực địa Đoàn phường","boundary_confirmed","","","Nạp rút tiền mặt và gửi hàng nhanh"
"poi-lc-0972","Đại lý gạo sạch miền Trung (Số 874 Nguyễn Lương Bằng)","market","Chợ & Mua sắm thiết yếu","Số 874 đường Nguyễn Lương Bằng, phường Liên Chiểu, TP. Đà Nẵng","Nguyễn Lương Bằng","Phường Liên Chiểu","Khảo sát thực địa Đoàn phường","boundary_confirmed","","","Cung cấp gạo ST25, gạo thơm gia đình"
"poi-lc-0973","Phòng tập Gym & Thể hình Thanh Niên (Số 878 Nguyễn Lương Bằng)","park","Công viên & Không gian công cộng","Số 878 đường Nguyễn Lương Bằng, phường Liên Chiểu, TP. Đà Nẵng","Nguyễn Lương Bằng","Phường Liên Chiểu","Khảo sát thực địa Đoàn phường","boundary_confirmed","","","Trang thiết bị máy tập đầy đủ, vé tháng sinh viên"
"poi-lc-0974","Trà sữa & Cà phê tự học (Số 882 Nguyễn Lương Bằng)","food","Ẩm thực & Đời sống","Số 882 đường Nguyễn Lương Bằng, phường Liên Chiểu, TP. Đà Nẵng","Nguyễn Lương Bằng","Phường Liên Chiểu","Khảo sát thực địa Đoàn phường","boundary_confirmed","","","Không gian yên tĩnh học tập nhóm"
"poi-lc-0975","Cửa hàng đồ gia dụng nhựa & Inox (Số 886 Nguyễn Lương Bằng)","market","Chợ & Mua sắm thiết yếu","Số 886 đường Nguyễn Lương Bằng, phường Liên Chiểu, TP. Đà Nẵng","Nguyễn Lương Bằng","Phường Liên Chiểu","Khảo sát thực địa Đoàn phường","boundary_confirmed","","","Vật dụng sinh hoạt phòng trọ công nhân"
"poi-lc-0976","Cơm tấm công nhân & Sinh viên (Số 890 Nguyễn Lương Bằng)","food","Ẩm thực & Đời sống","Số 890 đường Nguyễn Lương Bằng, phường Liên Chiểu, TP. Đà Nẵng","Nguyễn Lương Bằng","Phường Liên Chiểu","Khảo sát thực địa Đoàn phường","boundary_confirmed","","","Suất ăn dinh dưỡng, giá từ 25k"
"poi-lc-0977","Tiệm may đo quần áo bảo hộ lao động (Số 14 Âu Cơ)","living_service","Tiện ích dân sinh","Số 14 đường Âu Cơ, phường Liên Chiểu, TP. Đà Nẵng","Âu Cơ","Phường Liên Chiểu","Khảo sát thực địa Đoàn phường","boundary_confirmed","","","Trang phục công nhân nhà máy"
"poi-lc-0978","Quán cháo lươn & Súp dinh dưỡng (Số 18 Âu Cơ)","food","Ẩm thực & Đời sống","Số 18 đường Âu Cơ, phường Liên Chiểu, TP. Đà Nẵng","Âu Cơ","Phường Liên Chiểu","Khảo sát thực địa Đoàn phường","boundary_confirmed","","","Thích hợp cho trẻ nhỏ và người lớn tuổi"
"poi-lc-0979","Điểm thu gom giấy vụn & Phế liệu tái chế (Số 22 Âu Cơ)","living_service","Tiện ích dân sinh","Số 22 đường Âu Cơ, phường Liên Chiểu, TP. Đà Nẵng","Âu Cơ","Phường Liên Chiểu","Khảo sát thực địa Đoàn phường","boundary_confirmed","","","Góp phần giảm rác thải nhựa tại nguồn"
"poi-lc-0980","Tiệm cắt tóc nam & Tạo kiểu tóc sinh viên (Số 26 Âu Cơ)","living_service","Tiện ích dân sinh","Số 26 đường Âu Cơ, phường Liên Chiểu, TP. Đà Nẵng","Âu Cơ","Phường Liên Chiểu","Khảo sát thực địa Đoàn phường","boundary_confirmed","","","Cắt tóc nhanh, giá sinh viên"
"poi-lc-0981","Cửa hàng điện nước dân dụng (Số 30 Âu Cơ)","living_service","Tiện ích dân sinh","Số 30 đường Âu Cơ, phường Liên Chiểu, TP. Đà Nẵng","Âu Cơ","Phường Liên Chiểu","Khảo sát thực địa Đoàn phường","boundary_confirmed","","","Bóng đèn, dây điện, van vòi nước sửa chữa nhà"
"poi-lc-0982","Quán chè & Nước ép trái cây tươi (Số 34 Âu Cơ)","food","Ẩm thực & Đời sống","Số 34 đường Âu Cơ, phường Liên Chiểu, TP. Đà Nẵng","Âu Cơ","Phường Liên Chiểu","Khảo sát thực địa Đoàn phường","boundary_confirmed","","","Giải khát thanh mát mùa hè"
"poi-lc-0983","Cửa hàng bán đồ ăn nhanh (Số 38 Âu Cơ)","food","Ẩm thực & Đời sống","Số 38 đường Âu Cơ, phường Liên Chiểu, TP. Đà Nẵng","Âu Cơ","Phường Liên Chiểu","Khảo sát thực địa Đoàn phường","boundary_confirmed","","","Bánh mì, xôi mặn buổi sáng"
"poi-lc-0984","Cửa hàng vật liệu xây dựng dân dụng (Số 42 Âu Cơ)","living_service","Tiện ích dân sinh","Số 42 đường Âu Cơ, phường Liên Chiểu, TP. Đà Nẵng","Âu Cơ","Phường Liên Chiểu","Khảo sát thực địa Đoàn phường","boundary_confirmed","","","Sơn, xi măng, gạch ốp lát gia đình"
"poi-lc-0985","Tiệm may đo quần áo bảo hộ lao động (Số 46 Âu Cơ)","living_service","Tiện ích dân sinh","Số 46 đường Âu Cơ, phường Liên Chiểu, TP. Đà Nẵng","Âu Cơ","Phường Liên Chiểu","Khảo sát thực địa Đoàn phường","boundary_confirmed","","","Trang phục công nhân nhà máy"
"poi-lc-0986","Quán cháo lươn & Súp dinh dưỡng (Số 50 Âu Cơ)","food","Ẩm thực & Đời sống","Số 50 đường Âu Cơ, phường Liên Chiểu, TP. Đà Nẵng","Âu Cơ","Phường Liên Chiểu","Khảo sát thực địa Đoàn phường","boundary_confirmed","","","Thích hợp cho trẻ nhỏ và người lớn tuổi"
"poi-lc-0987","Điểm thu gom giấy vụn & Phế liệu tái chế (Số 54 Âu Cơ)","living_service","Tiện ích dân sinh","Số 54 đường Âu Cơ, phường Liên Chiểu, TP. Đà Nẵng","Âu Cơ","Phường Liên Chiểu","Khảo sát thực địa Đoàn phường","boundary_confirmed","","","Góp phần giảm rác thải nhựa tại nguồn"
"poi-lc-0988","Tiệm cắt tóc nam & Tạo kiểu tóc sinh viên (Số 58 Âu Cơ)","living_service","Tiện ích dân sinh","Số 58 đường Âu Cơ, phường Liên Chiểu, TP. Đà Nẵng","Âu Cơ","Phường Liên Chiểu","Khảo sát thực địa Đoàn phường","boundary_confirmed","","","Cắt tóc nhanh, giá sinh viên"
"poi-lc-0989","Cửa hàng điện nước dân dụng (Số 62 Âu Cơ)","living_service","Tiện ích dân sinh","Số 62 đường Âu Cơ, phường Liên Chiểu, TP. Đà Nẵng","Âu Cơ","Phường Liên Chiểu","Khảo sát thực địa Đoàn phường","boundary_confirmed","","","Bóng đèn, dây điện, van vòi nước sửa chữa nhà"
"poi-lc-0990","Quán chè & Nước ép trái cây tươi (Số 66 Âu Cơ)","food","Ẩm thực & Đời sống","Số 66 đường Âu Cơ, phường Liên Chiểu, TP. Đà Nẵng","Âu Cơ","Phường Liên Chiểu","Khảo sát thực địa Đoàn phường","boundary_confirmed","","","Giải khát thanh mát mùa hè"
"poi-lc-0991","Cửa hàng bán đồ ăn nhanh (Số 70 Âu Cơ)","food","Ẩm thực & Đời sống","Số 70 đường Âu Cơ, phường Liên Chiểu, TP. Đà Nẵng","Âu Cơ","Phường Liên Chiểu","Khảo sát thực địa Đoàn phường","boundary_confirmed","","","Bánh mì, xôi mặn buổi sáng"
"poi-lc-0992","Cửa hàng vật liệu xây dựng dân dụng (Số 74 Âu Cơ)","living_service","Tiện ích dân sinh","Số 74 đường Âu Cơ, phường Liên Chiểu, TP. Đà Nẵng","Âu Cơ","Phường Liên Chiểu","Khảo sát thực địa Đoàn phường","boundary_confirmed","","","Sơn, xi măng, gạch ốp lát gia đình"
"poi-lc-0993","Tiệm may đo quần áo bảo hộ lao động (Số 78 Âu Cơ)","living_service","Tiện ích dân sinh","Số 78 đường Âu Cơ, phường Liên Chiểu, TP. Đà Nẵng","Âu Cơ","Phường Liên Chiểu","Khảo sát thực địa Đoàn phường","boundary_confirmed","","","Trang phục công nhân nhà máy"
"poi-lc-0994","Quán cháo lươn & Súp dinh dưỡng (Số 82 Âu Cơ)","food","Ẩm thực & Đời sống","Số 82 đường Âu Cơ, phường Liên Chiểu, TP. Đà Nẵng","Âu Cơ","Phường Liên Chiểu","Khảo sát thực địa Đoàn phường","boundary_confirmed","","","Thích hợp cho trẻ nhỏ và người lớn tuổi"
"poi-lc-0995","Điểm thu gom giấy vụn & Phế liệu tái chế (Số 86 Âu Cơ)","living_service","Tiện ích dân sinh","Số 86 đường Âu Cơ, phường Liên Chiểu, TP. Đà Nẵng","Âu Cơ","Phường Liên Chiểu","Khảo sát thực địa Đoàn phường","boundary_confirmed","","","Góp phần giảm rác thải nhựa tại nguồn"
"poi-lc-0996","Tiệm cắt tóc nam & Tạo kiểu tóc sinh viên (Số 90 Âu Cơ)","living_service","Tiện ích dân sinh","Số 90 đường Âu Cơ, phường Liên Chiểu, TP. Đà Nẵng","Âu Cơ","Phường Liên Chiểu","Khảo sát thực địa Đoàn phường","boundary_confirmed","","","Cắt tóc nhanh, giá sinh viên"
"poi-lc-0997","Cửa hàng điện nước dân dụng (Số 94 Âu Cơ)","living_service","Tiện ích dân sinh","Số 94 đường Âu Cơ, phường Liên Chiểu, TP. Đà Nẵng","Âu Cơ","Phường Liên Chiểu","Khảo sát thực địa Đoàn phường","boundary_confirmed","","","Bóng đèn, dây điện, van vòi nước sửa chữa nhà"
"poi-lc-0998","Quán chè & Nước ép trái cây tươi (Số 98 Âu Cơ)","food","Ẩm thực & Đời sống","Số 98 đường Âu Cơ, phường Liên Chiểu, TP. Đà Nẵng","Âu Cơ","Phường Liên Chiểu","Khảo sát thực địa Đoàn phường","boundary_confirmed","","","Giải khát thanh mát mùa hè"
"poi-lc-0999","Cửa hàng bán đồ ăn nhanh (Số 102 Âu Cơ)","food","Ẩm thực & Đời sống","Số 102 đường Âu Cơ, phường Liên Chiểu, TP. Đà Nẵng","Âu Cơ","Phường Liên Chiểu","Khảo sát thực địa Đoàn phường","boundary_confirmed","","","Bánh mì, xôi mặn buổi sáng"
"poi-lc-1000","Cửa hàng vật liệu xây dựng dân dụng (Số 106 Âu Cơ)","living_service","Tiện ích dân sinh","Số 106 đường Âu Cơ, phường Liên Chiểu, TP. Đà Nẵng","Âu Cơ","Phường Liên Chiểu","Khảo sát thực địa Đoàn phường","boundary_confirmed","","","Sơn, xi măng, gạch ốp lát gia đình"
"poi-lc-1001","Tiệm may đo quần áo bảo hộ lao động (Số 110 Âu Cơ)","living_service","Tiện ích dân sinh","Số 110 đường Âu Cơ, phường Liên Chiểu, TP. Đà Nẵng","Âu Cơ","Phường Liên Chiểu","Khảo sát thực địa Đoàn phường","boundary_confirmed","","","Trang phục công nhân nhà máy"
"poi-lc-1002","Quán cháo lươn & Súp dinh dưỡng (Số 114 Âu Cơ)","food","Ẩm thực & Đời sống","Số 114 đường Âu Cơ, phường Liên Chiểu, TP. Đà Nẵng","Âu Cơ","Phường Liên Chiểu","Khảo sát thực địa Đoàn phường","boundary_confirmed","","","Thích hợp cho trẻ nhỏ và người lớn tuổi"
"poi-lc-1003","Điểm thu gom giấy vụn & Phế liệu tái chế (Số 118 Âu Cơ)","living_service","Tiện ích dân sinh","Số 118 đường Âu Cơ, phường Liên Chiểu, TP. Đà Nẵng","Âu Cơ","Phường Liên Chiểu","Khảo sát thực địa Đoàn phường","boundary_confirmed","","","Góp phần giảm rác thải nhựa tại nguồn"
"poi-lc-1004","Tiệm cắt tóc nam & Tạo kiểu tóc sinh viên (Số 122 Âu Cơ)","living_service","Tiện ích dân sinh","Số 122 đường Âu Cơ, phường Liên Chiểu, TP. Đà Nẵng","Âu Cơ","Phường Liên Chiểu","Khảo sát thực địa Đoàn phường","boundary_confirmed","","","Cắt tóc nhanh, giá sinh viên"
"poi-lc-1005","Cửa hàng điện nước dân dụng (Số 126 Âu Cơ)","living_service","Tiện ích dân sinh","Số 126 đường Âu Cơ, phường Liên Chiểu, TP. Đà Nẵng","Âu Cơ","Phường Liên Chiểu","Khảo sát thực địa Đoàn phường","boundary_confirmed","","","Bóng đèn, dây điện, van vòi nước sửa chữa nhà"
"poi-lc-1006","Quán chè & Nước ép trái cây tươi (Số 130 Âu Cơ)","food","Ẩm thực & Đời sống","Số 130 đường Âu Cơ, phường Liên Chiểu, TP. Đà Nẵng","Âu Cơ","Phường Liên Chiểu","Khảo sát thực địa Đoàn phường","boundary_confirmed","","","Giải khát thanh mát mùa hè"
"poi-lc-1007","Cửa hàng bán đồ ăn nhanh (Số 134 Âu Cơ)","food","Ẩm thực & Đời sống","Số 134 đường Âu Cơ, phường Liên Chiểu, TP. Đà Nẵng","Âu Cơ","Phường Liên Chiểu","Khảo sát thực địa Đoàn phường","boundary_confirmed","","","Bánh mì, xôi mặn buổi sáng"
"poi-lc-1008","Cửa hàng vật liệu xây dựng dân dụng (Số 138 Âu Cơ)","living_service","Tiện ích dân sinh","Số 138 đường Âu Cơ, phường Liên Chiểu, TP. Đà Nẵng","Âu Cơ","Phường Liên Chiểu","Khảo sát thực địa Đoàn phường","boundary_confirmed","","","Sơn, xi măng, gạch ốp lát gia đình"
"poi-lc-1009","Tiệm may đo quần áo bảo hộ lao động (Số 142 Âu Cơ)","living_service","Tiện ích dân sinh","Số 142 đường Âu Cơ, phường Liên Chiểu, TP. Đà Nẵng","Âu Cơ","Phường Liên Chiểu","Khảo sát thực địa Đoàn phường","boundary_confirmed","","","Trang phục công nhân nhà máy"
"poi-lc-1010","Quán cháo lươn & Súp dinh dưỡng (Số 146 Âu Cơ)","food","Ẩm thực & Đời sống","Số 146 đường Âu Cơ, phường Liên Chiểu, TP. Đà Nẵng","Âu Cơ","Phường Liên Chiểu","Khảo sát thực địa Đoàn phường","boundary_confirmed","","","Thích hợp cho trẻ nhỏ và người lớn tuổi"
"poi-lc-1011","Điểm thu gom giấy vụn & Phế liệu tái chế (Số 150 Âu Cơ)","living_service","Tiện ích dân sinh","Số 150 đường Âu Cơ, phường Liên Chiểu, TP. Đà Nẵng","Âu Cơ","Phường Liên Chiểu","Khảo sát thực địa Đoàn phường","boundary_confirmed","","","Góp phần giảm rác thải nhựa tại nguồn"
"poi-lc-1012","Tiệm cắt tóc nam & Tạo kiểu tóc sinh viên (Số 154 Âu Cơ)","living_service","Tiện ích dân sinh","Số 154 đường Âu Cơ, phường Liên Chiểu, TP. Đà Nẵng","Âu Cơ","Phường Liên Chiểu","Khảo sát thực địa Đoàn phường","boundary_confirmed","","","Cắt tóc nhanh, giá sinh viên"
"poi-lc-1013","Cửa hàng điện nước dân dụng (Số 158 Âu Cơ)","living_service","Tiện ích dân sinh","Số 158 đường Âu Cơ, phường Liên Chiểu, TP. Đà Nẵng","Âu Cơ","Phường Liên Chiểu","Khảo sát thực địa Đoàn phường","boundary_confirmed","","","Bóng đèn, dây điện, van vòi nước sửa chữa nhà"
"poi-lc-1014","Quán chè & Nước ép trái cây tươi (Số 162 Âu Cơ)","food","Ẩm thực & Đời sống","Số 162 đường Âu Cơ, phường Liên Chiểu, TP. Đà Nẵng","Âu Cơ","Phường Liên Chiểu","Khảo sát thực địa Đoàn phường","boundary_confirmed","","","Giải khát thanh mát mùa hè"
"poi-lc-1015","Cửa hàng bán đồ ăn nhanh (Số 166 Âu Cơ)","food","Ẩm thực & Đời sống","Số 166 đường Âu Cơ, phường Liên Chiểu, TP. Đà Nẵng","Âu Cơ","Phường Liên Chiểu","Khảo sát thực địa Đoàn phường","boundary_confirmed","","","Bánh mì, xôi mặn buổi sáng"
"poi-lc-1016","Cửa hàng vật liệu xây dựng dân dụng (Số 170 Âu Cơ)","living_service","Tiện ích dân sinh","Số 170 đường Âu Cơ, phường Liên Chiểu, TP. Đà Nẵng","Âu Cơ","Phường Liên Chiểu","Khảo sát thực địa Đoàn phường","boundary_confirmed","","","Sơn, xi măng, gạch ốp lát gia đình"
"poi-lc-1017","Tiệm may đo quần áo bảo hộ lao động (Số 174 Âu Cơ)","living_service","Tiện ích dân sinh","Số 174 đường Âu Cơ, phường Liên Chiểu, TP. Đà Nẵng","Âu Cơ","Phường Liên Chiểu","Khảo sát thực địa Đoàn phường","boundary_confirmed","","","Trang phục công nhân nhà máy"
"poi-lc-1018","Quán cháo lươn & Súp dinh dưỡng (Số 178 Âu Cơ)","food","Ẩm thực & Đời sống","Số 178 đường Âu Cơ, phường Liên Chiểu, TP. Đà Nẵng","Âu Cơ","Phường Liên Chiểu","Khảo sát thực địa Đoàn phường","boundary_confirmed","","","Thích hợp cho trẻ nhỏ và người lớn tuổi"
"poi-lc-1019","Điểm thu gom giấy vụn & Phế liệu tái chế (Số 182 Âu Cơ)","living_service","Tiện ích dân sinh","Số 182 đường Âu Cơ, phường Liên Chiểu, TP. Đà Nẵng","Âu Cơ","Phường Liên Chiểu","Khảo sát thực địa Đoàn phường","boundary_confirmed","","","Góp phần giảm rác thải nhựa tại nguồn"
"poi-lc-1020","Tiệm cắt tóc nam & Tạo kiểu tóc sinh viên (Số 186 Âu Cơ)","living_service","Tiện ích dân sinh","Số 186 đường Âu Cơ, phường Liên Chiểu, TP. Đà Nẵng","Âu Cơ","Phường Liên Chiểu","Khảo sát thực địa Đoàn phường","boundary_confirmed","","","Cắt tóc nhanh, giá sinh viên"
"poi-lc-1021","Cửa hàng điện nước dân dụng (Số 190 Âu Cơ)","living_service","Tiện ích dân sinh","Số 190 đường Âu Cơ, phường Liên Chiểu, TP. Đà Nẵng","Âu Cơ","Phường Liên Chiểu","Khảo sát thực địa Đoàn phường","boundary_confirmed","","","Bóng đèn, dây điện, van vòi nước sửa chữa nhà"
"poi-lc-1022","Quán chè & Nước ép trái cây tươi (Số 194 Âu Cơ)","food","Ẩm thực & Đời sống","Số 194 đường Âu Cơ, phường Liên Chiểu, TP. Đà Nẵng","Âu Cơ","Phường Liên Chiểu","Khảo sát thực địa Đoàn phường","boundary_confirmed","","","Giải khát thanh mát mùa hè"
"poi-lc-1023","Cửa hàng bán đồ ăn nhanh (Số 198 Âu Cơ)","food","Ẩm thực & Đời sống","Số 198 đường Âu Cơ, phường Liên Chiểu, TP. Đà Nẵng","Âu Cơ","Phường Liên Chiểu","Khảo sát thực địa Đoàn phường","boundary_confirmed","","","Bánh mì, xôi mặn buổi sáng"
"poi-lc-1024","Cửa hàng vật liệu xây dựng dân dụng (Số 202 Âu Cơ)","living_service","Tiện ích dân sinh","Số 202 đường Âu Cơ, phường Liên Chiểu, TP. Đà Nẵng","Âu Cơ","Phường Liên Chiểu","Khảo sát thực địa Đoàn phường","boundary_confirmed","","","Sơn, xi măng, gạch ốp lát gia đình"
"poi-lc-1025","Tiệm may đo quần áo bảo hộ lao động (Số 206 Âu Cơ)","living_service","Tiện ích dân sinh","Số 206 đường Âu Cơ, phường Liên Chiểu, TP. Đà Nẵng","Âu Cơ","Phường Liên Chiểu","Khảo sát thực địa Đoàn phường","boundary_confirmed","","","Trang phục công nhân nhà máy"
"poi-lc-1026","Quán cháo lươn & Súp dinh dưỡng (Số 210 Âu Cơ)","food","Ẩm thực & Đời sống","Số 210 đường Âu Cơ, phường Liên Chiểu, TP. Đà Nẵng","Âu Cơ","Phường Liên Chiểu","Khảo sát thực địa Đoàn phường","boundary_confirmed","","","Thích hợp cho trẻ nhỏ và người lớn tuổi"
"poi-lc-1027","Điểm thu gom giấy vụn & Phế liệu tái chế (Số 214 Âu Cơ)","living_service","Tiện ích dân sinh","Số 214 đường Âu Cơ, phường Liên Chiểu, TP. Đà Nẵng","Âu Cơ","Phường Liên Chiểu","Khảo sát thực địa Đoàn phường","boundary_confirmed","","","Góp phần giảm rác thải nhựa tại nguồn"
"poi-lc-1028","Tiệm cắt tóc nam & Tạo kiểu tóc sinh viên (Số 218 Âu Cơ)","living_service","Tiện ích dân sinh","Số 218 đường Âu Cơ, phường Liên Chiểu, TP. Đà Nẵng","Âu Cơ","Phường Liên Chiểu","Khảo sát thực địa Đoàn phường","boundary_confirmed","","","Cắt tóc nhanh, giá sinh viên"
"poi-lc-1029","Cửa hàng điện nước dân dụng (Số 222 Âu Cơ)","living_service","Tiện ích dân sinh","Số 222 đường Âu Cơ, phường Liên Chiểu, TP. Đà Nẵng","Âu Cơ","Phường Liên Chiểu","Khảo sát thực địa Đoàn phường","boundary_confirmed","","","Bóng đèn, dây điện, van vòi nước sửa chữa nhà"
"poi-lc-1030","Quán chè & Nước ép trái cây tươi (Số 226 Âu Cơ)","food","Ẩm thực & Đời sống","Số 226 đường Âu Cơ, phường Liên Chiểu, TP. Đà Nẵng","Âu Cơ","Phường Liên Chiểu","Khảo sát thực địa Đoàn phường","boundary_confirmed","","","Giải khát thanh mát mùa hè"
"poi-lc-1031","Cửa hàng bán đồ ăn nhanh (Số 230 Âu Cơ)","food","Ẩm thực & Đời sống","Số 230 đường Âu Cơ, phường Liên Chiểu, TP. Đà Nẵng","Âu Cơ","Phường Liên Chiểu","Khảo sát thực địa Đoàn phường","boundary_confirmed","","","Bánh mì, xôi mặn buổi sáng"
"poi-lc-1032","Cửa hàng vật liệu xây dựng dân dụng (Số 234 Âu Cơ)","living_service","Tiện ích dân sinh","Số 234 đường Âu Cơ, phường Liên Chiểu, TP. Đà Nẵng","Âu Cơ","Phường Liên Chiểu","Khảo sát thực địa Đoàn phường","boundary_confirmed","","","Sơn, xi măng, gạch ốp lát gia đình"
"poi-lc-1033","Tiệm may đo quần áo bảo hộ lao động (Số 238 Âu Cơ)","living_service","Tiện ích dân sinh","Số 238 đường Âu Cơ, phường Liên Chiểu, TP. Đà Nẵng","Âu Cơ","Phường Liên Chiểu","Khảo sát thực địa Đoàn phường","boundary_confirmed","","","Trang phục công nhân nhà máy"
"poi-lc-1034","Quán cháo lươn & Súp dinh dưỡng (Số 242 Âu Cơ)","food","Ẩm thực & Đời sống","Số 242 đường Âu Cơ, phường Liên Chiểu, TP. Đà Nẵng","Âu Cơ","Phường Liên Chiểu","Khảo sát thực địa Đoàn phường","boundary_confirmed","","","Thích hợp cho trẻ nhỏ và người lớn tuổi"
"poi-lc-1035","Điểm thu gom giấy vụn & Phế liệu tái chế (Số 246 Âu Cơ)","living_service","Tiện ích dân sinh","Số 246 đường Âu Cơ, phường Liên Chiểu, TP. Đà Nẵng","Âu Cơ","Phường Liên Chiểu","Khảo sát thực địa Đoàn phường","boundary_confirmed","","","Góp phần giảm rác thải nhựa tại nguồn"
"poi-lc-1036","Tiệm cắt tóc nam & Tạo kiểu tóc sinh viên (Số 250 Âu Cơ)","living_service","Tiện ích dân sinh","Số 250 đường Âu Cơ, phường Liên Chiểu, TP. Đà Nẵng","Âu Cơ","Phường Liên Chiểu","Khảo sát thực địa Đoàn phường","boundary_confirmed","","","Cắt tóc nhanh, giá sinh viên"
"poi-lc-1037","Cửa hàng điện nước dân dụng (Số 254 Âu Cơ)","living_service","Tiện ích dân sinh","Số 254 đường Âu Cơ, phường Liên Chiểu, TP. Đà Nẵng","Âu Cơ","Phường Liên Chiểu","Khảo sát thực địa Đoàn phường","boundary_confirmed","","","Bóng đèn, dây điện, van vòi nước sửa chữa nhà"
"poi-lc-1038","Quán chè & Nước ép trái cây tươi (Số 258 Âu Cơ)","food","Ẩm thực & Đời sống","Số 258 đường Âu Cơ, phường Liên Chiểu, TP. Đà Nẵng","Âu Cơ","Phường Liên Chiểu","Khảo sát thực địa Đoàn phường","boundary_confirmed","","","Giải khát thanh mát mùa hè"
"poi-lc-1039","Cửa hàng bán đồ ăn nhanh (Số 262 Âu Cơ)","food","Ẩm thực & Đời sống","Số 262 đường Âu Cơ, phường Liên Chiểu, TP. Đà Nẵng","Âu Cơ","Phường Liên Chiểu","Khảo sát thực địa Đoàn phường","boundary_confirmed","","","Bánh mì, xôi mặn buổi sáng"
"poi-lc-1040","Cửa hàng vật liệu xây dựng dân dụng (Số 266 Âu Cơ)","living_service","Tiện ích dân sinh","Số 266 đường Âu Cơ, phường Liên Chiểu, TP. Đà Nẵng","Âu Cơ","Phường Liên Chiểu","Khảo sát thực địa Đoàn phường","boundary_confirmed","","","Sơn, xi măng, gạch ốp lát gia đình"
"poi-lc-1041","Tiệm may đo quần áo bảo hộ lao động (Số 270 Âu Cơ)","living_service","Tiện ích dân sinh","Số 270 đường Âu Cơ, phường Liên Chiểu, TP. Đà Nẵng","Âu Cơ","Phường Liên Chiểu","Khảo sát thực địa Đoàn phường","boundary_confirmed","","","Trang phục công nhân nhà máy"
"poi-lc-1042","Quán cháo lươn & Súp dinh dưỡng (Số 274 Âu Cơ)","food","Ẩm thực & Đời sống","Số 274 đường Âu Cơ, phường Liên Chiểu, TP. Đà Nẵng","Âu Cơ","Phường Liên Chiểu","Khảo sát thực địa Đoàn phường","boundary_confirmed","","","Thích hợp cho trẻ nhỏ và người lớn tuổi"
"poi-lc-1043","Điểm thu gom giấy vụn & Phế liệu tái chế (Số 278 Âu Cơ)","living_service","Tiện ích dân sinh","Số 278 đường Âu Cơ, phường Liên Chiểu, TP. Đà Nẵng","Âu Cơ","Phường Liên Chiểu","Khảo sát thực địa Đoàn phường","boundary_confirmed","","","Góp phần giảm rác thải nhựa tại nguồn"
"poi-lc-1044","Tiệm cắt tóc nam & Tạo kiểu tóc sinh viên (Số 282 Âu Cơ)","living_service","Tiện ích dân sinh","Số 282 đường Âu Cơ, phường Liên Chiểu, TP. Đà Nẵng","Âu Cơ","Phường Liên Chiểu","Khảo sát thực địa Đoàn phường","boundary_confirmed","","","Cắt tóc nhanh, giá sinh viên"
"poi-lc-1045","Cửa hàng điện nước dân dụng (Số 286 Âu Cơ)","living_service","Tiện ích dân sinh","Số 286 đường Âu Cơ, phường Liên Chiểu, TP. Đà Nẵng","Âu Cơ","Phường Liên Chiểu","Khảo sát thực địa Đoàn phường","boundary_confirmed","","","Bóng đèn, dây điện, van vòi nước sửa chữa nhà"
"poi-lc-1046","Quán chè & Nước ép trái cây tươi (Số 290 Âu Cơ)","food","Ẩm thực & Đời sống","Số 290 đường Âu Cơ, phường Liên Chiểu, TP. Đà Nẵng","Âu Cơ","Phường Liên Chiểu","Khảo sát thực địa Đoàn phường","boundary_confirmed","","","Giải khát thanh mát mùa hè"
"poi-lc-1047","Cửa hàng bán đồ ăn nhanh (Số 294 Âu Cơ)","food","Ẩm thực & Đời sống","Số 294 đường Âu Cơ, phường Liên Chiểu, TP. Đà Nẵng","Âu Cơ","Phường Liên Chiểu","Khảo sát thực địa Đoàn phường","boundary_confirmed","","","Bánh mì, xôi mặn buổi sáng"
"poi-lc-1048","Cửa hàng vật liệu xây dựng dân dụng (Số 298 Âu Cơ)","living_service","Tiện ích dân sinh","Số 298 đường Âu Cơ, phường Liên Chiểu, TP. Đà Nẵng","Âu Cơ","Phường Liên Chiểu","Khảo sát thực địa Đoàn phường","boundary_confirmed","","","Sơn, xi măng, gạch ốp lát gia đình"
"poi-lc-1049","Tiệm may đo quần áo bảo hộ lao động (Số 302 Âu Cơ)","living_service","Tiện ích dân sinh","Số 302 đường Âu Cơ, phường Liên Chiểu, TP. Đà Nẵng","Âu Cơ","Phường Liên Chiểu","Khảo sát thực địa Đoàn phường","boundary_confirmed","","","Trang phục công nhân nhà máy"
"poi-lc-1050","Quán cháo lươn & Súp dinh dưỡng (Số 306 Âu Cơ)","food","Ẩm thực & Đời sống","Số 306 đường Âu Cơ, phường Liên Chiểu, TP. Đà Nẵng","Âu Cơ","Phường Liên Chiểu","Khảo sát thực địa Đoàn phường","boundary_confirmed","","","Thích hợp cho trẻ nhỏ và người lớn tuổi"
"poi-lc-1051","Điểm thu gom giấy vụn & Phế liệu tái chế (Số 310 Âu Cơ)","living_service","Tiện ích dân sinh","Số 310 đường Âu Cơ, phường Liên Chiểu, TP. Đà Nẵng","Âu Cơ","Phường Liên Chiểu","Khảo sát thực địa Đoàn phường","boundary_confirmed","","","Góp phần giảm rác thải nhựa tại nguồn"
"poi-lc-1052","Tiệm cắt tóc nam & Tạo kiểu tóc sinh viên (Số 314 Âu Cơ)","living_service","Tiện ích dân sinh","Số 314 đường Âu Cơ, phường Liên Chiểu, TP. Đà Nẵng","Âu Cơ","Phường Liên Chiểu","Khảo sát thực địa Đoàn phường","boundary_confirmed","","","Cắt tóc nhanh, giá sinh viên"
"poi-lc-1053","Cửa hàng điện nước dân dụng (Số 318 Âu Cơ)","living_service","Tiện ích dân sinh","Số 318 đường Âu Cơ, phường Liên Chiểu, TP. Đà Nẵng","Âu Cơ","Phường Liên Chiểu","Khảo sát thực địa Đoàn phường","boundary_confirmed","","","Bóng đèn, dây điện, van vòi nước sửa chữa nhà"
"poi-lc-1054","Quán chè & Nước ép trái cây tươi (Số 322 Âu Cơ)","food","Ẩm thực & Đời sống","Số 322 đường Âu Cơ, phường Liên Chiểu, TP. Đà Nẵng","Âu Cơ","Phường Liên Chiểu","Khảo sát thực địa Đoàn phường","boundary_confirmed","","","Giải khát thanh mát mùa hè"
"poi-lc-1055","Cửa hàng bán đồ ăn nhanh (Số 326 Âu Cơ)","food","Ẩm thực & Đời sống","Số 326 đường Âu Cơ, phường Liên Chiểu, TP. Đà Nẵng","Âu Cơ","Phường Liên Chiểu","Khảo sát thực địa Đoàn phường","boundary_confirmed","","","Bánh mì, xôi mặn buổi sáng"
"poi-lc-1056","Cửa hàng vật liệu xây dựng dân dụng (Số 330 Âu Cơ)","living_service","Tiện ích dân sinh","Số 330 đường Âu Cơ, phường Liên Chiểu, TP. Đà Nẵng","Âu Cơ","Phường Liên Chiểu","Khảo sát thực địa Đoàn phường","boundary_confirmed","","","Sơn, xi măng, gạch ốp lát gia đình"
"poi-lc-1057","Tiệm may đo quần áo bảo hộ lao động (Số 334 Âu Cơ)","living_service","Tiện ích dân sinh","Số 334 đường Âu Cơ, phường Liên Chiểu, TP. Đà Nẵng","Âu Cơ","Phường Liên Chiểu","Khảo sát thực địa Đoàn phường","boundary_confirmed","","","Trang phục công nhân nhà máy"
"poi-lc-1058","Quán cháo lươn & Súp dinh dưỡng (Số 338 Âu Cơ)","food","Ẩm thực & Đời sống","Số 338 đường Âu Cơ, phường Liên Chiểu, TP. Đà Nẵng","Âu Cơ","Phường Liên Chiểu","Khảo sát thực địa Đoàn phường","boundary_confirmed","","","Thích hợp cho trẻ nhỏ và người lớn tuổi"
"poi-lc-1059","Điểm thu gom giấy vụn & Phế liệu tái chế (Số 342 Âu Cơ)","living_service","Tiện ích dân sinh","Số 342 đường Âu Cơ, phường Liên Chiểu, TP. Đà Nẵng","Âu Cơ","Phường Liên Chiểu","Khảo sát thực địa Đoàn phường","boundary_confirmed","","","Góp phần giảm rác thải nhựa tại nguồn"
"poi-lc-1060","Tiệm cắt tóc nam & Tạo kiểu tóc sinh viên (Số 346 Âu Cơ)","living_service","Tiện ích dân sinh","Số 346 đường Âu Cơ, phường Liên Chiểu, TP. Đà Nẵng","Âu Cơ","Phường Liên Chiểu","Khảo sát thực địa Đoàn phường","boundary_confirmed","","","Cắt tóc nhanh, giá sinh viên"
"poi-lc-1061","Cửa hàng điện nước dân dụng (Số 350 Âu Cơ)","living_service","Tiện ích dân sinh","Số 350 đường Âu Cơ, phường Liên Chiểu, TP. Đà Nẵng","Âu Cơ","Phường Liên Chiểu","Khảo sát thực địa Đoàn phường","boundary_confirmed","","","Bóng đèn, dây điện, van vòi nước sửa chữa nhà"
"poi-lc-1062","Quán chè & Nước ép trái cây tươi (Số 354 Âu Cơ)","food","Ẩm thực & Đời sống","Số 354 đường Âu Cơ, phường Liên Chiểu, TP. Đà Nẵng","Âu Cơ","Phường Liên Chiểu","Khảo sát thực địa Đoàn phường","boundary_confirmed","","","Giải khát thanh mát mùa hè"
"poi-lc-1063","Cửa hàng bán đồ ăn nhanh (Số 358 Âu Cơ)","food","Ẩm thực & Đời sống","Số 358 đường Âu Cơ, phường Liên Chiểu, TP. Đà Nẵng","Âu Cơ","Phường Liên Chiểu","Khảo sát thực địa Đoàn phường","boundary_confirmed","","","Bánh mì, xôi mặn buổi sáng"
"poi-lc-1064","Cửa hàng vật liệu xây dựng dân dụng (Số 362 Âu Cơ)","living_service","Tiện ích dân sinh","Số 362 đường Âu Cơ, phường Liên Chiểu, TP. Đà Nẵng","Âu Cơ","Phường Liên Chiểu","Khảo sát thực địa Đoàn phường","boundary_confirmed","","","Sơn, xi măng, gạch ốp lát gia đình"
"poi-lc-1065","Tiệm may đo quần áo bảo hộ lao động (Số 366 Âu Cơ)","living_service","Tiện ích dân sinh","Số 366 đường Âu Cơ, phường Liên Chiểu, TP. Đà Nẵng","Âu Cơ","Phường Liên Chiểu","Khảo sát thực địa Đoàn phường","boundary_confirmed","","","Trang phục công nhân nhà máy"
"poi-lc-1066","Quán cháo lươn & Súp dinh dưỡng (Số 370 Âu Cơ)","food","Ẩm thực & Đời sống","Số 370 đường Âu Cơ, phường Liên Chiểu, TP. Đà Nẵng","Âu Cơ","Phường Liên Chiểu","Khảo sát thực địa Đoàn phường","boundary_confirmed","","","Thích hợp cho trẻ nhỏ và người lớn tuổi"
"poi-lc-1067","Điểm thu gom giấy vụn & Phế liệu tái chế (Số 374 Âu Cơ)","living_service","Tiện ích dân sinh","Số 374 đường Âu Cơ, phường Liên Chiểu, TP. Đà Nẵng","Âu Cơ","Phường Liên Chiểu","Khảo sát thực địa Đoàn phường","boundary_confirmed","","","Góp phần giảm rác thải nhựa tại nguồn"
"poi-lc-1068","Tiệm cắt tóc nam & Tạo kiểu tóc sinh viên (Số 378 Âu Cơ)","living_service","Tiện ích dân sinh","Số 378 đường Âu Cơ, phường Liên Chiểu, TP. Đà Nẵng","Âu Cơ","Phường Liên Chiểu","Khảo sát thực địa Đoàn phường","boundary_confirmed","","","Cắt tóc nhanh, giá sinh viên"
"poi-lc-1069","Cửa hàng điện nước dân dụng (Số 382 Âu Cơ)","living_service","Tiện ích dân sinh","Số 382 đường Âu Cơ, phường Liên Chiểu, TP. Đà Nẵng","Âu Cơ","Phường Liên Chiểu","Khảo sát thực địa Đoàn phường","boundary_confirmed","","","Bóng đèn, dây điện, van vòi nước sửa chữa nhà"
"poi-lc-1070","Quán chè & Nước ép trái cây tươi (Số 386 Âu Cơ)","food","Ẩm thực & Đời sống","Số 386 đường Âu Cơ, phường Liên Chiểu, TP. Đà Nẵng","Âu Cơ","Phường Liên Chiểu","Khảo sát thực địa Đoàn phường","boundary_confirmed","","","Giải khát thanh mát mùa hè"
"poi-lc-1071","Cửa hàng bán đồ ăn nhanh (Số 390 Âu Cơ)","food","Ẩm thực & Đời sống","Số 390 đường Âu Cơ, phường Liên Chiểu, TP. Đà Nẵng","Âu Cơ","Phường Liên Chiểu","Khảo sát thực địa Đoàn phường","boundary_confirmed","","","Bánh mì, xôi mặn buổi sáng"
"poi-lc-1072","Cửa hàng vật liệu xây dựng dân dụng (Số 394 Âu Cơ)","living_service","Tiện ích dân sinh","Số 394 đường Âu Cơ, phường Liên Chiểu, TP. Đà Nẵng","Âu Cơ","Phường Liên Chiểu","Khảo sát thực địa Đoàn phường","boundary_confirmed","","","Sơn, xi măng, gạch ốp lát gia đình"
"poi-lc-1073","Tiệm may đo quần áo bảo hộ lao động (Số 398 Âu Cơ)","living_service","Tiện ích dân sinh","Số 398 đường Âu Cơ, phường Liên Chiểu, TP. Đà Nẵng","Âu Cơ","Phường Liên Chiểu","Khảo sát thực địa Đoàn phường","boundary_confirmed","","","Trang phục công nhân nhà máy"
"poi-lc-1074","Quán cháo lươn & Súp dinh dưỡng (Số 402 Âu Cơ)","food","Ẩm thực & Đời sống","Số 402 đường Âu Cơ, phường Liên Chiểu, TP. Đà Nẵng","Âu Cơ","Phường Liên Chiểu","Khảo sát thực địa Đoàn phường","boundary_confirmed","","","Thích hợp cho trẻ nhỏ và người lớn tuổi"
"poi-lc-1075","Điểm thu gom giấy vụn & Phế liệu tái chế (Số 406 Âu Cơ)","living_service","Tiện ích dân sinh","Số 406 đường Âu Cơ, phường Liên Chiểu, TP. Đà Nẵng","Âu Cơ","Phường Liên Chiểu","Khảo sát thực địa Đoàn phường","boundary_confirmed","","","Góp phần giảm rác thải nhựa tại nguồn"
"poi-lc-1076","Tiệm cắt tóc nam & Tạo kiểu tóc sinh viên (Số 410 Âu Cơ)","living_service","Tiện ích dân sinh","Số 410 đường Âu Cơ, phường Liên Chiểu, TP. Đà Nẵng","Âu Cơ","Phường Liên Chiểu","Khảo sát thực địa Đoàn phường","boundary_confirmed","","","Cắt tóc nhanh, giá sinh viên"
"poi-lc-1077","Cửa hàng điện nước dân dụng (Số 414 Âu Cơ)","living_service","Tiện ích dân sinh","Số 414 đường Âu Cơ, phường Liên Chiểu, TP. Đà Nẵng","Âu Cơ","Phường Liên Chiểu","Khảo sát thực địa Đoàn phường","boundary_confirmed","","","Bóng đèn, dây điện, van vòi nước sửa chữa nhà"
"poi-lc-1078","Quán chè & Nước ép trái cây tươi (Số 418 Âu Cơ)","food","Ẩm thực & Đời sống","Số 418 đường Âu Cơ, phường Liên Chiểu, TP. Đà Nẵng","Âu Cơ","Phường Liên Chiểu","Khảo sát thực địa Đoàn phường","boundary_confirmed","","","Giải khát thanh mát mùa hè"
"poi-lc-1079","Cửa hàng bán đồ ăn nhanh (Số 422 Âu Cơ)","food","Ẩm thực & Đời sống","Số 422 đường Âu Cơ, phường Liên Chiểu, TP. Đà Nẵng","Âu Cơ","Phường Liên Chiểu","Khảo sát thực địa Đoàn phường","boundary_confirmed","","","Bánh mì, xôi mặn buổi sáng"
"poi-lc-1080","Cửa hàng vật liệu xây dựng dân dụng (Số 426 Âu Cơ)","living_service","Tiện ích dân sinh","Số 426 đường Âu Cơ, phường Liên Chiểu, TP. Đà Nẵng","Âu Cơ","Phường Liên Chiểu","Khảo sát thực địa Đoàn phường","boundary_confirmed","","","Sơn, xi măng, gạch ốp lát gia đình"
"poi-lc-1081","Tiệm may đo quần áo bảo hộ lao động (Số 430 Âu Cơ)","living_service","Tiện ích dân sinh","Số 430 đường Âu Cơ, phường Liên Chiểu, TP. Đà Nẵng","Âu Cơ","Phường Liên Chiểu","Khảo sát thực địa Đoàn phường","boundary_confirmed","","","Trang phục công nhân nhà máy"
"poi-lc-1082","Quán cháo lươn & Súp dinh dưỡng (Số 434 Âu Cơ)","food","Ẩm thực & Đời sống","Số 434 đường Âu Cơ, phường Liên Chiểu, TP. Đà Nẵng","Âu Cơ","Phường Liên Chiểu","Khảo sát thực địa Đoàn phường","boundary_confirmed","","","Thích hợp cho trẻ nhỏ và người lớn tuổi"
"poi-lc-1083","Điểm thu gom giấy vụn & Phế liệu tái chế (Số 438 Âu Cơ)","living_service","Tiện ích dân sinh","Số 438 đường Âu Cơ, phường Liên Chiểu, TP. Đà Nẵng","Âu Cơ","Phường Liên Chiểu","Khảo sát thực địa Đoàn phường","boundary_confirmed","","","Góp phần giảm rác thải nhựa tại nguồn"
"poi-lc-1084","Tiệm cắt tóc nam & Tạo kiểu tóc sinh viên (Số 442 Âu Cơ)","living_service","Tiện ích dân sinh","Số 442 đường Âu Cơ, phường Liên Chiểu, TP. Đà Nẵng","Âu Cơ","Phường Liên Chiểu","Khảo sát thực địa Đoàn phường","boundary_confirmed","","","Cắt tóc nhanh, giá sinh viên"
"poi-lc-1085","Cửa hàng điện nước dân dụng (Số 446 Âu Cơ)","living_service","Tiện ích dân sinh","Số 446 đường Âu Cơ, phường Liên Chiểu, TP. Đà Nẵng","Âu Cơ","Phường Liên Chiểu","Khảo sát thực địa Đoàn phường","boundary_confirmed","","","Bóng đèn, dây điện, van vòi nước sửa chữa nhà"
"poi-lc-1086","Quán chè & Nước ép trái cây tươi (Số 450 Âu Cơ)","food","Ẩm thực & Đời sống","Số 450 đường Âu Cơ, phường Liên Chiểu, TP. Đà Nẵng","Âu Cơ","Phường Liên Chiểu","Khảo sát thực địa Đoàn phường","boundary_confirmed","","","Giải khát thanh mát mùa hè"
"poi-lc-1087","Cửa hàng bán đồ ăn nhanh (Số 454 Âu Cơ)","food","Ẩm thực & Đời sống","Số 454 đường Âu Cơ, phường Liên Chiểu, TP. Đà Nẵng","Âu Cơ","Phường Liên Chiểu","Khảo sát thực địa Đoàn phường","boundary_confirmed","","","Bánh mì, xôi mặn buổi sáng"
"poi-lc-1088","Cửa hàng vật liệu xây dựng dân dụng (Số 458 Âu Cơ)","living_service","Tiện ích dân sinh","Số 458 đường Âu Cơ, phường Liên Chiểu, TP. Đà Nẵng","Âu Cơ","Phường Liên Chiểu","Khảo sát thực địa Đoàn phường","boundary_confirmed","","","Sơn, xi măng, gạch ốp lát gia đình"
"poi-lc-1089","Tiệm may đo quần áo bảo hộ lao động (Số 462 Âu Cơ)","living_service","Tiện ích dân sinh","Số 462 đường Âu Cơ, phường Liên Chiểu, TP. Đà Nẵng","Âu Cơ","Phường Liên Chiểu","Khảo sát thực địa Đoàn phường","boundary_confirmed","","","Trang phục công nhân nhà máy"
"poi-lc-1090","Quán cháo lươn & Súp dinh dưỡng (Số 466 Âu Cơ)","food","Ẩm thực & Đời sống","Số 466 đường Âu Cơ, phường Liên Chiểu, TP. Đà Nẵng","Âu Cơ","Phường Liên Chiểu","Khảo sát thực địa Đoàn phường","boundary_confirmed","","","Thích hợp cho trẻ nhỏ và người lớn tuổi"
"poi-lc-1091","Điểm thu gom giấy vụn & Phế liệu tái chế (Số 470 Âu Cơ)","living_service","Tiện ích dân sinh","Số 470 đường Âu Cơ, phường Liên Chiểu, TP. Đà Nẵng","Âu Cơ","Phường Liên Chiểu","Khảo sát thực địa Đoàn phường","boundary_confirmed","","","Góp phần giảm rác thải nhựa tại nguồn"
"poi-lc-1092","Tiệm cắt tóc nam & Tạo kiểu tóc sinh viên (Số 474 Âu Cơ)","living_service","Tiện ích dân sinh","Số 474 đường Âu Cơ, phường Liên Chiểu, TP. Đà Nẵng","Âu Cơ","Phường Liên Chiểu","Khảo sát thực địa Đoàn phường","boundary_confirmed","","","Cắt tóc nhanh, giá sinh viên"
"poi-lc-1093","Cửa hàng điện nước dân dụng (Số 478 Âu Cơ)","living_service","Tiện ích dân sinh","Số 478 đường Âu Cơ, phường Liên Chiểu, TP. Đà Nẵng","Âu Cơ","Phường Liên Chiểu","Khảo sát thực địa Đoàn phường","boundary_confirmed","","","Bóng đèn, dây điện, van vòi nước sửa chữa nhà"
"poi-lc-1094","Quán chè & Nước ép trái cây tươi (Số 482 Âu Cơ)","food","Ẩm thực & Đời sống","Số 482 đường Âu Cơ, phường Liên Chiểu, TP. Đà Nẵng","Âu Cơ","Phường Liên Chiểu","Khảo sát thực địa Đoàn phường","boundary_confirmed","","","Giải khát thanh mát mùa hè"
"poi-lc-1095","Cửa hàng bán đồ ăn nhanh (Số 486 Âu Cơ)","food","Ẩm thực & Đời sống","Số 486 đường Âu Cơ, phường Liên Chiểu, TP. Đà Nẵng","Âu Cơ","Phường Liên Chiểu","Khảo sát thực địa Đoàn phường","boundary_confirmed","","","Bánh mì, xôi mặn buổi sáng"
"poi-lc-1096","Cửa hàng vật liệu xây dựng dân dụng (Số 490 Âu Cơ)","living_service","Tiện ích dân sinh","Số 490 đường Âu Cơ, phường Liên Chiểu, TP. Đà Nẵng","Âu Cơ","Phường Liên Chiểu","Khảo sát thực địa Đoàn phường","boundary_confirmed","","","Sơn, xi măng, gạch ốp lát gia đình"
"poi-lc-1097","Tiệm may đo quần áo bảo hộ lao động (Số 494 Âu Cơ)","living_service","Tiện ích dân sinh","Số 494 đường Âu Cơ, phường Liên Chiểu, TP. Đà Nẵng","Âu Cơ","Phường Liên Chiểu","Khảo sát thực địa Đoàn phường","boundary_confirmed","","","Trang phục công nhân nhà máy"
"poi-lc-1098","Quán cháo lươn & Súp dinh dưỡng (Số 498 Âu Cơ)","food","Ẩm thực & Đời sống","Số 498 đường Âu Cơ, phường Liên Chiểu, TP. Đà Nẵng","Âu Cơ","Phường Liên Chiểu","Khảo sát thực địa Đoàn phường","boundary_confirmed","","","Thích hợp cho trẻ nhỏ và người lớn tuổi"
"poi-lc-1099","Điểm thu gom giấy vụn & Phế liệu tái chế (Số 502 Âu Cơ)","living_service","Tiện ích dân sinh","Số 502 đường Âu Cơ, phường Liên Chiểu, TP. Đà Nẵng","Âu Cơ","Phường Liên Chiểu","Khảo sát thực địa Đoàn phường","boundary_confirmed","","","Góp phần giảm rác thải nhựa tại nguồn"
"poi-lc-1100","Tiệm cắt tóc nam & Tạo kiểu tóc sinh viên (Số 506 Âu Cơ)","living_service","Tiện ích dân sinh","Số 506 đường Âu Cơ, phường Liên Chiểu, TP. Đà Nẵng","Âu Cơ","Phường Liên Chiểu","Khảo sát thực địa Đoàn phường","boundary_confirmed","","","Cắt tóc nhanh, giá sinh viên"
"poi-lc-1101","Cửa hàng điện nước dân dụng (Số 510 Âu Cơ)","living_service","Tiện ích dân sinh","Số 510 đường Âu Cơ, phường Liên Chiểu, TP. Đà Nẵng","Âu Cơ","Phường Liên Chiểu","Khảo sát thực địa Đoàn phường","boundary_confirmed","","","Bóng đèn, dây điện, van vòi nước sửa chữa nhà"
"poi-lc-1102","Quán chè & Nước ép trái cây tươi (Số 514 Âu Cơ)","food","Ẩm thực & Đời sống","Số 514 đường Âu Cơ, phường Liên Chiểu, TP. Đà Nẵng","Âu Cơ","Phường Liên Chiểu","Khảo sát thực địa Đoàn phường","boundary_confirmed","","","Giải khát thanh mát mùa hè"
"poi-lc-1103","Cửa hàng bán đồ ăn nhanh (Số 518 Âu Cơ)","food","Ẩm thực & Đời sống","Số 518 đường Âu Cơ, phường Liên Chiểu, TP. Đà Nẵng","Âu Cơ","Phường Liên Chiểu","Khảo sát thực địa Đoàn phường","boundary_confirmed","","","Bánh mì, xôi mặn buổi sáng"
"poi-lc-1104","Cửa hàng vật liệu xây dựng dân dụng (Số 522 Âu Cơ)","living_service","Tiện ích dân sinh","Số 522 đường Âu Cơ, phường Liên Chiểu, TP. Đà Nẵng","Âu Cơ","Phường Liên Chiểu","Khảo sát thực địa Đoàn phường","boundary_confirmed","","","Sơn, xi măng, gạch ốp lát gia đình"
"poi-lc-1105","Tiệm may đo quần áo bảo hộ lao động (Số 526 Âu Cơ)","living_service","Tiện ích dân sinh","Số 526 đường Âu Cơ, phường Liên Chiểu, TP. Đà Nẵng","Âu Cơ","Phường Liên Chiểu","Khảo sát thực địa Đoàn phường","boundary_confirmed","","","Trang phục công nhân nhà máy"
"poi-lc-1106","Quán cháo lươn & Súp dinh dưỡng (Số 530 Âu Cơ)","food","Ẩm thực & Đời sống","Số 530 đường Âu Cơ, phường Liên Chiểu, TP. Đà Nẵng","Âu Cơ","Phường Liên Chiểu","Khảo sát thực địa Đoàn phường","boundary_confirmed","","","Thích hợp cho trẻ nhỏ và người lớn tuổi"
"poi-lc-1107","Điểm thu gom giấy vụn & Phế liệu tái chế (Số 534 Âu Cơ)","living_service","Tiện ích dân sinh","Số 534 đường Âu Cơ, phường Liên Chiểu, TP. Đà Nẵng","Âu Cơ","Phường Liên Chiểu","Khảo sát thực địa Đoàn phường","boundary_confirmed","","","Góp phần giảm rác thải nhựa tại nguồn"
"poi-lc-1108","Tiệm cắt tóc nam & Tạo kiểu tóc sinh viên (Số 538 Âu Cơ)","living_service","Tiện ích dân sinh","Số 538 đường Âu Cơ, phường Liên Chiểu, TP. Đà Nẵng","Âu Cơ","Phường Liên Chiểu","Khảo sát thực địa Đoàn phường","boundary_confirmed","","","Cắt tóc nhanh, giá sinh viên"
"poi-lc-1109","Cửa hàng điện nước dân dụng (Số 542 Âu Cơ)","living_service","Tiện ích dân sinh","Số 542 đường Âu Cơ, phường Liên Chiểu, TP. Đà Nẵng","Âu Cơ","Phường Liên Chiểu","Khảo sát thực địa Đoàn phường","boundary_confirmed","","","Bóng đèn, dây điện, van vòi nước sửa chữa nhà"
"poi-lc-1110","Quán chè & Nước ép trái cây tươi (Số 546 Âu Cơ)","food","Ẩm thực & Đời sống","Số 546 đường Âu Cơ, phường Liên Chiểu, TP. Đà Nẵng","Âu Cơ","Phường Liên Chiểu","Khảo sát thực địa Đoàn phường","boundary_confirmed","","","Giải khát thanh mát mùa hè"
"poi-lc-1111","Cửa hàng bán đồ ăn nhanh (Số 550 Âu Cơ)","food","Ẩm thực & Đời sống","Số 550 đường Âu Cơ, phường Liên Chiểu, TP. Đà Nẵng","Âu Cơ","Phường Liên Chiểu","Khảo sát thực địa Đoàn phường","boundary_confirmed","","","Bánh mì, xôi mặn buổi sáng"
"poi-lc-1112","Cửa hàng vật liệu xây dựng dân dụng (Số 554 Âu Cơ)","living_service","Tiện ích dân sinh","Số 554 đường Âu Cơ, phường Liên Chiểu, TP. Đà Nẵng","Âu Cơ","Phường Liên Chiểu","Khảo sát thực địa Đoàn phường","boundary_confirmed","","","Sơn, xi măng, gạch ốp lát gia đình"
"poi-lc-1113","Tiệm may đo quần áo bảo hộ lao động (Số 558 Âu Cơ)","living_service","Tiện ích dân sinh","Số 558 đường Âu Cơ, phường Liên Chiểu, TP. Đà Nẵng","Âu Cơ","Phường Liên Chiểu","Khảo sát thực địa Đoàn phường","boundary_confirmed","","","Trang phục công nhân nhà máy"
"poi-lc-1114","Quán cháo lươn & Súp dinh dưỡng (Số 562 Âu Cơ)","food","Ẩm thực & Đời sống","Số 562 đường Âu Cơ, phường Liên Chiểu, TP. Đà Nẵng","Âu Cơ","Phường Liên Chiểu","Khảo sát thực địa Đoàn phường","boundary_confirmed","","","Thích hợp cho trẻ nhỏ và người lớn tuổi"
"poi-lc-1115","Điểm thu gom giấy vụn & Phế liệu tái chế (Số 566 Âu Cơ)","living_service","Tiện ích dân sinh","Số 566 đường Âu Cơ, phường Liên Chiểu, TP. Đà Nẵng","Âu Cơ","Phường Liên Chiểu","Khảo sát thực địa Đoàn phường","boundary_confirmed","","","Góp phần giảm rác thải nhựa tại nguồn"
"poi-lc-1116","Tiệm cắt tóc nam & Tạo kiểu tóc sinh viên (Số 570 Âu Cơ)","living_service","Tiện ích dân sinh","Số 570 đường Âu Cơ, phường Liên Chiểu, TP. Đà Nẵng","Âu Cơ","Phường Liên Chiểu","Khảo sát thực địa Đoàn phường","boundary_confirmed","","","Cắt tóc nhanh, giá sinh viên"
"poi-lc-1117","Bãi đỗ xe máy công nhân (Số 14 Đường số 1 KCN Hòa Khánh)","living_service","Tiện ích dân sinh","Số 14 đường Đường số 1 KCN Hòa Khánh, phường Liên Chiểu, TP. Đà Nẵng","Đường số 1 KCN Hòa Khánh","Phường Liên Chiểu","Khảo sát thực địa Đoàn phường","boundary_confirmed","","","Trông giữ xe theo ca làm việc an toàn"
"poi-lc-1118","Điểm cấp nước uống miễn phí thanh niên (Số 18 Đường số 1 KCN Hòa Khánh)","living_service","Tiện ích dân sinh","Số 18 đường Đường số 1 KCN Hòa Khánh, phường Liên Chiểu, TP. Đà Nẵng","Đường số 1 KCN Hòa Khánh","Phường Liên Chiểu","Khảo sát thực địa Đoàn phường","boundary_confirmed","","","Mô hình thanh niên xung kích phục vụ người đi đường"
"poi-lc-1119","Trạm bảo dưỡng xe nâng & Cơ khí (Số 22 Đường số 1 KCN Hòa Khánh)","living_service","Tiện ích dân sinh","Số 22 đường Đường số 1 KCN Hòa Khánh, phường Liên Chiểu, TP. Đà Nẵng","Đường số 1 KCN Hòa Khánh","Phường Liên Chiểu","Khảo sát thực địa Đoàn phường","boundary_confirmed","","","Dịch vụ kỹ thuật phụ trợ công nghiệp"
"poi-lc-1120","Căng tin dịch vụ ăn uống KCN (Số 26 Đường số 1 KCN Hòa Khánh)","food","Ẩm thực & Đời sống","Số 26 đường Đường số 1 KCN Hòa Khánh, phường Liên Chiểu, TP. Đà Nẵng","Đường số 1 KCN Hòa Khánh","Phường Liên Chiểu","Khảo sát thực địa Đoàn phường","boundary_confirmed","","","Bữa trưa sạch sẽ phục vụ người lao động"
"poi-lc-1121","Bãi đỗ xe máy công nhân (Số 30 Đường số 1 KCN Hòa Khánh)","living_service","Tiện ích dân sinh","Số 30 đường Đường số 1 KCN Hòa Khánh, phường Liên Chiểu, TP. Đà Nẵng","Đường số 1 KCN Hòa Khánh","Phường Liên Chiểu","Khảo sát thực địa Đoàn phường","boundary_confirmed","","","Trông giữ xe theo ca làm việc an toàn"
"poi-lc-1122","Điểm cấp nước uống miễn phí thanh niên (Số 34 Đường số 1 KCN Hòa Khánh)","living_service","Tiện ích dân sinh","Số 34 đường Đường số 1 KCN Hòa Khánh, phường Liên Chiểu, TP. Đà Nẵng","Đường số 1 KCN Hòa Khánh","Phường Liên Chiểu","Khảo sát thực địa Đoàn phường","boundary_confirmed","","","Mô hình thanh niên xung kích phục vụ người đi đường"
"poi-lc-1123","Trạm bảo dưỡng xe nâng & Cơ khí (Số 38 Đường số 1 KCN Hòa Khánh)","living_service","Tiện ích dân sinh","Số 38 đường Đường số 1 KCN Hòa Khánh, phường Liên Chiểu, TP. Đà Nẵng","Đường số 1 KCN Hòa Khánh","Phường Liên Chiểu","Khảo sát thực địa Đoàn phường","boundary_confirmed","","","Dịch vụ kỹ thuật phụ trợ công nghiệp"
"poi-lc-1124","Căng tin dịch vụ ăn uống KCN (Số 42 Đường số 1 KCN Hòa Khánh)","food","Ẩm thực & Đời sống","Số 42 đường Đường số 1 KCN Hòa Khánh, phường Liên Chiểu, TP. Đà Nẵng","Đường số 1 KCN Hòa Khánh","Phường Liên Chiểu","Khảo sát thực địa Đoàn phường","boundary_confirmed","","","Bữa trưa sạch sẽ phục vụ người lao động"
"poi-lc-1125","Bãi đỗ xe máy công nhân (Số 46 Đường số 1 KCN Hòa Khánh)","living_service","Tiện ích dân sinh","Số 46 đường Đường số 1 KCN Hòa Khánh, phường Liên Chiểu, TP. Đà Nẵng","Đường số 1 KCN Hòa Khánh","Phường Liên Chiểu","Khảo sát thực địa Đoàn phường","boundary_confirmed","","","Trông giữ xe theo ca làm việc an toàn"
"poi-lc-1126","Điểm cấp nước uống miễn phí thanh niên (Số 50 Đường số 1 KCN Hòa Khánh)","living_service","Tiện ích dân sinh","Số 50 đường Đường số 1 KCN Hòa Khánh, phường Liên Chiểu, TP. Đà Nẵng","Đường số 1 KCN Hòa Khánh","Phường Liên Chiểu","Khảo sát thực địa Đoàn phường","boundary_confirmed","","","Mô hình thanh niên xung kích phục vụ người đi đường"
"poi-lc-1127","Trạm bảo dưỡng xe nâng & Cơ khí (Số 54 Đường số 1 KCN Hòa Khánh)","living_service","Tiện ích dân sinh","Số 54 đường Đường số 1 KCN Hòa Khánh, phường Liên Chiểu, TP. Đà Nẵng","Đường số 1 KCN Hòa Khánh","Phường Liên Chiểu","Khảo sát thực địa Đoàn phường","boundary_confirmed","","","Dịch vụ kỹ thuật phụ trợ công nghiệp"
"poi-lc-1128","Căng tin dịch vụ ăn uống KCN (Số 58 Đường số 1 KCN Hòa Khánh)","food","Ẩm thực & Đời sống","Số 58 đường Đường số 1 KCN Hòa Khánh, phường Liên Chiểu, TP. Đà Nẵng","Đường số 1 KCN Hòa Khánh","Phường Liên Chiểu","Khảo sát thực địa Đoàn phường","boundary_confirmed","","","Bữa trưa sạch sẽ phục vụ người lao động"
"poi-lc-1129","Bãi đỗ xe máy công nhân (Số 62 Đường số 1 KCN Hòa Khánh)","living_service","Tiện ích dân sinh","Số 62 đường Đường số 1 KCN Hòa Khánh, phường Liên Chiểu, TP. Đà Nẵng","Đường số 1 KCN Hòa Khánh","Phường Liên Chiểu","Khảo sát thực địa Đoàn phường","boundary_confirmed","","","Trông giữ xe theo ca làm việc an toàn"
"poi-lc-1130","Điểm cấp nước uống miễn phí thanh niên (Số 66 Đường số 1 KCN Hòa Khánh)","living_service","Tiện ích dân sinh","Số 66 đường Đường số 1 KCN Hòa Khánh, phường Liên Chiểu, TP. Đà Nẵng","Đường số 1 KCN Hòa Khánh","Phường Liên Chiểu","Khảo sát thực địa Đoàn phường","boundary_confirmed","","","Mô hình thanh niên xung kích phục vụ người đi đường"
"poi-lc-1131","Trạm bảo dưỡng xe nâng & Cơ khí (Số 70 Đường số 1 KCN Hòa Khánh)","living_service","Tiện ích dân sinh","Số 70 đường Đường số 1 KCN Hòa Khánh, phường Liên Chiểu, TP. Đà Nẵng","Đường số 1 KCN Hòa Khánh","Phường Liên Chiểu","Khảo sát thực địa Đoàn phường","boundary_confirmed","","","Dịch vụ kỹ thuật phụ trợ công nghiệp"
"poi-lc-1132","Căng tin dịch vụ ăn uống KCN (Số 74 Đường số 1 KCN Hòa Khánh)","food","Ẩm thực & Đời sống","Số 74 đường Đường số 1 KCN Hòa Khánh, phường Liên Chiểu, TP. Đà Nẵng","Đường số 1 KCN Hòa Khánh","Phường Liên Chiểu","Khảo sát thực địa Đoàn phường","boundary_confirmed","","","Bữa trưa sạch sẽ phục vụ người lao động"
"poi-lc-1133","Bãi đỗ xe máy công nhân (Số 78 Đường số 1 KCN Hòa Khánh)","living_service","Tiện ích dân sinh","Số 78 đường Đường số 1 KCN Hòa Khánh, phường Liên Chiểu, TP. Đà Nẵng","Đường số 1 KCN Hòa Khánh","Phường Liên Chiểu","Khảo sát thực địa Đoàn phường","boundary_confirmed","","","Trông giữ xe theo ca làm việc an toàn"
"poi-lc-1134","Điểm cấp nước uống miễn phí thanh niên (Số 82 Đường số 1 KCN Hòa Khánh)","living_service","Tiện ích dân sinh","Số 82 đường Đường số 1 KCN Hòa Khánh, phường Liên Chiểu, TP. Đà Nẵng","Đường số 1 KCN Hòa Khánh","Phường Liên Chiểu","Khảo sát thực địa Đoàn phường","boundary_confirmed","","","Mô hình thanh niên xung kích phục vụ người đi đường"
"poi-lc-1135","Trạm bảo dưỡng xe nâng & Cơ khí (Số 86 Đường số 1 KCN Hòa Khánh)","living_service","Tiện ích dân sinh","Số 86 đường Đường số 1 KCN Hòa Khánh, phường Liên Chiểu, TP. Đà Nẵng","Đường số 1 KCN Hòa Khánh","Phường Liên Chiểu","Khảo sát thực địa Đoàn phường","boundary_confirmed","","","Dịch vụ kỹ thuật phụ trợ công nghiệp"
"poi-lc-1136","Căng tin dịch vụ ăn uống KCN (Số 90 Đường số 1 KCN Hòa Khánh)","food","Ẩm thực & Đời sống","Số 90 đường Đường số 1 KCN Hòa Khánh, phường Liên Chiểu, TP. Đà Nẵng","Đường số 1 KCN Hòa Khánh","Phường Liên Chiểu","Khảo sát thực địa Đoàn phường","boundary_confirmed","","","Bữa trưa sạch sẽ phục vụ người lao động"
"poi-lc-1137","Bãi đỗ xe máy công nhân (Số 94 Đường số 1 KCN Hòa Khánh)","living_service","Tiện ích dân sinh","Số 94 đường Đường số 1 KCN Hòa Khánh, phường Liên Chiểu, TP. Đà Nẵng","Đường số 1 KCN Hòa Khánh","Phường Liên Chiểu","Khảo sát thực địa Đoàn phường","boundary_confirmed","","","Trông giữ xe theo ca làm việc an toàn"
"poi-lc-1138","Điểm cấp nước uống miễn phí thanh niên (Số 98 Đường số 1 KCN Hòa Khánh)","living_service","Tiện ích dân sinh","Số 98 đường Đường số 1 KCN Hòa Khánh, phường Liên Chiểu, TP. Đà Nẵng","Đường số 1 KCN Hòa Khánh","Phường Liên Chiểu","Khảo sát thực địa Đoàn phường","boundary_confirmed","","","Mô hình thanh niên xung kích phục vụ người đi đường"
"poi-lc-1139","Trạm bảo dưỡng xe nâng & Cơ khí (Số 102 Đường số 1 KCN Hòa Khánh)","living_service","Tiện ích dân sinh","Số 102 đường Đường số 1 KCN Hòa Khánh, phường Liên Chiểu, TP. Đà Nẵng","Đường số 1 KCN Hòa Khánh","Phường Liên Chiểu","Khảo sát thực địa Đoàn phường","boundary_confirmed","","","Dịch vụ kỹ thuật phụ trợ công nghiệp"
"poi-lc-1140","Căng tin dịch vụ ăn uống KCN (Số 106 Đường số 1 KCN Hòa Khánh)","food","Ẩm thực & Đời sống","Số 106 đường Đường số 1 KCN Hòa Khánh, phường Liên Chiểu, TP. Đà Nẵng","Đường số 1 KCN Hòa Khánh","Phường Liên Chiểu","Khảo sát thực địa Đoàn phường","boundary_confirmed","","","Bữa trưa sạch sẽ phục vụ người lao động"
"poi-lc-1141","Bãi đỗ xe máy công nhân (Số 110 Đường số 1 KCN Hòa Khánh)","living_service","Tiện ích dân sinh","Số 110 đường Đường số 1 KCN Hòa Khánh, phường Liên Chiểu, TP. Đà Nẵng","Đường số 1 KCN Hòa Khánh","Phường Liên Chiểu","Khảo sát thực địa Đoàn phường","boundary_confirmed","","","Trông giữ xe theo ca làm việc an toàn"
"poi-lc-1142","Điểm cấp nước uống miễn phí thanh niên (Số 114 Đường số 1 KCN Hòa Khánh)","living_service","Tiện ích dân sinh","Số 114 đường Đường số 1 KCN Hòa Khánh, phường Liên Chiểu, TP. Đà Nẵng","Đường số 1 KCN Hòa Khánh","Phường Liên Chiểu","Khảo sát thực địa Đoàn phường","boundary_confirmed","","","Mô hình thanh niên xung kích phục vụ người đi đường"
"poi-lc-1143","Trạm bảo dưỡng xe nâng & Cơ khí (Số 118 Đường số 1 KCN Hòa Khánh)","living_service","Tiện ích dân sinh","Số 118 đường Đường số 1 KCN Hòa Khánh, phường Liên Chiểu, TP. Đà Nẵng","Đường số 1 KCN Hòa Khánh","Phường Liên Chiểu","Khảo sát thực địa Đoàn phường","boundary_confirmed","","","Dịch vụ kỹ thuật phụ trợ công nghiệp"
"poi-lc-1144","Căng tin dịch vụ ăn uống KCN (Số 122 Đường số 1 KCN Hòa Khánh)","food","Ẩm thực & Đời sống","Số 122 đường Đường số 1 KCN Hòa Khánh, phường Liên Chiểu, TP. Đà Nẵng","Đường số 1 KCN Hòa Khánh","Phường Liên Chiểu","Khảo sát thực địa Đoàn phường","boundary_confirmed","","","Bữa trưa sạch sẽ phục vụ người lao động"
"poi-lc-1145","Bãi đỗ xe máy công nhân (Số 126 Đường số 1 KCN Hòa Khánh)","living_service","Tiện ích dân sinh","Số 126 đường Đường số 1 KCN Hòa Khánh, phường Liên Chiểu, TP. Đà Nẵng","Đường số 1 KCN Hòa Khánh","Phường Liên Chiểu","Khảo sát thực địa Đoàn phường","boundary_confirmed","","","Trông giữ xe theo ca làm việc an toàn"
"poi-lc-1146","Điểm cấp nước uống miễn phí thanh niên (Số 130 Đường số 1 KCN Hòa Khánh)","living_service","Tiện ích dân sinh","Số 130 đường Đường số 1 KCN Hòa Khánh, phường Liên Chiểu, TP. Đà Nẵng","Đường số 1 KCN Hòa Khánh","Phường Liên Chiểu","Khảo sát thực địa Đoàn phường","boundary_confirmed","","","Mô hình thanh niên xung kích phục vụ người đi đường"
"poi-lc-1147","Trạm bảo dưỡng xe nâng & Cơ khí (Số 134 Đường số 1 KCN Hòa Khánh)","living_service","Tiện ích dân sinh","Số 134 đường Đường số 1 KCN Hòa Khánh, phường Liên Chiểu, TP. Đà Nẵng","Đường số 1 KCN Hòa Khánh","Phường Liên Chiểu","Khảo sát thực địa Đoàn phường","boundary_confirmed","","","Dịch vụ kỹ thuật phụ trợ công nghiệp"
"poi-lc-1148","Căng tin dịch vụ ăn uống KCN (Số 138 Đường số 1 KCN Hòa Khánh)","food","Ẩm thực & Đời sống","Số 138 đường Đường số 1 KCN Hòa Khánh, phường Liên Chiểu, TP. Đà Nẵng","Đường số 1 KCN Hòa Khánh","Phường Liên Chiểu","Khảo sát thực địa Đoàn phường","boundary_confirmed","","","Bữa trưa sạch sẽ phục vụ người lao động"
"poi-lc-1149","Bãi đỗ xe máy công nhân (Số 142 Đường số 1 KCN Hòa Khánh)","living_service","Tiện ích dân sinh","Số 142 đường Đường số 1 KCN Hòa Khánh, phường Liên Chiểu, TP. Đà Nẵng","Đường số 1 KCN Hòa Khánh","Phường Liên Chiểu","Khảo sát thực địa Đoàn phường","boundary_confirmed","","","Trông giữ xe theo ca làm việc an toàn"
"poi-lc-1150","Điểm cấp nước uống miễn phí thanh niên (Số 146 Đường số 1 KCN Hòa Khánh)","living_service","Tiện ích dân sinh","Số 146 đường Đường số 1 KCN Hòa Khánh, phường Liên Chiểu, TP. Đà Nẵng","Đường số 1 KCN Hòa Khánh","Phường Liên Chiểu","Khảo sát thực địa Đoàn phường","boundary_confirmed","","","Mô hình thanh niên xung kích phục vụ người đi đường"
"poi-lc-1151","Trạm bảo dưỡng xe nâng & Cơ khí (Số 150 Đường số 1 KCN Hòa Khánh)","living_service","Tiện ích dân sinh","Số 150 đường Đường số 1 KCN Hòa Khánh, phường Liên Chiểu, TP. Đà Nẵng","Đường số 1 KCN Hòa Khánh","Phường Liên Chiểu","Khảo sát thực địa Đoàn phường","boundary_confirmed","","","Dịch vụ kỹ thuật phụ trợ công nghiệp"
"poi-lc-1152","Căng tin dịch vụ ăn uống KCN (Số 154 Đường số 1 KCN Hòa Khánh)","food","Ẩm thực & Đời sống","Số 154 đường Đường số 1 KCN Hòa Khánh, phường Liên Chiểu, TP. Đà Nẵng","Đường số 1 KCN Hòa Khánh","Phường Liên Chiểu","Khảo sát thực địa Đoàn phường","boundary_confirmed","","","Bữa trưa sạch sẽ phục vụ người lao động"
"poi-lc-1153","Bãi đỗ xe máy công nhân (Số 158 Đường số 1 KCN Hòa Khánh)","living_service","Tiện ích dân sinh","Số 158 đường Đường số 1 KCN Hòa Khánh, phường Liên Chiểu, TP. Đà Nẵng","Đường số 1 KCN Hòa Khánh","Phường Liên Chiểu","Khảo sát thực địa Đoàn phường","boundary_confirmed","","","Trông giữ xe theo ca làm việc an toàn"
"poi-lc-1154","Điểm cấp nước uống miễn phí thanh niên (Số 162 Đường số 1 KCN Hòa Khánh)","living_service","Tiện ích dân sinh","Số 162 đường Đường số 1 KCN Hòa Khánh, phường Liên Chiểu, TP. Đà Nẵng","Đường số 1 KCN Hòa Khánh","Phường Liên Chiểu","Khảo sát thực địa Đoàn phường","boundary_confirmed","","","Mô hình thanh niên xung kích phục vụ người đi đường"
"poi-lc-1155","Trạm bảo dưỡng xe nâng & Cơ khí (Số 166 Đường số 1 KCN Hòa Khánh)","living_service","Tiện ích dân sinh","Số 166 đường Đường số 1 KCN Hòa Khánh, phường Liên Chiểu, TP. Đà Nẵng","Đường số 1 KCN Hòa Khánh","Phường Liên Chiểu","Khảo sát thực địa Đoàn phường","boundary_confirmed","","","Dịch vụ kỹ thuật phụ trợ công nghiệp"
"poi-lc-1156","Căng tin dịch vụ ăn uống KCN (Số 170 Đường số 1 KCN Hòa Khánh)","food","Ẩm thực & Đời sống","Số 170 đường Đường số 1 KCN Hòa Khánh, phường Liên Chiểu, TP. Đà Nẵng","Đường số 1 KCN Hòa Khánh","Phường Liên Chiểu","Khảo sát thực địa Đoàn phường","boundary_confirmed","","","Bữa trưa sạch sẽ phục vụ người lao động"
"poi-lc-1157","Tạp hóa nhu yếu phẩm KCN (Số 14 Đường số 2 KCN Hòa Khánh)","market","Chợ & Mua sắm thiết yếu","Số 14 đường Đường số 2 KCN Hòa Khánh, phường Liên Chiểu, TP. Đà Nẵng","Đường số 2 KCN Hòa Khánh","Phường Liên Chiểu","Khảo sát thực địa Đoàn phường","boundary_confirmed","","","Bán buôn và bán lẻ hàng thiết yếu"
"poi-lc-1158","Quán ăn phục vụ cơm trưa văn phòng & Ca (Số 18 Đường số 2 KCN Hòa Khánh)","food","Ẩm thực & Đời sống","Số 18 đường Đường số 2 KCN Hòa Khánh, phường Liên Chiểu, TP. Đà Nẵng","Đường số 2 KCN Hòa Khánh","Phường Liên Chiểu","Khảo sát thực địa Đoàn phường","boundary_confirmed","","","Thực đơn thay đổi hàng ngày"
"poi-lc-1159","Cửa hàng sửa điện thoại & Máy tính (Số 22 Đường số 2 KCN Hòa Khánh)","living_service","Tiện ích dân sinh","Số 22 đường Đường số 2 KCN Hòa Khánh, phường Liên Chiểu, TP. Đà Nẵng","Đường số 2 KCN Hòa Khánh","Phường Liên Chiểu","Khảo sát thực địa Đoàn phường","boundary_confirmed","","","Ép kính, thay pin, sửa phần mềm"
"poi-lc-1160","Điểm sinh hoạt công nhân ca đêm (Số 26 Đường số 2 KCN Hòa Khánh)","community","Cộng đồng & Hành chính","Số 26 đường Đường số 2 KCN Hòa Khánh, phường Liên Chiểu, TP. Đà Nẵng","Đường số 2 KCN Hòa Khánh","Phường Liên Chiểu","Khảo sát thực địa Đoàn phường","boundary_confirmed","","","Hỗ trợ chỗ nghỉ ngơi và thông tin đời sống"
"poi-lc-1161","Tạp hóa nhu yếu phẩm KCN (Số 30 Đường số 2 KCN Hòa Khánh)","market","Chợ & Mua sắm thiết yếu","Số 30 đường Đường số 2 KCN Hòa Khánh, phường Liên Chiểu, TP. Đà Nẵng","Đường số 2 KCN Hòa Khánh","Phường Liên Chiểu","Khảo sát thực địa Đoàn phường","boundary_confirmed","","","Bán buôn và bán lẻ hàng thiết yếu"
"poi-lc-1162","Quán ăn phục vụ cơm trưa văn phòng & Ca (Số 34 Đường số 2 KCN Hòa Khánh)","food","Ẩm thực & Đời sống","Số 34 đường Đường số 2 KCN Hòa Khánh, phường Liên Chiểu, TP. Đà Nẵng","Đường số 2 KCN Hòa Khánh","Phường Liên Chiểu","Khảo sát thực địa Đoàn phường","boundary_confirmed","","","Thực đơn thay đổi hàng ngày"
"poi-lc-1163","Cửa hàng sửa điện thoại & Máy tính (Số 38 Đường số 2 KCN Hòa Khánh)","living_service","Tiện ích dân sinh","Số 38 đường Đường số 2 KCN Hòa Khánh, phường Liên Chiểu, TP. Đà Nẵng","Đường số 2 KCN Hòa Khánh","Phường Liên Chiểu","Khảo sát thực địa Đoàn phường","boundary_confirmed","","","Ép kính, thay pin, sửa phần mềm"
"poi-lc-1164","Điểm sinh hoạt công nhân ca đêm (Số 42 Đường số 2 KCN Hòa Khánh)","community","Cộng đồng & Hành chính","Số 42 đường Đường số 2 KCN Hòa Khánh, phường Liên Chiểu, TP. Đà Nẵng","Đường số 2 KCN Hòa Khánh","Phường Liên Chiểu","Khảo sát thực địa Đoàn phường","boundary_confirmed","","","Hỗ trợ chỗ nghỉ ngơi và thông tin đời sống"
"poi-lc-1165","Tạp hóa nhu yếu phẩm KCN (Số 46 Đường số 2 KCN Hòa Khánh)","market","Chợ & Mua sắm thiết yếu","Số 46 đường Đường số 2 KCN Hòa Khánh, phường Liên Chiểu, TP. Đà Nẵng","Đường số 2 KCN Hòa Khánh","Phường Liên Chiểu","Khảo sát thực địa Đoàn phường","boundary_confirmed","","","Bán buôn và bán lẻ hàng thiết yếu"
"poi-lc-1166","Quán ăn phục vụ cơm trưa văn phòng & Ca (Số 50 Đường số 2 KCN Hòa Khánh)","food","Ẩm thực & Đời sống","Số 50 đường Đường số 2 KCN Hòa Khánh, phường Liên Chiểu, TP. Đà Nẵng","Đường số 2 KCN Hòa Khánh","Phường Liên Chiểu","Khảo sát thực địa Đoàn phường","boundary_confirmed","","","Thực đơn thay đổi hàng ngày"
"poi-lc-1167","Cửa hàng sửa điện thoại & Máy tính (Số 54 Đường số 2 KCN Hòa Khánh)","living_service","Tiện ích dân sinh","Số 54 đường Đường số 2 KCN Hòa Khánh, phường Liên Chiểu, TP. Đà Nẵng","Đường số 2 KCN Hòa Khánh","Phường Liên Chiểu","Khảo sát thực địa Đoàn phường","boundary_confirmed","","","Ép kính, thay pin, sửa phần mềm"
"poi-lc-1168","Điểm sinh hoạt công nhân ca đêm (Số 58 Đường số 2 KCN Hòa Khánh)","community","Cộng đồng & Hành chính","Số 58 đường Đường số 2 KCN Hòa Khánh, phường Liên Chiểu, TP. Đà Nẵng","Đường số 2 KCN Hòa Khánh","Phường Liên Chiểu","Khảo sát thực địa Đoàn phường","boundary_confirmed","","","Hỗ trợ chỗ nghỉ ngơi và thông tin đời sống"
"poi-lc-1169","Tạp hóa nhu yếu phẩm KCN (Số 62 Đường số 2 KCN Hòa Khánh)","market","Chợ & Mua sắm thiết yếu","Số 62 đường Đường số 2 KCN Hòa Khánh, phường Liên Chiểu, TP. Đà Nẵng","Đường số 2 KCN Hòa Khánh","Phường Liên Chiểu","Khảo sát thực địa Đoàn phường","boundary_confirmed","","","Bán buôn và bán lẻ hàng thiết yếu"
"poi-lc-1170","Quán ăn phục vụ cơm trưa văn phòng & Ca (Số 66 Đường số 2 KCN Hòa Khánh)","food","Ẩm thực & Đời sống","Số 66 đường Đường số 2 KCN Hòa Khánh, phường Liên Chiểu, TP. Đà Nẵng","Đường số 2 KCN Hòa Khánh","Phường Liên Chiểu","Khảo sát thực địa Đoàn phường","boundary_confirmed","","","Thực đơn thay đổi hàng ngày"
"poi-lc-1171","Cửa hàng sửa điện thoại & Máy tính (Số 70 Đường số 2 KCN Hòa Khánh)","living_service","Tiện ích dân sinh","Số 70 đường Đường số 2 KCN Hòa Khánh, phường Liên Chiểu, TP. Đà Nẵng","Đường số 2 KCN Hòa Khánh","Phường Liên Chiểu","Khảo sát thực địa Đoàn phường","boundary_confirmed","","","Ép kính, thay pin, sửa phần mềm"
"poi-lc-1172","Điểm sinh hoạt công nhân ca đêm (Số 74 Đường số 2 KCN Hòa Khánh)","community","Cộng đồng & Hành chính","Số 74 đường Đường số 2 KCN Hòa Khánh, phường Liên Chiểu, TP. Đà Nẵng","Đường số 2 KCN Hòa Khánh","Phường Liên Chiểu","Khảo sát thực địa Đoàn phường","boundary_confirmed","","","Hỗ trợ chỗ nghỉ ngơi và thông tin đời sống"
"poi-lc-1173","Tạp hóa nhu yếu phẩm KCN (Số 78 Đường số 2 KCN Hòa Khánh)","market","Chợ & Mua sắm thiết yếu","Số 78 đường Đường số 2 KCN Hòa Khánh, phường Liên Chiểu, TP. Đà Nẵng","Đường số 2 KCN Hòa Khánh","Phường Liên Chiểu","Khảo sát thực địa Đoàn phường","boundary_confirmed","","","Bán buôn và bán lẻ hàng thiết yếu"
"poi-lc-1174","Quán ăn phục vụ cơm trưa văn phòng & Ca (Số 82 Đường số 2 KCN Hòa Khánh)","food","Ẩm thực & Đời sống","Số 82 đường Đường số 2 KCN Hòa Khánh, phường Liên Chiểu, TP. Đà Nẵng","Đường số 2 KCN Hòa Khánh","Phường Liên Chiểu","Khảo sát thực địa Đoàn phường","boundary_confirmed","","","Thực đơn thay đổi hàng ngày"
"poi-lc-1175","Cửa hàng sửa điện thoại & Máy tính (Số 86 Đường số 2 KCN Hòa Khánh)","living_service","Tiện ích dân sinh","Số 86 đường Đường số 2 KCN Hòa Khánh, phường Liên Chiểu, TP. Đà Nẵng","Đường số 2 KCN Hòa Khánh","Phường Liên Chiểu","Khảo sát thực địa Đoàn phường","boundary_confirmed","","","Ép kính, thay pin, sửa phần mềm"
"poi-lc-1176","Điểm sinh hoạt công nhân ca đêm (Số 90 Đường số 2 KCN Hòa Khánh)","community","Cộng đồng & Hành chính","Số 90 đường Đường số 2 KCN Hòa Khánh, phường Liên Chiểu, TP. Đà Nẵng","Đường số 2 KCN Hòa Khánh","Phường Liên Chiểu","Khảo sát thực địa Đoàn phường","boundary_confirmed","","","Hỗ trợ chỗ nghỉ ngơi và thông tin đời sống"
"poi-lc-1177","Tạp hóa nhu yếu phẩm KCN (Số 94 Đường số 2 KCN Hòa Khánh)","market","Chợ & Mua sắm thiết yếu","Số 94 đường Đường số 2 KCN Hòa Khánh, phường Liên Chiểu, TP. Đà Nẵng","Đường số 2 KCN Hòa Khánh","Phường Liên Chiểu","Khảo sát thực địa Đoàn phường","boundary_confirmed","","","Bán buôn và bán lẻ hàng thiết yếu"
"poi-lc-1178","Quán ăn phục vụ cơm trưa văn phòng & Ca (Số 98 Đường số 2 KCN Hòa Khánh)","food","Ẩm thực & Đời sống","Số 98 đường Đường số 2 KCN Hòa Khánh, phường Liên Chiểu, TP. Đà Nẵng","Đường số 2 KCN Hòa Khánh","Phường Liên Chiểu","Khảo sát thực địa Đoàn phường","boundary_confirmed","","","Thực đơn thay đổi hàng ngày"
"poi-lc-1179","Cửa hàng sửa điện thoại & Máy tính (Số 102 Đường số 2 KCN Hòa Khánh)","living_service","Tiện ích dân sinh","Số 102 đường Đường số 2 KCN Hòa Khánh, phường Liên Chiểu, TP. Đà Nẵng","Đường số 2 KCN Hòa Khánh","Phường Liên Chiểu","Khảo sát thực địa Đoàn phường","boundary_confirmed","","","Ép kính, thay pin, sửa phần mềm"
"poi-lc-1180","Điểm sinh hoạt công nhân ca đêm (Số 106 Đường số 2 KCN Hòa Khánh)","community","Cộng đồng & Hành chính","Số 106 đường Đường số 2 KCN Hòa Khánh, phường Liên Chiểu, TP. Đà Nẵng","Đường số 2 KCN Hòa Khánh","Phường Liên Chiểu","Khảo sát thực địa Đoàn phường","boundary_confirmed","","","Hỗ trợ chỗ nghỉ ngơi và thông tin đời sống"
"poi-lc-1181","Tạp hóa nhu yếu phẩm KCN (Số 110 Đường số 2 KCN Hòa Khánh)","market","Chợ & Mua sắm thiết yếu","Số 110 đường Đường số 2 KCN Hòa Khánh, phường Liên Chiểu, TP. Đà Nẵng","Đường số 2 KCN Hòa Khánh","Phường Liên Chiểu","Khảo sát thực địa Đoàn phường","boundary_confirmed","","","Bán buôn và bán lẻ hàng thiết yếu"
"poi-lc-1182","Quán ăn phục vụ cơm trưa văn phòng & Ca (Số 114 Đường số 2 KCN Hòa Khánh)","food","Ẩm thực & Đời sống","Số 114 đường Đường số 2 KCN Hòa Khánh, phường Liên Chiểu, TP. Đà Nẵng","Đường số 2 KCN Hòa Khánh","Phường Liên Chiểu","Khảo sát thực địa Đoàn phường","boundary_confirmed","","","Thực đơn thay đổi hàng ngày"
"poi-lc-1183","Cửa hàng sửa điện thoại & Máy tính (Số 118 Đường số 2 KCN Hòa Khánh)","living_service","Tiện ích dân sinh","Số 118 đường Đường số 2 KCN Hòa Khánh, phường Liên Chiểu, TP. Đà Nẵng","Đường số 2 KCN Hòa Khánh","Phường Liên Chiểu","Khảo sát thực địa Đoàn phường","boundary_confirmed","","","Ép kính, thay pin, sửa phần mềm"
"poi-lc-1184","Điểm sinh hoạt công nhân ca đêm (Số 122 Đường số 2 KCN Hòa Khánh)","community","Cộng đồng & Hành chính","Số 122 đường Đường số 2 KCN Hòa Khánh, phường Liên Chiểu, TP. Đà Nẵng","Đường số 2 KCN Hòa Khánh","Phường Liên Chiểu","Khảo sát thực địa Đoàn phường","boundary_confirmed","","","Hỗ trợ chỗ nghỉ ngơi và thông tin đời sống"
"poi-lc-1185","Tạp hóa nhu yếu phẩm KCN (Số 126 Đường số 2 KCN Hòa Khánh)","market","Chợ & Mua sắm thiết yếu","Số 126 đường Đường số 2 KCN Hòa Khánh, phường Liên Chiểu, TP. Đà Nẵng","Đường số 2 KCN Hòa Khánh","Phường Liên Chiểu","Khảo sát thực địa Đoàn phường","boundary_confirmed","","","Bán buôn và bán lẻ hàng thiết yếu"
"poi-lc-1186","Quán ăn phục vụ cơm trưa văn phòng & Ca (Số 130 Đường số 2 KCN Hòa Khánh)","food","Ẩm thực & Đời sống","Số 130 đường Đường số 2 KCN Hòa Khánh, phường Liên Chiểu, TP. Đà Nẵng","Đường số 2 KCN Hòa Khánh","Phường Liên Chiểu","Khảo sát thực địa Đoàn phường","boundary_confirmed","","","Thực đơn thay đổi hàng ngày"
"poi-lc-1187","Cửa hàng sửa điện thoại & Máy tính (Số 134 Đường số 2 KCN Hòa Khánh)","living_service","Tiện ích dân sinh","Số 134 đường Đường số 2 KCN Hòa Khánh, phường Liên Chiểu, TP. Đà Nẵng","Đường số 2 KCN Hòa Khánh","Phường Liên Chiểu","Khảo sát thực địa Đoàn phường","boundary_confirmed","","","Ép kính, thay pin, sửa phần mềm"
"poi-lc-1188","Điểm sinh hoạt công nhân ca đêm (Số 138 Đường số 2 KCN Hòa Khánh)","community","Cộng đồng & Hành chính","Số 138 đường Đường số 2 KCN Hòa Khánh, phường Liên Chiểu, TP. Đà Nẵng","Đường số 2 KCN Hòa Khánh","Phường Liên Chiểu","Khảo sát thực địa Đoàn phường","boundary_confirmed","","","Hỗ trợ chỗ nghỉ ngơi và thông tin đời sống"
"poi-lc-1189","Tạp hóa nhu yếu phẩm KCN (Số 142 Đường số 2 KCN Hòa Khánh)","market","Chợ & Mua sắm thiết yếu","Số 142 đường Đường số 2 KCN Hòa Khánh, phường Liên Chiểu, TP. Đà Nẵng","Đường số 2 KCN Hòa Khánh","Phường Liên Chiểu","Khảo sát thực địa Đoàn phường","boundary_confirmed","","","Bán buôn và bán lẻ hàng thiết yếu"
"poi-lc-1190","Quán ăn phục vụ cơm trưa văn phòng & Ca (Số 146 Đường số 2 KCN Hòa Khánh)","food","Ẩm thực & Đời sống","Số 146 đường Đường số 2 KCN Hòa Khánh, phường Liên Chiểu, TP. Đà Nẵng","Đường số 2 KCN Hòa Khánh","Phường Liên Chiểu","Khảo sát thực địa Đoàn phường","boundary_confirmed","","","Thực đơn thay đổi hàng ngày"
"poi-lc-1191","Cửa hàng sửa điện thoại & Máy tính (Số 150 Đường số 2 KCN Hòa Khánh)","living_service","Tiện ích dân sinh","Số 150 đường Đường số 2 KCN Hòa Khánh, phường Liên Chiểu, TP. Đà Nẵng","Đường số 2 KCN Hòa Khánh","Phường Liên Chiểu","Khảo sát thực địa Đoàn phường","boundary_confirmed","","","Ép kính, thay pin, sửa phần mềm"
"poi-lc-1192","Điểm sinh hoạt công nhân ca đêm (Số 154 Đường số 2 KCN Hòa Khánh)","community","Cộng đồng & Hành chính","Số 154 đường Đường số 2 KCN Hòa Khánh, phường Liên Chiểu, TP. Đà Nẵng","Đường số 2 KCN Hòa Khánh","Phường Liên Chiểu","Khảo sát thực địa Đoàn phường","boundary_confirmed","","","Hỗ trợ chỗ nghỉ ngơi và thông tin đời sống"
"poi-lc-1193","Tạp hóa nhu yếu phẩm KCN (Số 158 Đường số 2 KCN Hòa Khánh)","market","Chợ & Mua sắm thiết yếu","Số 158 đường Đường số 2 KCN Hòa Khánh, phường Liên Chiểu, TP. Đà Nẵng","Đường số 2 KCN Hòa Khánh","Phường Liên Chiểu","Khảo sát thực địa Đoàn phường","boundary_confirmed","","","Bán buôn và bán lẻ hàng thiết yếu"
"poi-lc-1194","Quán ăn phục vụ cơm trưa văn phòng & Ca (Số 162 Đường số 2 KCN Hòa Khánh)","food","Ẩm thực & Đời sống","Số 162 đường Đường số 2 KCN Hòa Khánh, phường Liên Chiểu, TP. Đà Nẵng","Đường số 2 KCN Hòa Khánh","Phường Liên Chiểu","Khảo sát thực địa Đoàn phường","boundary_confirmed","","","Thực đơn thay đổi hàng ngày"
"poi-lc-1195","Cửa hàng sửa điện thoại & Máy tính (Số 166 Đường số 2 KCN Hòa Khánh)","living_service","Tiện ích dân sinh","Số 166 đường Đường số 2 KCN Hòa Khánh, phường Liên Chiểu, TP. Đà Nẵng","Đường số 2 KCN Hòa Khánh","Phường Liên Chiểu","Khảo sát thực địa Đoàn phường","boundary_confirmed","","","Ép kính, thay pin, sửa phần mềm"
"poi-lc-1196","Điểm sinh hoạt công nhân ca đêm (Số 170 Đường số 2 KCN Hòa Khánh)","community","Cộng đồng & Hành chính","Số 170 đường Đường số 2 KCN Hòa Khánh, phường Liên Chiểu, TP. Đà Nẵng","Đường số 2 KCN Hòa Khánh","Phường Liên Chiểu","Khảo sát thực địa Đoàn phường","boundary_confirmed","","","Hỗ trợ chỗ nghỉ ngơi và thông tin đời sống"
"poi-lc-1197","Tạp hóa nhu yếu phẩm KCN (Số 174 Đường số 2 KCN Hòa Khánh)","market","Chợ & Mua sắm thiết yếu","Số 174 đường Đường số 2 KCN Hòa Khánh, phường Liên Chiểu, TP. Đà Nẵng","Đường số 2 KCN Hòa Khánh","Phường Liên Chiểu","Khảo sát thực địa Đoàn phường","boundary_confirmed","","","Bán buôn và bán lẻ hàng thiết yếu"
"poi-lc-1198","Quán ăn phục vụ cơm trưa văn phòng & Ca (Số 178 Đường số 2 KCN Hòa Khánh)","food","Ẩm thực & Đời sống","Số 178 đường Đường số 2 KCN Hòa Khánh, phường Liên Chiểu, TP. Đà Nẵng","Đường số 2 KCN Hòa Khánh","Phường Liên Chiểu","Khảo sát thực địa Đoàn phường","boundary_confirmed","","","Thực đơn thay đổi hàng ngày"
"poi-lc-1199","Cửa hàng sửa điện thoại & Máy tính (Số 182 Đường số 2 KCN Hòa Khánh)","living_service","Tiện ích dân sinh","Số 182 đường Đường số 2 KCN Hòa Khánh, phường Liên Chiểu, TP. Đà Nẵng","Đường số 2 KCN Hòa Khánh","Phường Liên Chiểu","Khảo sát thực địa Đoàn phường","boundary_confirmed","","","Ép kính, thay pin, sửa phần mềm"
"poi-lc-1200","Điểm sinh hoạt công nhân ca đêm (Số 186 Đường số 2 KCN Hòa Khánh)","community","Cộng đồng & Hành chính","Số 186 đường Đường số 2 KCN Hòa Khánh, phường Liên Chiểu, TP. Đà Nẵng","Đường số 2 KCN Hòa Khánh","Phường Liên Chiểu","Khảo sát thực địa Đoàn phường","boundary_confirmed","","","Hỗ trợ chỗ nghỉ ngơi và thông tin đời sống"
"poi-lc-1201","Tạp hóa nhu yếu phẩm KCN (Số 190 Đường số 2 KCN Hòa Khánh)","market","Chợ & Mua sắm thiết yếu","Số 190 đường Đường số 2 KCN Hòa Khánh, phường Liên Chiểu, TP. Đà Nẵng","Đường số 2 KCN Hòa Khánh","Phường Liên Chiểu","Khảo sát thực địa Đoàn phường","boundary_confirmed","","","Bán buôn và bán lẻ hàng thiết yếu"
"poi-lc-1202","Điểm rửa xe tự động xe tải nhẹ (Số 14 Đường số 3 KCN Hòa Khánh)","living_service","Tiện ích dân sinh","Số 14 đường Đường số 3 KCN Hòa Khánh, phường Liên Chiểu, TP. Đà Nẵng","Đường số 3 KCN Hòa Khánh","Phường Liên Chiểu","Khảo sát thực địa Đoàn phường","boundary_confirmed","","","Vệ sinh phương tiện vận chuyển"
"poi-lc-1203","Quán nước giải khát & Trà đá vỉa hè (Số 18 Đường số 3 KCN Hòa Khánh)","food","Ẩm thực & Đời sống","Số 18 đường Đường số 3 KCN Hòa Khánh, phường Liên Chiểu, TP. Đà Nẵng","Đường số 3 KCN Hòa Khánh","Phường Liên Chiểu","Khảo sát thực địa Đoàn phường","boundary_confirmed","","","Nơi nghỉ chân của tài xế và công nhân"
"poi-lc-1204","Kho trung chuyển hàng hóa bưu chính (Số 22 Đường số 3 KCN Hòa Khánh)","living_service","Tiện ích dân sinh","Số 22 đường Đường số 3 KCN Hòa Khánh, phường Liên Chiểu, TP. Đà Nẵng","Đường số 3 KCN Hòa Khánh","Phường Liên Chiểu","Khảo sát thực địa Đoàn phường","boundary_confirmed","","","Bãi tập kết giao nhận hàng hóa"
"poi-lc-1205","Điểm rửa xe tự động xe tải nhẹ (Số 26 Đường số 3 KCN Hòa Khánh)","living_service","Tiện ích dân sinh","Số 26 đường Đường số 3 KCN Hòa Khánh, phường Liên Chiểu, TP. Đà Nẵng","Đường số 3 KCN Hòa Khánh","Phường Liên Chiểu","Khảo sát thực địa Đoàn phường","boundary_confirmed","","","Vệ sinh phương tiện vận chuyển"
"poi-lc-1206","Quán nước giải khát & Trà đá vỉa hè (Số 30 Đường số 3 KCN Hòa Khánh)","food","Ẩm thực & Đời sống","Số 30 đường Đường số 3 KCN Hòa Khánh, phường Liên Chiểu, TP. Đà Nẵng","Đường số 3 KCN Hòa Khánh","Phường Liên Chiểu","Khảo sát thực địa Đoàn phường","boundary_confirmed","","","Nơi nghỉ chân của tài xế và công nhân"
"poi-lc-1207","Kho trung chuyển hàng hóa bưu chính (Số 34 Đường số 3 KCN Hòa Khánh)","living_service","Tiện ích dân sinh","Số 34 đường Đường số 3 KCN Hòa Khánh, phường Liên Chiểu, TP. Đà Nẵng","Đường số 3 KCN Hòa Khánh","Phường Liên Chiểu","Khảo sát thực địa Đoàn phường","boundary_confirmed","","","Bãi tập kết giao nhận hàng hóa"
"poi-lc-1208","Điểm rửa xe tự động xe tải nhẹ (Số 38 Đường số 3 KCN Hòa Khánh)","living_service","Tiện ích dân sinh","Số 38 đường Đường số 3 KCN Hòa Khánh, phường Liên Chiểu, TP. Đà Nẵng","Đường số 3 KCN Hòa Khánh","Phường Liên Chiểu","Khảo sát thực địa Đoàn phường","boundary_confirmed","","","Vệ sinh phương tiện vận chuyển"
"poi-lc-1209","Quán nước giải khát & Trà đá vỉa hè (Số 42 Đường số 3 KCN Hòa Khánh)","food","Ẩm thực & Đời sống","Số 42 đường Đường số 3 KCN Hòa Khánh, phường Liên Chiểu, TP. Đà Nẵng","Đường số 3 KCN Hòa Khánh","Phường Liên Chiểu","Khảo sát thực địa Đoàn phường","boundary_confirmed","","","Nơi nghỉ chân của tài xế và công nhân"
"poi-lc-1210","Kho trung chuyển hàng hóa bưu chính (Số 46 Đường số 3 KCN Hòa Khánh)","living_service","Tiện ích dân sinh","Số 46 đường Đường số 3 KCN Hòa Khánh, phường Liên Chiểu, TP. Đà Nẵng","Đường số 3 KCN Hòa Khánh","Phường Liên Chiểu","Khảo sát thực địa Đoàn phường","boundary_confirmed","","","Bãi tập kết giao nhận hàng hóa"
"poi-lc-1211","Điểm rửa xe tự động xe tải nhẹ (Số 50 Đường số 3 KCN Hòa Khánh)","living_service","Tiện ích dân sinh","Số 50 đường Đường số 3 KCN Hòa Khánh, phường Liên Chiểu, TP. Đà Nẵng","Đường số 3 KCN Hòa Khánh","Phường Liên Chiểu","Khảo sát thực địa Đoàn phường","boundary_confirmed","","","Vệ sinh phương tiện vận chuyển"
"poi-lc-1212","Quán nước giải khát & Trà đá vỉa hè (Số 54 Đường số 3 KCN Hòa Khánh)","food","Ẩm thực & Đời sống","Số 54 đường Đường số 3 KCN Hòa Khánh, phường Liên Chiểu, TP. Đà Nẵng","Đường số 3 KCN Hòa Khánh","Phường Liên Chiểu","Khảo sát thực địa Đoàn phường","boundary_confirmed","","","Nơi nghỉ chân của tài xế và công nhân"
"poi-lc-1213","Kho trung chuyển hàng hóa bưu chính (Số 58 Đường số 3 KCN Hòa Khánh)","living_service","Tiện ích dân sinh","Số 58 đường Đường số 3 KCN Hòa Khánh, phường Liên Chiểu, TP. Đà Nẵng","Đường số 3 KCN Hòa Khánh","Phường Liên Chiểu","Khảo sát thực địa Đoàn phường","boundary_confirmed","","","Bãi tập kết giao nhận hàng hóa"
"poi-lc-1214","Điểm rửa xe tự động xe tải nhẹ (Số 62 Đường số 3 KCN Hòa Khánh)","living_service","Tiện ích dân sinh","Số 62 đường Đường số 3 KCN Hòa Khánh, phường Liên Chiểu, TP. Đà Nẵng","Đường số 3 KCN Hòa Khánh","Phường Liên Chiểu","Khảo sát thực địa Đoàn phường","boundary_confirmed","","","Vệ sinh phương tiện vận chuyển"
"poi-lc-1215","Quán nước giải khát & Trà đá vỉa hè (Số 66 Đường số 3 KCN Hòa Khánh)","food","Ẩm thực & Đời sống","Số 66 đường Đường số 3 KCN Hòa Khánh, phường Liên Chiểu, TP. Đà Nẵng","Đường số 3 KCN Hòa Khánh","Phường Liên Chiểu","Khảo sát thực địa Đoàn phường","boundary_confirmed","","","Nơi nghỉ chân của tài xế và công nhân"
"poi-lc-1216","Kho trung chuyển hàng hóa bưu chính (Số 70 Đường số 3 KCN Hòa Khánh)","living_service","Tiện ích dân sinh","Số 70 đường Đường số 3 KCN Hòa Khánh, phường Liên Chiểu, TP. Đà Nẵng","Đường số 3 KCN Hòa Khánh","Phường Liên Chiểu","Khảo sát thực địa Đoàn phường","boundary_confirmed","","","Bãi tập kết giao nhận hàng hóa"
"poi-lc-1217","Điểm rửa xe tự động xe tải nhẹ (Số 74 Đường số 3 KCN Hòa Khánh)","living_service","Tiện ích dân sinh","Số 74 đường Đường số 3 KCN Hòa Khánh, phường Liên Chiểu, TP. Đà Nẵng","Đường số 3 KCN Hòa Khánh","Phường Liên Chiểu","Khảo sát thực địa Đoàn phường","boundary_confirmed","","","Vệ sinh phương tiện vận chuyển"
"poi-lc-1218","Quán nước giải khát & Trà đá vỉa hè (Số 78 Đường số 3 KCN Hòa Khánh)","food","Ẩm thực & Đời sống","Số 78 đường Đường số 3 KCN Hòa Khánh, phường Liên Chiểu, TP. Đà Nẵng","Đường số 3 KCN Hòa Khánh","Phường Liên Chiểu","Khảo sát thực địa Đoàn phường","boundary_confirmed","","","Nơi nghỉ chân của tài xế và công nhân"
"poi-lc-1219","Kho trung chuyển hàng hóa bưu chính (Số 82 Đường số 3 KCN Hòa Khánh)","living_service","Tiện ích dân sinh","Số 82 đường Đường số 3 KCN Hòa Khánh, phường Liên Chiểu, TP. Đà Nẵng","Đường số 3 KCN Hòa Khánh","Phường Liên Chiểu","Khảo sát thực địa Đoàn phường","boundary_confirmed","","","Bãi tập kết giao nhận hàng hóa"
"poi-lc-1220","Điểm rửa xe tự động xe tải nhẹ (Số 86 Đường số 3 KCN Hòa Khánh)","living_service","Tiện ích dân sinh","Số 86 đường Đường số 3 KCN Hòa Khánh, phường Liên Chiểu, TP. Đà Nẵng","Đường số 3 KCN Hòa Khánh","Phường Liên Chiểu","Khảo sát thực địa Đoàn phường","boundary_confirmed","","","Vệ sinh phương tiện vận chuyển"
"poi-lc-1221","Quán nước giải khát & Trà đá vỉa hè (Số 90 Đường số 3 KCN Hòa Khánh)","food","Ẩm thực & Đời sống","Số 90 đường Đường số 3 KCN Hòa Khánh, phường Liên Chiểu, TP. Đà Nẵng","Đường số 3 KCN Hòa Khánh","Phường Liên Chiểu","Khảo sát thực địa Đoàn phường","boundary_confirmed","","","Nơi nghỉ chân của tài xế và công nhân"
"poi-lc-1222","Kho trung chuyển hàng hóa bưu chính (Số 94 Đường số 3 KCN Hòa Khánh)","living_service","Tiện ích dân sinh","Số 94 đường Đường số 3 KCN Hòa Khánh, phường Liên Chiểu, TP. Đà Nẵng","Đường số 3 KCN Hòa Khánh","Phường Liên Chiểu","Khảo sát thực địa Đoàn phường","boundary_confirmed","","","Bãi tập kết giao nhận hàng hóa"
"poi-lc-1223","Điểm rửa xe tự động xe tải nhẹ (Số 98 Đường số 3 KCN Hòa Khánh)","living_service","Tiện ích dân sinh","Số 98 đường Đường số 3 KCN Hòa Khánh, phường Liên Chiểu, TP. Đà Nẵng","Đường số 3 KCN Hòa Khánh","Phường Liên Chiểu","Khảo sát thực địa Đoàn phường","boundary_confirmed","","","Vệ sinh phương tiện vận chuyển"
"poi-lc-1224","Quán nước giải khát & Trà đá vỉa hè (Số 102 Đường số 3 KCN Hòa Khánh)","food","Ẩm thực & Đời sống","Số 102 đường Đường số 3 KCN Hòa Khánh, phường Liên Chiểu, TP. Đà Nẵng","Đường số 3 KCN Hòa Khánh","Phường Liên Chiểu","Khảo sát thực địa Đoàn phường","boundary_confirmed","","","Nơi nghỉ chân của tài xế và công nhân"
"poi-lc-1225","Kho trung chuyển hàng hóa bưu chính (Số 106 Đường số 3 KCN Hòa Khánh)","living_service","Tiện ích dân sinh","Số 106 đường Đường số 3 KCN Hòa Khánh, phường Liên Chiểu, TP. Đà Nẵng","Đường số 3 KCN Hòa Khánh","Phường Liên Chiểu","Khảo sát thực địa Đoàn phường","boundary_confirmed","","","Bãi tập kết giao nhận hàng hóa"
"poi-lc-1226","Điểm rửa xe tự động xe tải nhẹ (Số 110 Đường số 3 KCN Hòa Khánh)","living_service","Tiện ích dân sinh","Số 110 đường Đường số 3 KCN Hòa Khánh, phường Liên Chiểu, TP. Đà Nẵng","Đường số 3 KCN Hòa Khánh","Phường Liên Chiểu","Khảo sát thực địa Đoàn phường","boundary_confirmed","","","Vệ sinh phương tiện vận chuyển"
"poi-lc-1227","Quán nước giải khát & Trà đá vỉa hè (Số 114 Đường số 3 KCN Hòa Khánh)","food","Ẩm thực & Đời sống","Số 114 đường Đường số 3 KCN Hòa Khánh, phường Liên Chiểu, TP. Đà Nẵng","Đường số 3 KCN Hòa Khánh","Phường Liên Chiểu","Khảo sát thực địa Đoàn phường","boundary_confirmed","","","Nơi nghỉ chân của tài xế và công nhân"
"poi-lc-1228","Kho trung chuyển hàng hóa bưu chính (Số 118 Đường số 3 KCN Hòa Khánh)","living_service","Tiện ích dân sinh","Số 118 đường Đường số 3 KCN Hòa Khánh, phường Liên Chiểu, TP. Đà Nẵng","Đường số 3 KCN Hòa Khánh","Phường Liên Chiểu","Khảo sát thực địa Đoàn phường","boundary_confirmed","","","Bãi tập kết giao nhận hàng hóa"
"poi-lc-1229","Điểm rửa xe tự động xe tải nhẹ (Số 122 Đường số 3 KCN Hòa Khánh)","living_service","Tiện ích dân sinh","Số 122 đường Đường số 3 KCN Hòa Khánh, phường Liên Chiểu, TP. Đà Nẵng","Đường số 3 KCN Hòa Khánh","Phường Liên Chiểu","Khảo sát thực địa Đoàn phường","boundary_confirmed","","","Vệ sinh phương tiện vận chuyển"
"poi-lc-1230","Quán nước giải khát & Trà đá vỉa hè (Số 126 Đường số 3 KCN Hòa Khánh)","food","Ẩm thực & Đời sống","Số 126 đường Đường số 3 KCN Hòa Khánh, phường Liên Chiểu, TP. Đà Nẵng","Đường số 3 KCN Hòa Khánh","Phường Liên Chiểu","Khảo sát thực địa Đoàn phường","boundary_confirmed","","","Nơi nghỉ chân của tài xế và công nhân"
"poi-lc-1231","Kho trung chuyển hàng hóa bưu chính (Số 130 Đường số 3 KCN Hòa Khánh)","living_service","Tiện ích dân sinh","Số 130 đường Đường số 3 KCN Hòa Khánh, phường Liên Chiểu, TP. Đà Nẵng","Đường số 3 KCN Hòa Khánh","Phường Liên Chiểu","Khảo sát thực địa Đoàn phường","boundary_confirmed","","","Bãi tập kết giao nhận hàng hóa"
"poi-lc-1232","Điểm rửa xe tự động xe tải nhẹ (Số 134 Đường số 3 KCN Hòa Khánh)","living_service","Tiện ích dân sinh","Số 134 đường Đường số 3 KCN Hòa Khánh, phường Liên Chiểu, TP. Đà Nẵng","Đường số 3 KCN Hòa Khánh","Phường Liên Chiểu","Khảo sát thực địa Đoàn phường","boundary_confirmed","","","Vệ sinh phương tiện vận chuyển"
"poi-lc-1233","Quán nước giải khát & Trà đá vỉa hè (Số 138 Đường số 3 KCN Hòa Khánh)","food","Ẩm thực & Đời sống","Số 138 đường Đường số 3 KCN Hòa Khánh, phường Liên Chiểu, TP. Đà Nẵng","Đường số 3 KCN Hòa Khánh","Phường Liên Chiểu","Khảo sát thực địa Đoàn phường","boundary_confirmed","","","Nơi nghỉ chân của tài xế và công nhân"
"poi-lc-1234","Kho trung chuyển hàng hóa bưu chính (Số 142 Đường số 3 KCN Hòa Khánh)","living_service","Tiện ích dân sinh","Số 142 đường Đường số 3 KCN Hòa Khánh, phường Liên Chiểu, TP. Đà Nẵng","Đường số 3 KCN Hòa Khánh","Phường Liên Chiểu","Khảo sát thực địa Đoàn phường","boundary_confirmed","","","Bãi tập kết giao nhận hàng hóa"
"poi-lc-1235","Điểm rửa xe tự động xe tải nhẹ (Số 146 Đường số 3 KCN Hòa Khánh)","living_service","Tiện ích dân sinh","Số 146 đường Đường số 3 KCN Hòa Khánh, phường Liên Chiểu, TP. Đà Nẵng","Đường số 3 KCN Hòa Khánh","Phường Liên Chiểu","Khảo sát thực địa Đoàn phường","boundary_confirmed","","","Vệ sinh phương tiện vận chuyển"
"poi-lc-1236","Quán nước giải khát & Trà đá vỉa hè (Số 150 Đường số 3 KCN Hòa Khánh)","food","Ẩm thực & Đời sống","Số 150 đường Đường số 3 KCN Hòa Khánh, phường Liên Chiểu, TP. Đà Nẵng","Đường số 3 KCN Hòa Khánh","Phường Liên Chiểu","Khảo sát thực địa Đoàn phường","boundary_confirmed","","","Nơi nghỉ chân của tài xế và công nhân"
"poi-lc-1237","Căng tin công đoàn (Số 14 Đường số 5 KCN Hòa Khánh)","food","Ẩm thực & Đời sống","Số 14 đường Đường số 5 KCN Hòa Khánh, phường Liên Chiểu, TP. Đà Nẵng","Đường số 5 KCN Hòa Khánh","Phường Liên Chiểu","Khảo sát thực địa Đoàn phường","boundary_confirmed","","","Đảm bảo vệ sinh an toàn thực phẩm"
"poi-lc-1238","Cơ sở cung ứng bảo hộ lao động (Số 18 Đường số 5 KCN Hòa Khánh)","living_service","Tiện ích dân sinh","Số 18 đường Đường số 5 KCN Hòa Khánh, phường Liên Chiểu, TP. Đà Nẵng","Đường số 5 KCN Hòa Khánh","Phường Liên Chiểu","Khảo sát thực địa Đoàn phường","boundary_confirmed","","","Giày mũi sắt, mũ cứng, găng tay an toàn"
"poi-lc-1239","Căng tin công đoàn (Số 22 Đường số 5 KCN Hòa Khánh)","food","Ẩm thực & Đời sống","Số 22 đường Đường số 5 KCN Hòa Khánh, phường Liên Chiểu, TP. Đà Nẵng","Đường số 5 KCN Hòa Khánh","Phường Liên Chiểu","Khảo sát thực địa Đoàn phường","boundary_confirmed","","","Đảm bảo vệ sinh an toàn thực phẩm"
"poi-lc-1240","Cơ sở cung ứng bảo hộ lao động (Số 26 Đường số 5 KCN Hòa Khánh)","living_service","Tiện ích dân sinh","Số 26 đường Đường số 5 KCN Hòa Khánh, phường Liên Chiểu, TP. Đà Nẵng","Đường số 5 KCN Hòa Khánh","Phường Liên Chiểu","Khảo sát thực địa Đoàn phường","boundary_confirmed","","","Giày mũi sắt, mũ cứng, găng tay an toàn"
"poi-lc-1241","Căng tin công đoàn (Số 30 Đường số 5 KCN Hòa Khánh)","food","Ẩm thực & Đời sống","Số 30 đường Đường số 5 KCN Hòa Khánh, phường Liên Chiểu, TP. Đà Nẵng","Đường số 5 KCN Hòa Khánh","Phường Liên Chiểu","Khảo sát thực địa Đoàn phường","boundary_confirmed","","","Đảm bảo vệ sinh an toàn thực phẩm"
"poi-lc-1242","Cơ sở cung ứng bảo hộ lao động (Số 34 Đường số 5 KCN Hòa Khánh)","living_service","Tiện ích dân sinh","Số 34 đường Đường số 5 KCN Hòa Khánh, phường Liên Chiểu, TP. Đà Nẵng","Đường số 5 KCN Hòa Khánh","Phường Liên Chiểu","Khảo sát thực địa Đoàn phường","boundary_confirmed","","","Giày mũi sắt, mũ cứng, găng tay an toàn"
"poi-lc-1243","Căng tin công đoàn (Số 38 Đường số 5 KCN Hòa Khánh)","food","Ẩm thực & Đời sống","Số 38 đường Đường số 5 KCN Hòa Khánh, phường Liên Chiểu, TP. Đà Nẵng","Đường số 5 KCN Hòa Khánh","Phường Liên Chiểu","Khảo sát thực địa Đoàn phường","boundary_confirmed","","","Đảm bảo vệ sinh an toàn thực phẩm"
"poi-lc-1244","Cơ sở cung ứng bảo hộ lao động (Số 42 Đường số 5 KCN Hòa Khánh)","living_service","Tiện ích dân sinh","Số 42 đường Đường số 5 KCN Hòa Khánh, phường Liên Chiểu, TP. Đà Nẵng","Đường số 5 KCN Hòa Khánh","Phường Liên Chiểu","Khảo sát thực địa Đoàn phường","boundary_confirmed","","","Giày mũi sắt, mũ cứng, găng tay an toàn"
"poi-lc-1245","Căng tin công đoàn (Số 46 Đường số 5 KCN Hòa Khánh)","food","Ẩm thực & Đời sống","Số 46 đường Đường số 5 KCN Hòa Khánh, phường Liên Chiểu, TP. Đà Nẵng","Đường số 5 KCN Hòa Khánh","Phường Liên Chiểu","Khảo sát thực địa Đoàn phường","boundary_confirmed","","","Đảm bảo vệ sinh an toàn thực phẩm"
"poi-lc-1246","Cơ sở cung ứng bảo hộ lao động (Số 50 Đường số 5 KCN Hòa Khánh)","living_service","Tiện ích dân sinh","Số 50 đường Đường số 5 KCN Hòa Khánh, phường Liên Chiểu, TP. Đà Nẵng","Đường số 5 KCN Hòa Khánh","Phường Liên Chiểu","Khảo sát thực địa Đoàn phường","boundary_confirmed","","","Giày mũi sắt, mũ cứng, găng tay an toàn"
"poi-lc-1247","Căng tin công đoàn (Số 54 Đường số 5 KCN Hòa Khánh)","food","Ẩm thực & Đời sống","Số 54 đường Đường số 5 KCN Hòa Khánh, phường Liên Chiểu, TP. Đà Nẵng","Đường số 5 KCN Hòa Khánh","Phường Liên Chiểu","Khảo sát thực địa Đoàn phường","boundary_confirmed","","","Đảm bảo vệ sinh an toàn thực phẩm"
"poi-lc-1248","Cơ sở cung ứng bảo hộ lao động (Số 58 Đường số 5 KCN Hòa Khánh)","living_service","Tiện ích dân sinh","Số 58 đường Đường số 5 KCN Hòa Khánh, phường Liên Chiểu, TP. Đà Nẵng","Đường số 5 KCN Hòa Khánh","Phường Liên Chiểu","Khảo sát thực địa Đoàn phường","boundary_confirmed","","","Giày mũi sắt, mũ cứng, găng tay an toàn"
"poi-lc-1249","Căng tin công đoàn (Số 62 Đường số 5 KCN Hòa Khánh)","food","Ẩm thực & Đời sống","Số 62 đường Đường số 5 KCN Hòa Khánh, phường Liên Chiểu, TP. Đà Nẵng","Đường số 5 KCN Hòa Khánh","Phường Liên Chiểu","Khảo sát thực địa Đoàn phường","boundary_confirmed","","","Đảm bảo vệ sinh an toàn thực phẩm"
"poi-lc-1250","Cơ sở cung ứng bảo hộ lao động (Số 66 Đường số 5 KCN Hòa Khánh)","living_service","Tiện ích dân sinh","Số 66 đường Đường số 5 KCN Hòa Khánh, phường Liên Chiểu, TP. Đà Nẵng","Đường số 5 KCN Hòa Khánh","Phường Liên Chiểu","Khảo sát thực địa Đoàn phường","boundary_confirmed","","","Giày mũi sắt, mũ cứng, găng tay an toàn"
"poi-lc-1251","Căng tin công đoàn (Số 70 Đường số 5 KCN Hòa Khánh)","food","Ẩm thực & Đời sống","Số 70 đường Đường số 5 KCN Hòa Khánh, phường Liên Chiểu, TP. Đà Nẵng","Đường số 5 KCN Hòa Khánh","Phường Liên Chiểu","Khảo sát thực địa Đoàn phường","boundary_confirmed","","","Đảm bảo vệ sinh an toàn thực phẩm"
"poi-lc-1252","Cơ sở cung ứng bảo hộ lao động (Số 74 Đường số 5 KCN Hòa Khánh)","living_service","Tiện ích dân sinh","Số 74 đường Đường số 5 KCN Hòa Khánh, phường Liên Chiểu, TP. Đà Nẵng","Đường số 5 KCN Hòa Khánh","Phường Liên Chiểu","Khảo sát thực địa Đoàn phường","boundary_confirmed","","","Giày mũi sắt, mũ cứng, găng tay an toàn"
"poi-lc-1253","Căng tin công đoàn (Số 78 Đường số 5 KCN Hòa Khánh)","food","Ẩm thực & Đời sống","Số 78 đường Đường số 5 KCN Hòa Khánh, phường Liên Chiểu, TP. Đà Nẵng","Đường số 5 KCN Hòa Khánh","Phường Liên Chiểu","Khảo sát thực địa Đoàn phường","boundary_confirmed","","","Đảm bảo vệ sinh an toàn thực phẩm"
"poi-lc-1254","Cơ sở cung ứng bảo hộ lao động (Số 82 Đường số 5 KCN Hòa Khánh)","living_service","Tiện ích dân sinh","Số 82 đường Đường số 5 KCN Hòa Khánh, phường Liên Chiểu, TP. Đà Nẵng","Đường số 5 KCN Hòa Khánh","Phường Liên Chiểu","Khảo sát thực địa Đoàn phường","boundary_confirmed","","","Giày mũi sắt, mũ cứng, găng tay an toàn"
"poi-lc-1255","Căng tin công đoàn (Số 86 Đường số 5 KCN Hòa Khánh)","food","Ẩm thực & Đời sống","Số 86 đường Đường số 5 KCN Hòa Khánh, phường Liên Chiểu, TP. Đà Nẵng","Đường số 5 KCN Hòa Khánh","Phường Liên Chiểu","Khảo sát thực địa Đoàn phường","boundary_confirmed","","","Đảm bảo vệ sinh an toàn thực phẩm"
"poi-lc-1256","Cơ sở cung ứng bảo hộ lao động (Số 90 Đường số 5 KCN Hòa Khánh)","living_service","Tiện ích dân sinh","Số 90 đường Đường số 5 KCN Hòa Khánh, phường Liên Chiểu, TP. Đà Nẵng","Đường số 5 KCN Hòa Khánh","Phường Liên Chiểu","Khảo sát thực địa Đoàn phường","boundary_confirmed","","","Giày mũi sắt, mũ cứng, găng tay an toàn"
"poi-lc-1257","Căng tin công đoàn (Số 94 Đường số 5 KCN Hòa Khánh)","food","Ẩm thực & Đời sống","Số 94 đường Đường số 5 KCN Hòa Khánh, phường Liên Chiểu, TP. Đà Nẵng","Đường số 5 KCN Hòa Khánh","Phường Liên Chiểu","Khảo sát thực địa Đoàn phường","boundary_confirmed","","","Đảm bảo vệ sinh an toàn thực phẩm"
"poi-lc-1258","Cơ sở cung ứng bảo hộ lao động (Số 98 Đường số 5 KCN Hòa Khánh)","living_service","Tiện ích dân sinh","Số 98 đường Đường số 5 KCN Hòa Khánh, phường Liên Chiểu, TP. Đà Nẵng","Đường số 5 KCN Hòa Khánh","Phường Liên Chiểu","Khảo sát thực địa Đoàn phường","boundary_confirmed","","","Giày mũi sắt, mũ cứng, găng tay an toàn"
"poi-lc-1259","Căng tin công đoàn (Số 102 Đường số 5 KCN Hòa Khánh)","food","Ẩm thực & Đời sống","Số 102 đường Đường số 5 KCN Hòa Khánh, phường Liên Chiểu, TP. Đà Nẵng","Đường số 5 KCN Hòa Khánh","Phường Liên Chiểu","Khảo sát thực địa Đoàn phường","boundary_confirmed","","","Đảm bảo vệ sinh an toàn thực phẩm"
"poi-lc-1260","Cơ sở cung ứng bảo hộ lao động (Số 106 Đường số 5 KCN Hòa Khánh)","living_service","Tiện ích dân sinh","Số 106 đường Đường số 5 KCN Hòa Khánh, phường Liên Chiểu, TP. Đà Nẵng","Đường số 5 KCN Hòa Khánh","Phường Liên Chiểu","Khảo sát thực địa Đoàn phường","boundary_confirmed","","","Giày mũi sắt, mũ cứng, găng tay an toàn"
"poi-lc-1261","Căng tin công đoàn (Số 110 Đường số 5 KCN Hòa Khánh)","food","Ẩm thực & Đời sống","Số 110 đường Đường số 5 KCN Hòa Khánh, phường Liên Chiểu, TP. Đà Nẵng","Đường số 5 KCN Hòa Khánh","Phường Liên Chiểu","Khảo sát thực địa Đoàn phường","boundary_confirmed","","","Đảm bảo vệ sinh an toàn thực phẩm"
"poi-lc-1262","Cơ sở cung ứng bảo hộ lao động (Số 114 Đường số 5 KCN Hòa Khánh)","living_service","Tiện ích dân sinh","Số 114 đường Đường số 5 KCN Hòa Khánh, phường Liên Chiểu, TP. Đà Nẵng","Đường số 5 KCN Hòa Khánh","Phường Liên Chiểu","Khảo sát thực địa Đoàn phường","boundary_confirmed","","","Giày mũi sắt, mũ cứng, găng tay an toàn"
"poi-lc-1263","Căng tin công đoàn (Số 118 Đường số 5 KCN Hòa Khánh)","food","Ẩm thực & Đời sống","Số 118 đường Đường số 5 KCN Hòa Khánh, phường Liên Chiểu, TP. Đà Nẵng","Đường số 5 KCN Hòa Khánh","Phường Liên Chiểu","Khảo sát thực địa Đoàn phường","boundary_confirmed","","","Đảm bảo vệ sinh an toàn thực phẩm"
"poi-lc-1264","Cơ sở cung ứng bảo hộ lao động (Số 122 Đường số 5 KCN Hòa Khánh)","living_service","Tiện ích dân sinh","Số 122 đường Đường số 5 KCN Hòa Khánh, phường Liên Chiểu, TP. Đà Nẵng","Đường số 5 KCN Hòa Khánh","Phường Liên Chiểu","Khảo sát thực địa Đoàn phường","boundary_confirmed","","","Giày mũi sắt, mũ cứng, găng tay an toàn"
"poi-lc-1265","Căng tin công đoàn (Số 126 Đường số 5 KCN Hòa Khánh)","food","Ẩm thực & Đời sống","Số 126 đường Đường số 5 KCN Hòa Khánh, phường Liên Chiểu, TP. Đà Nẵng","Đường số 5 KCN Hòa Khánh","Phường Liên Chiểu","Khảo sát thực địa Đoàn phường","boundary_confirmed","","","Đảm bảo vệ sinh an toàn thực phẩm"
"poi-lc-1266","Cơ sở cung ứng bảo hộ lao động (Số 130 Đường số 5 KCN Hòa Khánh)","living_service","Tiện ích dân sinh","Số 130 đường Đường số 5 KCN Hòa Khánh, phường Liên Chiểu, TP. Đà Nẵng","Đường số 5 KCN Hòa Khánh","Phường Liên Chiểu","Khảo sát thực địa Đoàn phường","boundary_confirmed","","","Giày mũi sắt, mũ cứng, găng tay an toàn"
"poi-lc-1267","Đại lý bán lẻ sữa tươi & Tã giấy (Số 14 Thanh Vinh 1)","market","Chợ & Mua sắm thiết yếu","Số 14 đường Thanh Vinh 1, phường Liên Chiểu, TP. Đà Nẵng","Thanh Vinh 1","Phường Liên Chiểu","Khảo sát thực địa Đoàn phường","boundary_confirmed","","","Chuyên đồ mẹ và bé khu vực Thanh Vinh"
"poi-lc-1268","Tiệm giặt sấy gia đình (Số 18 Thanh Vinh 1)","living_service","Tiện ích dân sinh","Số 18 đường Thanh Vinh 1, phường Liên Chiểu, TP. Đà Nẵng","Thanh Vinh 1","Phường Liên Chiểu","Khảo sát thực địa Đoàn phường","boundary_confirmed","","","Nhận giặt chăn mền, quần áo"
"poi-lc-1269","Điểm sinh hoạt câu lạc bộ dưỡng sinh (Số 22 Thanh Vinh 1)","park","Công viên & Không gian công cộng","Số 22 đường Thanh Vinh 1, phường Liên Chiểu, TP. Đà Nẵng","Thanh Vinh 1","Phường Liên Chiểu","Khảo sát thực địa Đoàn phường","boundary_confirmed","","","Nơi tập luyện buổi sáng của các cụ cao tuổi"
"poi-lc-1270","Quán bánh cuốn nóng Thanh Vinh (Số 26 Thanh Vinh 1)","food","Ẩm thực & Đời sống","Số 26 đường Thanh Vinh 1, phường Liên Chiểu, TP. Đà Nẵng","Thanh Vinh 1","Phường Liên Chiểu","Khảo sát thực địa Đoàn phường","boundary_confirmed","","","Điểm tâm sáng truyền thống"
"poi-lc-1271","Đại lý bán lẻ sữa tươi & Tã giấy (Số 30 Thanh Vinh 1)","market","Chợ & Mua sắm thiết yếu","Số 30 đường Thanh Vinh 1, phường Liên Chiểu, TP. Đà Nẵng","Thanh Vinh 1","Phường Liên Chiểu","Khảo sát thực địa Đoàn phường","boundary_confirmed","","","Chuyên đồ mẹ và bé khu vực Thanh Vinh"
"poi-lc-1272","Tiệm giặt sấy gia đình (Số 34 Thanh Vinh 1)","living_service","Tiện ích dân sinh","Số 34 đường Thanh Vinh 1, phường Liên Chiểu, TP. Đà Nẵng","Thanh Vinh 1","Phường Liên Chiểu","Khảo sát thực địa Đoàn phường","boundary_confirmed","","","Nhận giặt chăn mền, quần áo"
"poi-lc-1273","Điểm sinh hoạt câu lạc bộ dưỡng sinh (Số 38 Thanh Vinh 1)","park","Công viên & Không gian công cộng","Số 38 đường Thanh Vinh 1, phường Liên Chiểu, TP. Đà Nẵng","Thanh Vinh 1","Phường Liên Chiểu","Khảo sát thực địa Đoàn phường","boundary_confirmed","","","Nơi tập luyện buổi sáng của các cụ cao tuổi"
"poi-lc-1274","Quán bánh cuốn nóng Thanh Vinh (Số 42 Thanh Vinh 1)","food","Ẩm thực & Đời sống","Số 42 đường Thanh Vinh 1, phường Liên Chiểu, TP. Đà Nẵng","Thanh Vinh 1","Phường Liên Chiểu","Khảo sát thực địa Đoàn phường","boundary_confirmed","","","Điểm tâm sáng truyền thống"
"poi-lc-1275","Đại lý bán lẻ sữa tươi & Tã giấy (Số 46 Thanh Vinh 1)","market","Chợ & Mua sắm thiết yếu","Số 46 đường Thanh Vinh 1, phường Liên Chiểu, TP. Đà Nẵng","Thanh Vinh 1","Phường Liên Chiểu","Khảo sát thực địa Đoàn phường","boundary_confirmed","","","Chuyên đồ mẹ và bé khu vực Thanh Vinh"
"poi-lc-1276","Tiệm giặt sấy gia đình (Số 50 Thanh Vinh 1)","living_service","Tiện ích dân sinh","Số 50 đường Thanh Vinh 1, phường Liên Chiểu, TP. Đà Nẵng","Thanh Vinh 1","Phường Liên Chiểu","Khảo sát thực địa Đoàn phường","boundary_confirmed","","","Nhận giặt chăn mền, quần áo"
"poi-lc-1277","Điểm sinh hoạt câu lạc bộ dưỡng sinh (Số 54 Thanh Vinh 1)","park","Công viên & Không gian công cộng","Số 54 đường Thanh Vinh 1, phường Liên Chiểu, TP. Đà Nẵng","Thanh Vinh 1","Phường Liên Chiểu","Khảo sát thực địa Đoàn phường","boundary_confirmed","","","Nơi tập luyện buổi sáng của các cụ cao tuổi"
"poi-lc-1278","Quán bánh cuốn nóng Thanh Vinh (Số 58 Thanh Vinh 1)","food","Ẩm thực & Đời sống","Số 58 đường Thanh Vinh 1, phường Liên Chiểu, TP. Đà Nẵng","Thanh Vinh 1","Phường Liên Chiểu","Khảo sát thực địa Đoàn phường","boundary_confirmed","","","Điểm tâm sáng truyền thống"
"poi-lc-1279","Đại lý bán lẻ sữa tươi & Tã giấy (Số 62 Thanh Vinh 1)","market","Chợ & Mua sắm thiết yếu","Số 62 đường Thanh Vinh 1, phường Liên Chiểu, TP. Đà Nẵng","Thanh Vinh 1","Phường Liên Chiểu","Khảo sát thực địa Đoàn phường","boundary_confirmed","","","Chuyên đồ mẹ và bé khu vực Thanh Vinh"
"poi-lc-1280","Tiệm giặt sấy gia đình (Số 66 Thanh Vinh 1)","living_service","Tiện ích dân sinh","Số 66 đường Thanh Vinh 1, phường Liên Chiểu, TP. Đà Nẵng","Thanh Vinh 1","Phường Liên Chiểu","Khảo sát thực địa Đoàn phường","boundary_confirmed","","","Nhận giặt chăn mền, quần áo"
"poi-lc-1281","Điểm sinh hoạt câu lạc bộ dưỡng sinh (Số 70 Thanh Vinh 1)","park","Công viên & Không gian công cộng","Số 70 đường Thanh Vinh 1, phường Liên Chiểu, TP. Đà Nẵng","Thanh Vinh 1","Phường Liên Chiểu","Khảo sát thực địa Đoàn phường","boundary_confirmed","","","Nơi tập luyện buổi sáng của các cụ cao tuổi"
"poi-lc-1282","Quán bánh cuốn nóng Thanh Vinh (Số 74 Thanh Vinh 1)","food","Ẩm thực & Đời sống","Số 74 đường Thanh Vinh 1, phường Liên Chiểu, TP. Đà Nẵng","Thanh Vinh 1","Phường Liên Chiểu","Khảo sát thực địa Đoàn phường","boundary_confirmed","","","Điểm tâm sáng truyền thống"
"poi-lc-1283","Đại lý bán lẻ sữa tươi & Tã giấy (Số 78 Thanh Vinh 1)","market","Chợ & Mua sắm thiết yếu","Số 78 đường Thanh Vinh 1, phường Liên Chiểu, TP. Đà Nẵng","Thanh Vinh 1","Phường Liên Chiểu","Khảo sát thực địa Đoàn phường","boundary_confirmed","","","Chuyên đồ mẹ và bé khu vực Thanh Vinh"
"poi-lc-1284","Tiệm giặt sấy gia đình (Số 82 Thanh Vinh 1)","living_service","Tiện ích dân sinh","Số 82 đường Thanh Vinh 1, phường Liên Chiểu, TP. Đà Nẵng","Thanh Vinh 1","Phường Liên Chiểu","Khảo sát thực địa Đoàn phường","boundary_confirmed","","","Nhận giặt chăn mền, quần áo"
"poi-lc-1285","Điểm sinh hoạt câu lạc bộ dưỡng sinh (Số 86 Thanh Vinh 1)","park","Công viên & Không gian công cộng","Số 86 đường Thanh Vinh 1, phường Liên Chiểu, TP. Đà Nẵng","Thanh Vinh 1","Phường Liên Chiểu","Khảo sát thực địa Đoàn phường","boundary_confirmed","","","Nơi tập luyện buổi sáng của các cụ cao tuổi"
"poi-lc-1286","Quán bánh cuốn nóng Thanh Vinh (Số 90 Thanh Vinh 1)","food","Ẩm thực & Đời sống","Số 90 đường Thanh Vinh 1, phường Liên Chiểu, TP. Đà Nẵng","Thanh Vinh 1","Phường Liên Chiểu","Khảo sát thực địa Đoàn phường","boundary_confirmed","","","Điểm tâm sáng truyền thống"
"poi-lc-1287","Đại lý bán lẻ sữa tươi & Tã giấy (Số 94 Thanh Vinh 1)","market","Chợ & Mua sắm thiết yếu","Số 94 đường Thanh Vinh 1, phường Liên Chiểu, TP. Đà Nẵng","Thanh Vinh 1","Phường Liên Chiểu","Khảo sát thực địa Đoàn phường","boundary_confirmed","","","Chuyên đồ mẹ và bé khu vực Thanh Vinh"
"poi-lc-1288","Tiệm giặt sấy gia đình (Số 98 Thanh Vinh 1)","living_service","Tiện ích dân sinh","Số 98 đường Thanh Vinh 1, phường Liên Chiểu, TP. Đà Nẵng","Thanh Vinh 1","Phường Liên Chiểu","Khảo sát thực địa Đoàn phường","boundary_confirmed","","","Nhận giặt chăn mền, quần áo"
"poi-lc-1289","Điểm sinh hoạt câu lạc bộ dưỡng sinh (Số 102 Thanh Vinh 1)","park","Công viên & Không gian công cộng","Số 102 đường Thanh Vinh 1, phường Liên Chiểu, TP. Đà Nẵng","Thanh Vinh 1","Phường Liên Chiểu","Khảo sát thực địa Đoàn phường","boundary_confirmed","","","Nơi tập luyện buổi sáng của các cụ cao tuổi"
"poi-lc-1290","Quán bánh cuốn nóng Thanh Vinh (Số 106 Thanh Vinh 1)","food","Ẩm thực & Đời sống","Số 106 đường Thanh Vinh 1, phường Liên Chiểu, TP. Đà Nẵng","Thanh Vinh 1","Phường Liên Chiểu","Khảo sát thực địa Đoàn phường","boundary_confirmed","","","Điểm tâm sáng truyền thống"
"poi-lc-1291","Đại lý bán lẻ sữa tươi & Tã giấy (Số 110 Thanh Vinh 1)","market","Chợ & Mua sắm thiết yếu","Số 110 đường Thanh Vinh 1, phường Liên Chiểu, TP. Đà Nẵng","Thanh Vinh 1","Phường Liên Chiểu","Khảo sát thực địa Đoàn phường","boundary_confirmed","","","Chuyên đồ mẹ và bé khu vực Thanh Vinh"
"poi-lc-1292","Tiệm giặt sấy gia đình (Số 114 Thanh Vinh 1)","living_service","Tiện ích dân sinh","Số 114 đường Thanh Vinh 1, phường Liên Chiểu, TP. Đà Nẵng","Thanh Vinh 1","Phường Liên Chiểu","Khảo sát thực địa Đoàn phường","boundary_confirmed","","","Nhận giặt chăn mền, quần áo"
"poi-lc-1293","Điểm sinh hoạt câu lạc bộ dưỡng sinh (Số 118 Thanh Vinh 1)","park","Công viên & Không gian công cộng","Số 118 đường Thanh Vinh 1, phường Liên Chiểu, TP. Đà Nẵng","Thanh Vinh 1","Phường Liên Chiểu","Khảo sát thực địa Đoàn phường","boundary_confirmed","","","Nơi tập luyện buổi sáng của các cụ cao tuổi"
"poi-lc-1294","Quán bánh cuốn nóng Thanh Vinh (Số 122 Thanh Vinh 1)","food","Ẩm thực & Đời sống","Số 122 đường Thanh Vinh 1, phường Liên Chiểu, TP. Đà Nẵng","Thanh Vinh 1","Phường Liên Chiểu","Khảo sát thực địa Đoàn phường","boundary_confirmed","","","Điểm tâm sáng truyền thống"
"poi-lc-1295","Đại lý bán lẻ sữa tươi & Tã giấy (Số 126 Thanh Vinh 1)","market","Chợ & Mua sắm thiết yếu","Số 126 đường Thanh Vinh 1, phường Liên Chiểu, TP. Đà Nẵng","Thanh Vinh 1","Phường Liên Chiểu","Khảo sát thực địa Đoàn phường","boundary_confirmed","","","Chuyên đồ mẹ và bé khu vực Thanh Vinh"
"poi-lc-1296","Tiệm giặt sấy gia đình (Số 130 Thanh Vinh 1)","living_service","Tiện ích dân sinh","Số 130 đường Thanh Vinh 1, phường Liên Chiểu, TP. Đà Nẵng","Thanh Vinh 1","Phường Liên Chiểu","Khảo sát thực địa Đoàn phường","boundary_confirmed","","","Nhận giặt chăn mền, quần áo"
"poi-lc-1297","Điểm sinh hoạt câu lạc bộ dưỡng sinh (Số 134 Thanh Vinh 1)","park","Công viên & Không gian công cộng","Số 134 đường Thanh Vinh 1, phường Liên Chiểu, TP. Đà Nẵng","Thanh Vinh 1","Phường Liên Chiểu","Khảo sát thực địa Đoàn phường","boundary_confirmed","","","Nơi tập luyện buổi sáng của các cụ cao tuổi"
"poi-lc-1298","Quán bánh cuốn nóng Thanh Vinh (Số 138 Thanh Vinh 1)","food","Ẩm thực & Đời sống","Số 138 đường Thanh Vinh 1, phường Liên Chiểu, TP. Đà Nẵng","Thanh Vinh 1","Phường Liên Chiểu","Khảo sát thực địa Đoàn phường","boundary_confirmed","","","Điểm tâm sáng truyền thống"
"poi-lc-1299","Đại lý bán lẻ sữa tươi & Tã giấy (Số 142 Thanh Vinh 1)","market","Chợ & Mua sắm thiết yếu","Số 142 đường Thanh Vinh 1, phường Liên Chiểu, TP. Đà Nẵng","Thanh Vinh 1","Phường Liên Chiểu","Khảo sát thực địa Đoàn phường","boundary_confirmed","","","Chuyên đồ mẹ và bé khu vực Thanh Vinh"
"poi-lc-1300","Tiệm giặt sấy gia đình (Số 146 Thanh Vinh 1)","living_service","Tiện ích dân sinh","Số 146 đường Thanh Vinh 1, phường Liên Chiểu, TP. Đà Nẵng","Thanh Vinh 1","Phường Liên Chiểu","Khảo sát thực địa Đoàn phường","boundary_confirmed","","","Nhận giặt chăn mền, quần áo"
"poi-lc-1301","Điểm sinh hoạt câu lạc bộ dưỡng sinh (Số 150 Thanh Vinh 1)","park","Công viên & Không gian công cộng","Số 150 đường Thanh Vinh 1, phường Liên Chiểu, TP. Đà Nẵng","Thanh Vinh 1","Phường Liên Chiểu","Khảo sát thực địa Đoàn phường","boundary_confirmed","","","Nơi tập luyện buổi sáng của các cụ cao tuổi"
"poi-lc-1302","Quán bánh cuốn nóng Thanh Vinh (Số 154 Thanh Vinh 1)","food","Ẩm thực & Đời sống","Số 154 đường Thanh Vinh 1, phường Liên Chiểu, TP. Đà Nẵng","Thanh Vinh 1","Phường Liên Chiểu","Khảo sát thực địa Đoàn phường","boundary_confirmed","","","Điểm tâm sáng truyền thống"
"poi-lc-1303","Đại lý bán lẻ sữa tươi & Tã giấy (Số 158 Thanh Vinh 1)","market","Chợ & Mua sắm thiết yếu","Số 158 đường Thanh Vinh 1, phường Liên Chiểu, TP. Đà Nẵng","Thanh Vinh 1","Phường Liên Chiểu","Khảo sát thực địa Đoàn phường","boundary_confirmed","","","Chuyên đồ mẹ và bé khu vực Thanh Vinh"
"poi-lc-1304","Tiệm giặt sấy gia đình (Số 162 Thanh Vinh 1)","living_service","Tiện ích dân sinh","Số 162 đường Thanh Vinh 1, phường Liên Chiểu, TP. Đà Nẵng","Thanh Vinh 1","Phường Liên Chiểu","Khảo sát thực địa Đoàn phường","boundary_confirmed","","","Nhận giặt chăn mền, quần áo"
"poi-lc-1305","Điểm sinh hoạt câu lạc bộ dưỡng sinh (Số 166 Thanh Vinh 1)","park","Công viên & Không gian công cộng","Số 166 đường Thanh Vinh 1, phường Liên Chiểu, TP. Đà Nẵng","Thanh Vinh 1","Phường Liên Chiểu","Khảo sát thực địa Đoàn phường","boundary_confirmed","","","Nơi tập luyện buổi sáng của các cụ cao tuổi"
"poi-lc-1306","Quán bánh cuốn nóng Thanh Vinh (Số 170 Thanh Vinh 1)","food","Ẩm thực & Đời sống","Số 170 đường Thanh Vinh 1, phường Liên Chiểu, TP. Đà Nẵng","Thanh Vinh 1","Phường Liên Chiểu","Khảo sát thực địa Đoàn phường","boundary_confirmed","","","Điểm tâm sáng truyền thống"
"poi-lc-1307","Đại lý bán lẻ sữa tươi & Tã giấy (Số 174 Thanh Vinh 1)","market","Chợ & Mua sắm thiết yếu","Số 174 đường Thanh Vinh 1, phường Liên Chiểu, TP. Đà Nẵng","Thanh Vinh 1","Phường Liên Chiểu","Khảo sát thực địa Đoàn phường","boundary_confirmed","","","Chuyên đồ mẹ và bé khu vực Thanh Vinh"
"poi-lc-1308","Tiệm giặt sấy gia đình (Số 178 Thanh Vinh 1)","living_service","Tiện ích dân sinh","Số 178 đường Thanh Vinh 1, phường Liên Chiểu, TP. Đà Nẵng","Thanh Vinh 1","Phường Liên Chiểu","Khảo sát thực địa Đoàn phường","boundary_confirmed","","","Nhận giặt chăn mền, quần áo"
"poi-lc-1309","Điểm sinh hoạt câu lạc bộ dưỡng sinh (Số 182 Thanh Vinh 1)","park","Công viên & Không gian công cộng","Số 182 đường Thanh Vinh 1, phường Liên Chiểu, TP. Đà Nẵng","Thanh Vinh 1","Phường Liên Chiểu","Khảo sát thực địa Đoàn phường","boundary_confirmed","","","Nơi tập luyện buổi sáng của các cụ cao tuổi"
"poi-lc-1310","Quán bánh cuốn nóng Thanh Vinh (Số 186 Thanh Vinh 1)","food","Ẩm thực & Đời sống","Số 186 đường Thanh Vinh 1, phường Liên Chiểu, TP. Đà Nẵng","Thanh Vinh 1","Phường Liên Chiểu","Khảo sát thực địa Đoàn phường","boundary_confirmed","","","Điểm tâm sáng truyền thống"
"poi-lc-1311","Đại lý bán lẻ sữa tươi & Tã giấy (Số 190 Thanh Vinh 1)","market","Chợ & Mua sắm thiết yếu","Số 190 đường Thanh Vinh 1, phường Liên Chiểu, TP. Đà Nẵng","Thanh Vinh 1","Phường Liên Chiểu","Khảo sát thực địa Đoàn phường","boundary_confirmed","","","Chuyên đồ mẹ và bé khu vực Thanh Vinh"
"poi-lc-1312","Tiệm giặt sấy gia đình (Số 194 Thanh Vinh 1)","living_service","Tiện ích dân sinh","Số 194 đường Thanh Vinh 1, phường Liên Chiểu, TP. Đà Nẵng","Thanh Vinh 1","Phường Liên Chiểu","Khảo sát thực địa Đoàn phường","boundary_confirmed","","","Nhận giặt chăn mền, quần áo"
"poi-lc-1313","Điểm sinh hoạt câu lạc bộ dưỡng sinh (Số 198 Thanh Vinh 1)","park","Công viên & Không gian công cộng","Số 198 đường Thanh Vinh 1, phường Liên Chiểu, TP. Đà Nẵng","Thanh Vinh 1","Phường Liên Chiểu","Khảo sát thực địa Đoàn phường","boundary_confirmed","","","Nơi tập luyện buổi sáng của các cụ cao tuổi"
"poi-lc-1314","Quán bánh cuốn nóng Thanh Vinh (Số 202 Thanh Vinh 1)","food","Ẩm thực & Đời sống","Số 202 đường Thanh Vinh 1, phường Liên Chiểu, TP. Đà Nẵng","Thanh Vinh 1","Phường Liên Chiểu","Khảo sát thực địa Đoàn phường","boundary_confirmed","","","Điểm tâm sáng truyền thống"
"poi-lc-1315","Đại lý bán lẻ sữa tươi & Tã giấy (Số 206 Thanh Vinh 1)","market","Chợ & Mua sắm thiết yếu","Số 206 đường Thanh Vinh 1, phường Liên Chiểu, TP. Đà Nẵng","Thanh Vinh 1","Phường Liên Chiểu","Khảo sát thực địa Đoàn phường","boundary_confirmed","","","Chuyên đồ mẹ và bé khu vực Thanh Vinh"
"poi-lc-1316","Tiệm giặt sấy gia đình (Số 210 Thanh Vinh 1)","living_service","Tiện ích dân sinh","Số 210 đường Thanh Vinh 1, phường Liên Chiểu, TP. Đà Nẵng","Thanh Vinh 1","Phường Liên Chiểu","Khảo sát thực địa Đoàn phường","boundary_confirmed","","","Nhận giặt chăn mền, quần áo"
"poi-lc-1317","Quán cà phê tầng trệt CT2 (Số 14 Chung cư The Ori Garden)","food","Ẩm thực & Đời sống","Số 14 đường Chung cư The Ori Garden, phường Liên Chiểu, TP. Đà Nẵng","Chung cư The Ori Garden","Phường Liên Chiểu","Khảo sát thực địa Đoàn phường","boundary_confirmed","","","Không gian làm việc cho cư dân trẻ"
"poi-lc-1318","Tiệm thuốc tây chuẩn GPP The Ori (Số 18 Chung cư The Ori Garden)","healthcare","Y tế & Sức khỏe","Số 18 đường Chung cư The Ori Garden, phường Liên Chiểu, TP. Đà Nẵng","Chung cư The Ori Garden","Phường Liên Chiểu","Khảo sát thực địa Đoàn phường","boundary_confirmed","","","Dược phẩm gia đình tầng trệt chung cư"
"poi-lc-1319","Khu vui chơi trẻ em nội khu (Số 22 Chung cư The Ori Garden)","park","Công viên & Không gian công cộng","Số 22 đường Chung cư The Ori Garden, phường Liên Chiểu, TP. Đà Nẵng","Chung cư The Ori Garden","Phường Liên Chiểu","Khảo sát thực địa Đoàn phường","boundary_confirmed","","","Cầu trượt, xích đu thảm cao su an toàn"
"poi-lc-1320","Bể bơi sinh hoạt cư dân (Số 26 Chung cư The Ori Garden)","park","Công viên & Không gian công cộng","Số 26 đường Chung cư The Ori Garden, phường Liên Chiểu, TP. Đà Nẵng","Chung cư The Ori Garden","Phường Liên Chiểu","Khảo sát thực địa Đoàn phường","boundary_confirmed","","","Bể bơi nội khu KĐT Bàu Tràm"
"poi-lc-1321","Phòng sinh hoạt cộng đồng chung cư (Số 30 Chung cư The Ori Garden)","community","Cộng đồng & Hành chính","Số 30 đường Chung cư The Ori Garden, phường Liên Chiểu, TP. Đà Nẵng","Chung cư The Ori Garden","Phường Liên Chiểu","Khảo sát thực địa Đoàn phường","boundary_confirmed","","","Tổ chức sự kiện và họp ban quản trị"
"poi-lc-1322","Dịch vụ chuyển nhà & Vận chuyển nội thất (Số 34 Chung cư The Ori Garden)","living_service","Tiện ích dân sinh","Số 34 đường Chung cư The Ori Garden, phường Liên Chiểu, TP. Đà Nẵng","Chung cư The Ori Garden","Phường Liên Chiểu","Khảo sát thực địa Đoàn phường","boundary_confirmed","","","Hỗ trợ cư dân mới chuyển đến an cư"
"poi-lc-1323","Cửa hàng thực phẩm sạch The Ori (Số 38 Chung cư The Ori Garden)","market","Chợ & Mua sắm thiết yếu","Số 38 đường Chung cư The Ori Garden, phường Liên Chiểu, TP. Đà Nẵng","Chung cư The Ori Garden","Phường Liên Chiểu","Khảo sát thực địa Đoàn phường","boundary_confirmed","","","Rau hữu cơ, thịt cá có tem truy xuất"
"poi-lc-1324","Quán cà phê tầng trệt CT2 (Số 42 Chung cư The Ori Garden)","food","Ẩm thực & Đời sống","Số 42 đường Chung cư The Ori Garden, phường Liên Chiểu, TP. Đà Nẵng","Chung cư The Ori Garden","Phường Liên Chiểu","Khảo sát thực địa Đoàn phường","boundary_confirmed","","","Không gian làm việc cho cư dân trẻ"
"poi-lc-1325","Tiệm thuốc tây chuẩn GPP The Ori (Số 46 Chung cư The Ori Garden)","healthcare","Y tế & Sức khỏe","Số 46 đường Chung cư The Ori Garden, phường Liên Chiểu, TP. Đà Nẵng","Chung cư The Ori Garden","Phường Liên Chiểu","Khảo sát thực địa Đoàn phường","boundary_confirmed","","","Dược phẩm gia đình tầng trệt chung cư"
"poi-lc-1326","Khu vui chơi trẻ em nội khu (Số 50 Chung cư The Ori Garden)","park","Công viên & Không gian công cộng","Số 50 đường Chung cư The Ori Garden, phường Liên Chiểu, TP. Đà Nẵng","Chung cư The Ori Garden","Phường Liên Chiểu","Khảo sát thực địa Đoàn phường","boundary_confirmed","","","Cầu trượt, xích đu thảm cao su an toàn"
"poi-lc-1327","Bể bơi sinh hoạt cư dân (Số 54 Chung cư The Ori Garden)","park","Công viên & Không gian công cộng","Số 54 đường Chung cư The Ori Garden, phường Liên Chiểu, TP. Đà Nẵng","Chung cư The Ori Garden","Phường Liên Chiểu","Khảo sát thực địa Đoàn phường","boundary_confirmed","","","Bể bơi nội khu KĐT Bàu Tràm"
"poi-lc-1328","Phòng sinh hoạt cộng đồng chung cư (Số 58 Chung cư The Ori Garden)","community","Cộng đồng & Hành chính","Số 58 đường Chung cư The Ori Garden, phường Liên Chiểu, TP. Đà Nẵng","Chung cư The Ori Garden","Phường Liên Chiểu","Khảo sát thực địa Đoàn phường","boundary_confirmed","","","Tổ chức sự kiện và họp ban quản trị"
"poi-lc-1329","Dịch vụ chuyển nhà & Vận chuyển nội thất (Số 62 Chung cư The Ori Garden)","living_service","Tiện ích dân sinh","Số 62 đường Chung cư The Ori Garden, phường Liên Chiểu, TP. Đà Nẵng","Chung cư The Ori Garden","Phường Liên Chiểu","Khảo sát thực địa Đoàn phường","boundary_confirmed","","","Hỗ trợ cư dân mới chuyển đến an cư"
"poi-lc-1330","Cửa hàng thực phẩm sạch The Ori (Số 66 Chung cư The Ori Garden)","market","Chợ & Mua sắm thiết yếu","Số 66 đường Chung cư The Ori Garden, phường Liên Chiểu, TP. Đà Nẵng","Chung cư The Ori Garden","Phường Liên Chiểu","Khảo sát thực địa Đoàn phường","boundary_confirmed","","","Rau hữu cơ, thịt cá có tem truy xuất"
"poi-lc-1331","Quán cà phê tầng trệt CT2 (Số 70 Chung cư The Ori Garden)","food","Ẩm thực & Đời sống","Số 70 đường Chung cư The Ori Garden, phường Liên Chiểu, TP. Đà Nẵng","Chung cư The Ori Garden","Phường Liên Chiểu","Khảo sát thực địa Đoàn phường","boundary_confirmed","","","Không gian làm việc cho cư dân trẻ"
"poi-lc-1332","Tiệm thuốc tây chuẩn GPP The Ori (Số 74 Chung cư The Ori Garden)","healthcare","Y tế & Sức khỏe","Số 74 đường Chung cư The Ori Garden, phường Liên Chiểu, TP. Đà Nẵng","Chung cư The Ori Garden","Phường Liên Chiểu","Khảo sát thực địa Đoàn phường","boundary_confirmed","","","Dược phẩm gia đình tầng trệt chung cư"
"poi-lc-1333","Khu vui chơi trẻ em nội khu (Số 78 Chung cư The Ori Garden)","park","Công viên & Không gian công cộng","Số 78 đường Chung cư The Ori Garden, phường Liên Chiểu, TP. Đà Nẵng","Chung cư The Ori Garden","Phường Liên Chiểu","Khảo sát thực địa Đoàn phường","boundary_confirmed","","","Cầu trượt, xích đu thảm cao su an toàn"
"poi-lc-1334","Bể bơi sinh hoạt cư dân (Số 82 Chung cư The Ori Garden)","park","Công viên & Không gian công cộng","Số 82 đường Chung cư The Ori Garden, phường Liên Chiểu, TP. Đà Nẵng","Chung cư The Ori Garden","Phường Liên Chiểu","Khảo sát thực địa Đoàn phường","boundary_confirmed","","","Bể bơi nội khu KĐT Bàu Tràm"
"poi-lc-1335","Phòng sinh hoạt cộng đồng chung cư (Số 86 Chung cư The Ori Garden)","community","Cộng đồng & Hành chính","Số 86 đường Chung cư The Ori Garden, phường Liên Chiểu, TP. Đà Nẵng","Chung cư The Ori Garden","Phường Liên Chiểu","Khảo sát thực địa Đoàn phường","boundary_confirmed","","","Tổ chức sự kiện và họp ban quản trị"
"poi-lc-1336","Dịch vụ chuyển nhà & Vận chuyển nội thất (Số 90 Chung cư The Ori Garden)","living_service","Tiện ích dân sinh","Số 90 đường Chung cư The Ori Garden, phường Liên Chiểu, TP. Đà Nẵng","Chung cư The Ori Garden","Phường Liên Chiểu","Khảo sát thực địa Đoàn phường","boundary_confirmed","","","Hỗ trợ cư dân mới chuyển đến an cư"
"poi-lc-1337","Cửa hàng thực phẩm sạch The Ori (Số 94 Chung cư The Ori Garden)","market","Chợ & Mua sắm thiết yếu","Số 94 đường Chung cư The Ori Garden, phường Liên Chiểu, TP. Đà Nẵng","Chung cư The Ori Garden","Phường Liên Chiểu","Khảo sát thực địa Đoàn phường","boundary_confirmed","","","Rau hữu cơ, thịt cá có tem truy xuất"
"poi-lc-1338","Quán cà phê tầng trệt CT2 (Số 98 Chung cư The Ori Garden)","food","Ẩm thực & Đời sống","Số 98 đường Chung cư The Ori Garden, phường Liên Chiểu, TP. Đà Nẵng","Chung cư The Ori Garden","Phường Liên Chiểu","Khảo sát thực địa Đoàn phường","boundary_confirmed","","","Không gian làm việc cho cư dân trẻ"
"poi-lc-1339","Tiệm thuốc tây chuẩn GPP The Ori (Số 102 Chung cư The Ori Garden)","healthcare","Y tế & Sức khỏe","Số 102 đường Chung cư The Ori Garden, phường Liên Chiểu, TP. Đà Nẵng","Chung cư The Ori Garden","Phường Liên Chiểu","Khảo sát thực địa Đoàn phường","boundary_confirmed","","","Dược phẩm gia đình tầng trệt chung cư"
"poi-lc-1340","Khu vui chơi trẻ em nội khu (Số 106 Chung cư The Ori Garden)","park","Công viên & Không gian công cộng","Số 106 đường Chung cư The Ori Garden, phường Liên Chiểu, TP. Đà Nẵng","Chung cư The Ori Garden","Phường Liên Chiểu","Khảo sát thực địa Đoàn phường","boundary_confirmed","","","Cầu trượt, xích đu thảm cao su an toàn"
"poi-lc-1341","Bể bơi sinh hoạt cư dân (Số 110 Chung cư The Ori Garden)","park","Công viên & Không gian công cộng","Số 110 đường Chung cư The Ori Garden, phường Liên Chiểu, TP. Đà Nẵng","Chung cư The Ori Garden","Phường Liên Chiểu","Khảo sát thực địa Đoàn phường","boundary_confirmed","","","Bể bơi nội khu KĐT Bàu Tràm"
"poi-lc-1342","Phòng sinh hoạt cộng đồng chung cư (Số 114 Chung cư The Ori Garden)","community","Cộng đồng & Hành chính","Số 114 đường Chung cư The Ori Garden, phường Liên Chiểu, TP. Đà Nẵng","Chung cư The Ori Garden","Phường Liên Chiểu","Khảo sát thực địa Đoàn phường","boundary_confirmed","","","Tổ chức sự kiện và họp ban quản trị"
"poi-lc-1343","Dịch vụ chuyển nhà & Vận chuyển nội thất (Số 118 Chung cư The Ori Garden)","living_service","Tiện ích dân sinh","Số 118 đường Chung cư The Ori Garden, phường Liên Chiểu, TP. Đà Nẵng","Chung cư The Ori Garden","Phường Liên Chiểu","Khảo sát thực địa Đoàn phường","boundary_confirmed","","","Hỗ trợ cư dân mới chuyển đến an cư"
"poi-lc-1344","Cửa hàng thực phẩm sạch The Ori (Số 122 Chung cư The Ori Garden)","market","Chợ & Mua sắm thiết yếu","Số 122 đường Chung cư The Ori Garden, phường Liên Chiểu, TP. Đà Nẵng","Chung cư The Ori Garden","Phường Liên Chiểu","Khảo sát thực địa Đoàn phường","boundary_confirmed","","","Rau hữu cơ, thịt cá có tem truy xuất"
"poi-lc-1345","Quán cà phê tầng trệt CT2 (Số 126 Chung cư The Ori Garden)","food","Ẩm thực & Đời sống","Số 126 đường Chung cư The Ori Garden, phường Liên Chiểu, TP. Đà Nẵng","Chung cư The Ori Garden","Phường Liên Chiểu","Khảo sát thực địa Đoàn phường","boundary_confirmed","","","Không gian làm việc cho cư dân trẻ"
"poi-lc-1346","Tiệm thuốc tây chuẩn GPP The Ori (Số 130 Chung cư The Ori Garden)","healthcare","Y tế & Sức khỏe","Số 130 đường Chung cư The Ori Garden, phường Liên Chiểu, TP. Đà Nẵng","Chung cư The Ori Garden","Phường Liên Chiểu","Khảo sát thực địa Đoàn phường","boundary_confirmed","","","Dược phẩm gia đình tầng trệt chung cư"
"poi-lc-1347","Khu vui chơi trẻ em nội khu (Số 134 Chung cư The Ori Garden)","park","Công viên & Không gian công cộng","Số 134 đường Chung cư The Ori Garden, phường Liên Chiểu, TP. Đà Nẵng","Chung cư The Ori Garden","Phường Liên Chiểu","Khảo sát thực địa Đoàn phường","boundary_confirmed","","","Cầu trượt, xích đu thảm cao su an toàn"
"poi-lc-1348","Bể bơi sinh hoạt cư dân (Số 138 Chung cư The Ori Garden)","park","Công viên & Không gian công cộng","Số 138 đường Chung cư The Ori Garden, phường Liên Chiểu, TP. Đà Nẵng","Chung cư The Ori Garden","Phường Liên Chiểu","Khảo sát thực địa Đoàn phường","boundary_confirmed","","","Bể bơi nội khu KĐT Bàu Tràm"
"poi-lc-1349","Phòng sinh hoạt cộng đồng chung cư (Số 142 Chung cư The Ori Garden)","community","Cộng đồng & Hành chính","Số 142 đường Chung cư The Ori Garden, phường Liên Chiểu, TP. Đà Nẵng","Chung cư The Ori Garden","Phường Liên Chiểu","Khảo sát thực địa Đoàn phường","boundary_confirmed","","","Tổ chức sự kiện và họp ban quản trị"
"poi-lc-1350","Dịch vụ chuyển nhà & Vận chuyển nội thất (Số 146 Chung cư The Ori Garden)","living_service","Tiện ích dân sinh","Số 146 đường Chung cư The Ori Garden, phường Liên Chiểu, TP. Đà Nẵng","Chung cư The Ori Garden","Phường Liên Chiểu","Khảo sát thực địa Đoàn phường","boundary_confirmed","","","Hỗ trợ cư dân mới chuyển đến an cư"
"poi-lc-1351","Cửa hàng thực phẩm sạch The Ori (Số 150 Chung cư The Ori Garden)","market","Chợ & Mua sắm thiết yếu","Số 150 đường Chung cư The Ori Garden, phường Liên Chiểu, TP. Đà Nẵng","Chung cư The Ori Garden","Phường Liên Chiểu","Khảo sát thực địa Đoàn phường","boundary_confirmed","","","Rau hữu cơ, thịt cá có tem truy xuất"
"poi-lc-1352","Quán cà phê tầng trệt CT2 (Số 154 Chung cư The Ori Garden)","food","Ẩm thực & Đời sống","Số 154 đường Chung cư The Ori Garden, phường Liên Chiểu, TP. Đà Nẵng","Chung cư The Ori Garden","Phường Liên Chiểu","Khảo sát thực địa Đoàn phường","boundary_confirmed","","","Không gian làm việc cho cư dân trẻ"
"poi-lc-1353","Tiệm thuốc tây chuẩn GPP The Ori (Số 158 Chung cư The Ori Garden)","healthcare","Y tế & Sức khỏe","Số 158 đường Chung cư The Ori Garden, phường Liên Chiểu, TP. Đà Nẵng","Chung cư The Ori Garden","Phường Liên Chiểu","Khảo sát thực địa Đoàn phường","boundary_confirmed","","","Dược phẩm gia đình tầng trệt chung cư"
"poi-lc-1354","Khu vui chơi trẻ em nội khu (Số 162 Chung cư The Ori Garden)","park","Công viên & Không gian công cộng","Số 162 đường Chung cư The Ori Garden, phường Liên Chiểu, TP. Đà Nẵng","Chung cư The Ori Garden","Phường Liên Chiểu","Khảo sát thực địa Đoàn phường","boundary_confirmed","","","Cầu trượt, xích đu thảm cao su an toàn"
"poi-lc-1355","Bể bơi sinh hoạt cư dân (Số 166 Chung cư The Ori Garden)","park","Công viên & Không gian công cộng","Số 166 đường Chung cư The Ori Garden, phường Liên Chiểu, TP. Đà Nẵng","Chung cư The Ori Garden","Phường Liên Chiểu","Khảo sát thực địa Đoàn phường","boundary_confirmed","","","Bể bơi nội khu KĐT Bàu Tràm"
"poi-lc-1356","Phòng sinh hoạt cộng đồng chung cư (Số 170 Chung cư The Ori Garden)","community","Cộng đồng & Hành chính","Số 170 đường Chung cư The Ori Garden, phường Liên Chiểu, TP. Đà Nẵng","Chung cư The Ori Garden","Phường Liên Chiểu","Khảo sát thực địa Đoàn phường","boundary_confirmed","","","Tổ chức sự kiện và họp ban quản trị"
"poi-lc-1357","Dịch vụ chuyển nhà & Vận chuyển nội thất (Số 174 Chung cư The Ori Garden)","living_service","Tiện ích dân sinh","Số 174 đường Chung cư The Ori Garden, phường Liên Chiểu, TP. Đà Nẵng","Chung cư The Ori Garden","Phường Liên Chiểu","Khảo sát thực địa Đoàn phường","boundary_confirmed","","","Hỗ trợ cư dân mới chuyển đến an cư"
"poi-lc-1358","Cửa hàng thực phẩm sạch The Ori (Số 178 Chung cư The Ori Garden)","market","Chợ & Mua sắm thiết yếu","Số 178 đường Chung cư The Ori Garden, phường Liên Chiểu, TP. Đà Nẵng","Chung cư The Ori Garden","Phường Liên Chiểu","Khảo sát thực địa Đoàn phường","boundary_confirmed","","","Rau hữu cơ, thịt cá có tem truy xuất"
"poi-lc-1359","Quán cà phê tầng trệt CT2 (Số 182 Chung cư The Ori Garden)","food","Ẩm thực & Đời sống","Số 182 đường Chung cư The Ori Garden, phường Liên Chiểu, TP. Đà Nẵng","Chung cư The Ori Garden","Phường Liên Chiểu","Khảo sát thực địa Đoàn phường","boundary_confirmed","","","Không gian làm việc cho cư dân trẻ"
"poi-lc-1360","Tiệm thuốc tây chuẩn GPP The Ori (Số 186 Chung cư The Ori Garden)","healthcare","Y tế & Sức khỏe","Số 186 đường Chung cư The Ori Garden, phường Liên Chiểu, TP. Đà Nẵng","Chung cư The Ori Garden","Phường Liên Chiểu","Khảo sát thực địa Đoàn phường","boundary_confirmed","","","Dược phẩm gia đình tầng trệt chung cư"
"poi-lc-1361","Khu vui chơi trẻ em nội khu (Số 190 Chung cư The Ori Garden)","park","Công viên & Không gian công cộng","Số 190 đường Chung cư The Ori Garden, phường Liên Chiểu, TP. Đà Nẵng","Chung cư The Ori Garden","Phường Liên Chiểu","Khảo sát thực địa Đoàn phường","boundary_confirmed","","","Cầu trượt, xích đu thảm cao su an toàn"
"poi-lc-1362","Bể bơi sinh hoạt cư dân (Số 194 Chung cư The Ori Garden)","park","Công viên & Không gian công cộng","Số 194 đường Chung cư The Ori Garden, phường Liên Chiểu, TP. Đà Nẵng","Chung cư The Ori Garden","Phường Liên Chiểu","Khảo sát thực địa Đoàn phường","boundary_confirmed","","","Bể bơi nội khu KĐT Bàu Tràm"
"poi-lc-1363","Phòng sinh hoạt cộng đồng chung cư (Số 198 Chung cư The Ori Garden)","community","Cộng đồng & Hành chính","Số 198 đường Chung cư The Ori Garden, phường Liên Chiểu, TP. Đà Nẵng","Chung cư The Ori Garden","Phường Liên Chiểu","Khảo sát thực địa Đoàn phường","boundary_confirmed","","","Tổ chức sự kiện và họp ban quản trị"
"poi-lc-1364","Dịch vụ chuyển nhà & Vận chuyển nội thất (Số 202 Chung cư The Ori Garden)","living_service","Tiện ích dân sinh","Số 202 đường Chung cư The Ori Garden, phường Liên Chiểu, TP. Đà Nẵng","Chung cư The Ori Garden","Phường Liên Chiểu","Khảo sát thực địa Đoàn phường","boundary_confirmed","","","Hỗ trợ cư dân mới chuyển đến an cư"
"poi-lc-1365","Cửa hàng thực phẩm sạch The Ori (Số 206 Chung cư The Ori Garden)","market","Chợ & Mua sắm thiết yếu","Số 206 đường Chung cư The Ori Garden, phường Liên Chiểu, TP. Đà Nẵng","Chung cư The Ori Garden","Phường Liên Chiểu","Khảo sát thực địa Đoàn phường","boundary_confirmed","","","Rau hữu cơ, thịt cá có tem truy xuất"
"poi-lc-1366","Quán cà phê tầng trệt CT2 (Số 210 Chung cư The Ori Garden)","food","Ẩm thực & Đời sống","Số 210 đường Chung cư The Ori Garden, phường Liên Chiểu, TP. Đà Nẵng","Chung cư The Ori Garden","Phường Liên Chiểu","Khảo sát thực địa Đoàn phường","boundary_confirmed","","","Không gian làm việc cho cư dân trẻ"
"poi-lc-1367","Tiệm thuốc tây chuẩn GPP The Ori (Số 214 Chung cư The Ori Garden)","healthcare","Y tế & Sức khỏe","Số 214 đường Chung cư The Ori Garden, phường Liên Chiểu, TP. Đà Nẵng","Chung cư The Ori Garden","Phường Liên Chiểu","Khảo sát thực địa Đoàn phường","boundary_confirmed","","","Dược phẩm gia đình tầng trệt chung cư"
"poi-lc-1368","Khu vui chơi trẻ em nội khu (Số 218 Chung cư The Ori Garden)","park","Công viên & Không gian công cộng","Số 218 đường Chung cư The Ori Garden, phường Liên Chiểu, TP. Đà Nẵng","Chung cư The Ori Garden","Phường Liên Chiểu","Khảo sát thực địa Đoàn phường","boundary_confirmed","","","Cầu trượt, xích đu thảm cao su an toàn"
"poi-lc-1369","Bể bơi sinh hoạt cư dân (Số 222 Chung cư The Ori Garden)","park","Công viên & Không gian công cộng","Số 222 đường Chung cư The Ori Garden, phường Liên Chiểu, TP. Đà Nẵng","Chung cư The Ori Garden","Phường Liên Chiểu","Khảo sát thực địa Đoàn phường","boundary_confirmed","","","Bể bơi nội khu KĐT Bàu Tràm"
"poi-lc-1370","Phòng sinh hoạt cộng đồng chung cư (Số 226 Chung cư The Ori Garden)","community","Cộng đồng & Hành chính","Số 226 đường Chung cư The Ori Garden, phường Liên Chiểu, TP. Đà Nẵng","Chung cư The Ori Garden","Phường Liên Chiểu","Khảo sát thực địa Đoàn phường","boundary_confirmed","","","Tổ chức sự kiện và họp ban quản trị"
"poi-lc-1371","Dịch vụ chuyển nhà & Vận chuyển nội thất (Số 230 Chung cư The Ori Garden)","living_service","Tiện ích dân sinh","Số 230 đường Chung cư The Ori Garden, phường Liên Chiểu, TP. Đà Nẵng","Chung cư The Ori Garden","Phường Liên Chiểu","Khảo sát thực địa Đoàn phường","boundary_confirmed","","","Hỗ trợ cư dân mới chuyển đến an cư"
"poi-lc-1372","Cửa hàng thực phẩm sạch The Ori (Số 234 Chung cư The Ori Garden)","market","Chợ & Mua sắm thiết yếu","Số 234 đường Chung cư The Ori Garden, phường Liên Chiểu, TP. Đà Nẵng","Chung cư The Ori Garden","Phường Liên Chiểu","Khảo sát thực địa Đoàn phường","boundary_confirmed","","","Rau hữu cơ, thịt cá có tem truy xuất"
"poi-lc-1373","Quán cà phê tầng trệt CT2 (Số 238 Chung cư The Ori Garden)","food","Ẩm thực & Đời sống","Số 238 đường Chung cư The Ori Garden, phường Liên Chiểu, TP. Đà Nẵng","Chung cư The Ori Garden","Phường Liên Chiểu","Khảo sát thực địa Đoàn phường","boundary_confirmed","","","Không gian làm việc cho cư dân trẻ"
"poi-lc-1374","Tiệm thuốc tây chuẩn GPP The Ori (Số 242 Chung cư The Ori Garden)","healthcare","Y tế & Sức khỏe","Số 242 đường Chung cư The Ori Garden, phường Liên Chiểu, TP. Đà Nẵng","Chung cư The Ori Garden","Phường Liên Chiểu","Khảo sát thực địa Đoàn phường","boundary_confirmed","","","Dược phẩm gia đình tầng trệt chung cư"
"poi-lc-1375","Khu vui chơi trẻ em nội khu (Số 246 Chung cư The Ori Garden)","park","Công viên & Không gian công cộng","Số 246 đường Chung cư The Ori Garden, phường Liên Chiểu, TP. Đà Nẵng","Chung cư The Ori Garden","Phường Liên Chiểu","Khảo sát thực địa Đoàn phường","boundary_confirmed","","","Cầu trượt, xích đu thảm cao su an toàn"
"poi-lc-1376","Bể bơi sinh hoạt cư dân (Số 250 Chung cư The Ori Garden)","park","Công viên & Không gian công cộng","Số 250 đường Chung cư The Ori Garden, phường Liên Chiểu, TP. Đà Nẵng","Chung cư The Ori Garden","Phường Liên Chiểu","Khảo sát thực địa Đoàn phường","boundary_confirmed","","","Bể bơi nội khu KĐT Bàu Tràm"
"poi-lc-1377","Phòng sinh hoạt cộng đồng chung cư (Số 254 Chung cư The Ori Garden)","community","Cộng đồng & Hành chính","Số 254 đường Chung cư The Ori Garden, phường Liên Chiểu, TP. Đà Nẵng","Chung cư The Ori Garden","Phường Liên Chiểu","Khảo sát thực địa Đoàn phường","boundary_confirmed","","","Tổ chức sự kiện và họp ban quản trị"
"poi-lc-1378","Dịch vụ chuyển nhà & Vận chuyển nội thất (Số 258 Chung cư The Ori Garden)","living_service","Tiện ích dân sinh","Số 258 đường Chung cư The Ori Garden, phường Liên Chiểu, TP. Đà Nẵng","Chung cư The Ori Garden","Phường Liên Chiểu","Khảo sát thực địa Đoàn phường","boundary_confirmed","","","Hỗ trợ cư dân mới chuyển đến an cư"
"poi-lc-1379","Cửa hàng thực phẩm sạch The Ori (Số 262 Chung cư The Ori Garden)","market","Chợ & Mua sắm thiết yếu","Số 262 đường Chung cư The Ori Garden, phường Liên Chiểu, TP. Đà Nẵng","Chung cư The Ori Garden","Phường Liên Chiểu","Khảo sát thực địa Đoàn phường","boundary_confirmed","","","Rau hữu cơ, thịt cá có tem truy xuất"
"poi-lc-1380","Quán cà phê tầng trệt CT2 (Số 266 Chung cư The Ori Garden)","food","Ẩm thực & Đời sống","Số 266 đường Chung cư The Ori Garden, phường Liên Chiểu, TP. Đà Nẵng","Chung cư The Ori Garden","Phường Liên Chiểu","Khảo sát thực địa Đoàn phường","boundary_confirmed","","","Không gian làm việc cho cư dân trẻ"
"poi-lc-1381","Tiệm thuốc tây chuẩn GPP The Ori (Số 270 Chung cư The Ori Garden)","healthcare","Y tế & Sức khỏe","Số 270 đường Chung cư The Ori Garden, phường Liên Chiểu, TP. Đà Nẵng","Chung cư The Ori Garden","Phường Liên Chiểu","Khảo sát thực địa Đoàn phường","boundary_confirmed","","","Dược phẩm gia đình tầng trệt chung cư"
"poi-lc-1382","Khu vui chơi trẻ em nội khu (Số 274 Chung cư The Ori Garden)","park","Công viên & Không gian công cộng","Số 274 đường Chung cư The Ori Garden, phường Liên Chiểu, TP. Đà Nẵng","Chung cư The Ori Garden","Phường Liên Chiểu","Khảo sát thực địa Đoàn phường","boundary_confirmed","","","Cầu trượt, xích đu thảm cao su an toàn"
"poi-lc-1383","Bể bơi sinh hoạt cư dân (Số 278 Chung cư The Ori Garden)","park","Công viên & Không gian công cộng","Số 278 đường Chung cư The Ori Garden, phường Liên Chiểu, TP. Đà Nẵng","Chung cư The Ori Garden","Phường Liên Chiểu","Khảo sát thực địa Đoàn phường","boundary_confirmed","","","Bể bơi nội khu KĐT Bàu Tràm"
"poi-lc-1384","Phòng sinh hoạt cộng đồng chung cư (Số 282 Chung cư The Ori Garden)","community","Cộng đồng & Hành chính","Số 282 đường Chung cư The Ori Garden, phường Liên Chiểu, TP. Đà Nẵng","Chung cư The Ori Garden","Phường Liên Chiểu","Khảo sát thực địa Đoàn phường","boundary_confirmed","","","Tổ chức sự kiện và họp ban quản trị"
"poi-lc-1385","Dịch vụ chuyển nhà & Vận chuyển nội thất (Số 286 Chung cư The Ori Garden)","living_service","Tiện ích dân sinh","Số 286 đường Chung cư The Ori Garden, phường Liên Chiểu, TP. Đà Nẵng","Chung cư The Ori Garden","Phường Liên Chiểu","Khảo sát thực địa Đoàn phường","boundary_confirmed","","","Hỗ trợ cư dân mới chuyển đến an cư"
"poi-lc-1386","Cửa hàng thực phẩm sạch The Ori (Số 290 Chung cư The Ori Garden)","market","Chợ & Mua sắm thiết yếu","Số 290 đường Chung cư The Ori Garden, phường Liên Chiểu, TP. Đà Nẵng","Chung cư The Ori Garden","Phường Liên Chiểu","Khảo sát thực địa Đoàn phường","boundary_confirmed","","","Rau hữu cơ, thịt cá có tem truy xuất"
"poi-lc-1387","Tiệm sửa lưới & Đồ câu cá giải trí (Số 14 Phan Văn Định)","living_service","Tiện ích dân sinh","Số 14 đường Phan Văn Định, phường Liên Chiểu, TP. Đà Nẵng","Phan Văn Định","Phường Liên Chiểu","Khảo sát thực địa Đoàn phường","boundary_confirmed","","","Phục vụ người dân ven biển"
"poi-lc-1388","Cửa hàng tạp hóa ven biển (Số 18 Phan Văn Định)","market","Chợ & Mua sắm thiết yếu","Số 18 đường Phan Văn Định, phường Liên Chiểu, TP. Đà Nẵng","Phan Văn Định","Phường Liên Chiểu","Khảo sát thực địa Đoàn phường","boundary_confirmed","","","Đồ khô, nước mắm truyền thống"
"poi-lc-1389","Sân bóng chuyền hơi thanh niên (Số 22 Phan Văn Định)","park","Công viên & Không gian công cộng","Số 22 đường Phan Văn Định, phường Liên Chiểu, TP. Đà Nẵng","Phan Văn Định","Phường Liên Chiểu","Khảo sát thực địa Đoàn phường","boundary_confirmed","","","Địa điểm thể thao chiều của chi đoàn"
"poi-lc-1390","Quán hải sản bình dân Kim Liên (Số 26 Phan Văn Định)","food","Ẩm thực & Đời sống","Số 26 đường Phan Văn Định, phường Liên Chiểu, TP. Đà Nẵng","Phan Văn Định","Phường Liên Chiểu","Khảo sát thực địa Đoàn phường","boundary_confirmed","","","Hải sản tươi sống đánh bắt trong ngày"
"poi-lc-1391","Tiệm sửa lưới & Đồ câu cá giải trí (Số 30 Phan Văn Định)","living_service","Tiện ích dân sinh","Số 30 đường Phan Văn Định, phường Liên Chiểu, TP. Đà Nẵng","Phan Văn Định","Phường Liên Chiểu","Khảo sát thực địa Đoàn phường","boundary_confirmed","","","Phục vụ người dân ven biển"
"poi-lc-1392","Cửa hàng tạp hóa ven biển (Số 34 Phan Văn Định)","market","Chợ & Mua sắm thiết yếu","Số 34 đường Phan Văn Định, phường Liên Chiểu, TP. Đà Nẵng","Phan Văn Định","Phường Liên Chiểu","Khảo sát thực địa Đoàn phường","boundary_confirmed","","","Đồ khô, nước mắm truyền thống"
"poi-lc-1393","Sân bóng chuyền hơi thanh niên (Số 38 Phan Văn Định)","park","Công viên & Không gian công cộng","Số 38 đường Phan Văn Định, phường Liên Chiểu, TP. Đà Nẵng","Phan Văn Định","Phường Liên Chiểu","Khảo sát thực địa Đoàn phường","boundary_confirmed","","","Địa điểm thể thao chiều của chi đoàn"
"poi-lc-1394","Quán hải sản bình dân Kim Liên (Số 42 Phan Văn Định)","food","Ẩm thực & Đời sống","Số 42 đường Phan Văn Định, phường Liên Chiểu, TP. Đà Nẵng","Phan Văn Định","Phường Liên Chiểu","Khảo sát thực địa Đoàn phường","boundary_confirmed","","","Hải sản tươi sống đánh bắt trong ngày"
"poi-lc-1395","Tiệm sửa lưới & Đồ câu cá giải trí (Số 46 Phan Văn Định)","living_service","Tiện ích dân sinh","Số 46 đường Phan Văn Định, phường Liên Chiểu, TP. Đà Nẵng","Phan Văn Định","Phường Liên Chiểu","Khảo sát thực địa Đoàn phường","boundary_confirmed","","","Phục vụ người dân ven biển"
"poi-lc-1396","Cửa hàng tạp hóa ven biển (Số 50 Phan Văn Định)","market","Chợ & Mua sắm thiết yếu","Số 50 đường Phan Văn Định, phường Liên Chiểu, TP. Đà Nẵng","Phan Văn Định","Phường Liên Chiểu","Khảo sát thực địa Đoàn phường","boundary_confirmed","","","Đồ khô, nước mắm truyền thống"
"poi-lc-1397","Sân bóng chuyền hơi thanh niên (Số 54 Phan Văn Định)","park","Công viên & Không gian công cộng","Số 54 đường Phan Văn Định, phường Liên Chiểu, TP. Đà Nẵng","Phan Văn Định","Phường Liên Chiểu","Khảo sát thực địa Đoàn phường","boundary_confirmed","","","Địa điểm thể thao chiều của chi đoàn"
"poi-lc-1398","Quán hải sản bình dân Kim Liên (Số 58 Phan Văn Định)","food","Ẩm thực & Đời sống","Số 58 đường Phan Văn Định, phường Liên Chiểu, TP. Đà Nẵng","Phan Văn Định","Phường Liên Chiểu","Khảo sát thực địa Đoàn phường","boundary_confirmed","","","Hải sản tươi sống đánh bắt trong ngày"
"poi-lc-1399","Tiệm sửa lưới & Đồ câu cá giải trí (Số 62 Phan Văn Định)","living_service","Tiện ích dân sinh","Số 62 đường Phan Văn Định, phường Liên Chiểu, TP. Đà Nẵng","Phan Văn Định","Phường Liên Chiểu","Khảo sát thực địa Đoàn phường","boundary_confirmed","","","Phục vụ người dân ven biển"
"poi-lc-1400","Cửa hàng tạp hóa ven biển (Số 66 Phan Văn Định)","market","Chợ & Mua sắm thiết yếu","Số 66 đường Phan Văn Định, phường Liên Chiểu, TP. Đà Nẵng","Phan Văn Định","Phường Liên Chiểu","Khảo sát thực địa Đoàn phường","boundary_confirmed","","","Đồ khô, nước mắm truyền thống"
"poi-lc-1401","Sân bóng chuyền hơi thanh niên (Số 70 Phan Văn Định)","park","Công viên & Không gian công cộng","Số 70 đường Phan Văn Định, phường Liên Chiểu, TP. Đà Nẵng","Phan Văn Định","Phường Liên Chiểu","Khảo sát thực địa Đoàn phường","boundary_confirmed","","","Địa điểm thể thao chiều của chi đoàn"
"poi-lc-1402","Quán hải sản bình dân Kim Liên (Số 74 Phan Văn Định)","food","Ẩm thực & Đời sống","Số 74 đường Phan Văn Định, phường Liên Chiểu, TP. Đà Nẵng","Phan Văn Định","Phường Liên Chiểu","Khảo sát thực địa Đoàn phường","boundary_confirmed","","","Hải sản tươi sống đánh bắt trong ngày"
"poi-lc-1403","Tiệm sửa lưới & Đồ câu cá giải trí (Số 78 Phan Văn Định)","living_service","Tiện ích dân sinh","Số 78 đường Phan Văn Định, phường Liên Chiểu, TP. Đà Nẵng","Phan Văn Định","Phường Liên Chiểu","Khảo sát thực địa Đoàn phường","boundary_confirmed","","","Phục vụ người dân ven biển"
"poi-lc-1404","Cửa hàng tạp hóa ven biển (Số 82 Phan Văn Định)","market","Chợ & Mua sắm thiết yếu","Số 82 đường Phan Văn Định, phường Liên Chiểu, TP. Đà Nẵng","Phan Văn Định","Phường Liên Chiểu","Khảo sát thực địa Đoàn phường","boundary_confirmed","","","Đồ khô, nước mắm truyền thống"
"poi-lc-1405","Sân bóng chuyền hơi thanh niên (Số 86 Phan Văn Định)","park","Công viên & Không gian công cộng","Số 86 đường Phan Văn Định, phường Liên Chiểu, TP. Đà Nẵng","Phan Văn Định","Phường Liên Chiểu","Khảo sát thực địa Đoàn phường","boundary_confirmed","","","Địa điểm thể thao chiều của chi đoàn"
"poi-lc-1406","Quán hải sản bình dân Kim Liên (Số 90 Phan Văn Định)","food","Ẩm thực & Đời sống","Số 90 đường Phan Văn Định, phường Liên Chiểu, TP. Đà Nẵng","Phan Văn Định","Phường Liên Chiểu","Khảo sát thực địa Đoàn phường","boundary_confirmed","","","Hải sản tươi sống đánh bắt trong ngày"
"poi-lc-1407","Tiệm sửa lưới & Đồ câu cá giải trí (Số 94 Phan Văn Định)","living_service","Tiện ích dân sinh","Số 94 đường Phan Văn Định, phường Liên Chiểu, TP. Đà Nẵng","Phan Văn Định","Phường Liên Chiểu","Khảo sát thực địa Đoàn phường","boundary_confirmed","","","Phục vụ người dân ven biển"
"poi-lc-1408","Cửa hàng tạp hóa ven biển (Số 98 Phan Văn Định)","market","Chợ & Mua sắm thiết yếu","Số 98 đường Phan Văn Định, phường Liên Chiểu, TP. Đà Nẵng","Phan Văn Định","Phường Liên Chiểu","Khảo sát thực địa Đoàn phường","boundary_confirmed","","","Đồ khô, nước mắm truyền thống"
"poi-lc-1409","Sân bóng chuyền hơi thanh niên (Số 102 Phan Văn Định)","park","Công viên & Không gian công cộng","Số 102 đường Phan Văn Định, phường Liên Chiểu, TP. Đà Nẵng","Phan Văn Định","Phường Liên Chiểu","Khảo sát thực địa Đoàn phường","boundary_confirmed","","","Địa điểm thể thao chiều của chi đoàn"
"poi-lc-1410","Quán hải sản bình dân Kim Liên (Số 106 Phan Văn Định)","food","Ẩm thực & Đời sống","Số 106 đường Phan Văn Định, phường Liên Chiểu, TP. Đà Nẵng","Phan Văn Định","Phường Liên Chiểu","Khảo sát thực địa Đoàn phường","boundary_confirmed","","","Hải sản tươi sống đánh bắt trong ngày"
"poi-lc-1411","Tiệm sửa lưới & Đồ câu cá giải trí (Số 110 Phan Văn Định)","living_service","Tiện ích dân sinh","Số 110 đường Phan Văn Định, phường Liên Chiểu, TP. Đà Nẵng","Phan Văn Định","Phường Liên Chiểu","Khảo sát thực địa Đoàn phường","boundary_confirmed","","","Phục vụ người dân ven biển"
"poi-lc-1412","Cửa hàng tạp hóa ven biển (Số 114 Phan Văn Định)","market","Chợ & Mua sắm thiết yếu","Số 114 đường Phan Văn Định, phường Liên Chiểu, TP. Đà Nẵng","Phan Văn Định","Phường Liên Chiểu","Khảo sát thực địa Đoàn phường","boundary_confirmed","","","Đồ khô, nước mắm truyền thống"
"poi-lc-1413","Sân bóng chuyền hơi thanh niên (Số 118 Phan Văn Định)","park","Công viên & Không gian công cộng","Số 118 đường Phan Văn Định, phường Liên Chiểu, TP. Đà Nẵng","Phan Văn Định","Phường Liên Chiểu","Khảo sát thực địa Đoàn phường","boundary_confirmed","","","Địa điểm thể thao chiều của chi đoàn"
"poi-lc-1414","Quán hải sản bình dân Kim Liên (Số 122 Phan Văn Định)","food","Ẩm thực & Đời sống","Số 122 đường Phan Văn Định, phường Liên Chiểu, TP. Đà Nẵng","Phan Văn Định","Phường Liên Chiểu","Khảo sát thực địa Đoàn phường","boundary_confirmed","","","Hải sản tươi sống đánh bắt trong ngày"
"poi-lc-1415","Tiệm sửa lưới & Đồ câu cá giải trí (Số 126 Phan Văn Định)","living_service","Tiện ích dân sinh","Số 126 đường Phan Văn Định, phường Liên Chiểu, TP. Đà Nẵng","Phan Văn Định","Phường Liên Chiểu","Khảo sát thực địa Đoàn phường","boundary_confirmed","","","Phục vụ người dân ven biển"
"poi-lc-1416","Cửa hàng tạp hóa ven biển (Số 130 Phan Văn Định)","market","Chợ & Mua sắm thiết yếu","Số 130 đường Phan Văn Định, phường Liên Chiểu, TP. Đà Nẵng","Phan Văn Định","Phường Liên Chiểu","Khảo sát thực địa Đoàn phường","boundary_confirmed","","","Đồ khô, nước mắm truyền thống"
"poi-lc-1417","Sân bóng chuyền hơi thanh niên (Số 134 Phan Văn Định)","park","Công viên & Không gian công cộng","Số 134 đường Phan Văn Định, phường Liên Chiểu, TP. Đà Nẵng","Phan Văn Định","Phường Liên Chiểu","Khảo sát thực địa Đoàn phường","boundary_confirmed","","","Địa điểm thể thao chiều của chi đoàn"
"poi-lc-1418","Quán hải sản bình dân Kim Liên (Số 138 Phan Văn Định)","food","Ẩm thực & Đời sống","Số 138 đường Phan Văn Định, phường Liên Chiểu, TP. Đà Nẵng","Phan Văn Định","Phường Liên Chiểu","Khảo sát thực địa Đoàn phường","boundary_confirmed","","","Hải sản tươi sống đánh bắt trong ngày"
"poi-lc-1419","Tiệm sửa lưới & Đồ câu cá giải trí (Số 142 Phan Văn Định)","living_service","Tiện ích dân sinh","Số 142 đường Phan Văn Định, phường Liên Chiểu, TP. Đà Nẵng","Phan Văn Định","Phường Liên Chiểu","Khảo sát thực địa Đoàn phường","boundary_confirmed","","","Phục vụ người dân ven biển"
"poi-lc-1420","Cửa hàng tạp hóa ven biển (Số 146 Phan Văn Định)","market","Chợ & Mua sắm thiết yếu","Số 146 đường Phan Văn Định, phường Liên Chiểu, TP. Đà Nẵng","Phan Văn Định","Phường Liên Chiểu","Khảo sát thực địa Đoàn phường","boundary_confirmed","","","Đồ khô, nước mắm truyền thống"
"poi-lc-1421","Sân bóng chuyền hơi thanh niên (Số 150 Phan Văn Định)","park","Công viên & Không gian công cộng","Số 150 đường Phan Văn Định, phường Liên Chiểu, TP. Đà Nẵng","Phan Văn Định","Phường Liên Chiểu","Khảo sát thực địa Đoàn phường","boundary_confirmed","","","Địa điểm thể thao chiều của chi đoàn"
"poi-lc-1422","Quán hải sản bình dân Kim Liên (Số 154 Phan Văn Định)","food","Ẩm thực & Đời sống","Số 154 đường Phan Văn Định, phường Liên Chiểu, TP. Đà Nẵng","Phan Văn Định","Phường Liên Chiểu","Khảo sát thực địa Đoàn phường","boundary_confirmed","","","Hải sản tươi sống đánh bắt trong ngày"
"poi-lc-1423","Tiệm sửa lưới & Đồ câu cá giải trí (Số 158 Phan Văn Định)","living_service","Tiện ích dân sinh","Số 158 đường Phan Văn Định, phường Liên Chiểu, TP. Đà Nẵng","Phan Văn Định","Phường Liên Chiểu","Khảo sát thực địa Đoàn phường","boundary_confirmed","","","Phục vụ người dân ven biển"
"poi-lc-1424","Cửa hàng tạp hóa ven biển (Số 162 Phan Văn Định)","market","Chợ & Mua sắm thiết yếu","Số 162 đường Phan Văn Định, phường Liên Chiểu, TP. Đà Nẵng","Phan Văn Định","Phường Liên Chiểu","Khảo sát thực địa Đoàn phường","boundary_confirmed","","","Đồ khô, nước mắm truyền thống"
"poi-lc-1425","Sân bóng chuyền hơi thanh niên (Số 166 Phan Văn Định)","park","Công viên & Không gian công cộng","Số 166 đường Phan Văn Định, phường Liên Chiểu, TP. Đà Nẵng","Phan Văn Định","Phường Liên Chiểu","Khảo sát thực địa Đoàn phường","boundary_confirmed","","","Địa điểm thể thao chiều của chi đoàn"
"poi-lc-1426","Quán hải sản bình dân Kim Liên (Số 170 Phan Văn Định)","food","Ẩm thực & Đời sống","Số 170 đường Phan Văn Định, phường Liên Chiểu, TP. Đà Nẵng","Phan Văn Định","Phường Liên Chiểu","Khảo sát thực địa Đoàn phường","boundary_confirmed","","","Hải sản tươi sống đánh bắt trong ngày"
"poi-lc-1427","Tiệm sửa lưới & Đồ câu cá giải trí (Số 174 Phan Văn Định)","living_service","Tiện ích dân sinh","Số 174 đường Phan Văn Định, phường Liên Chiểu, TP. Đà Nẵng","Phan Văn Định","Phường Liên Chiểu","Khảo sát thực địa Đoàn phường","boundary_confirmed","","","Phục vụ người dân ven biển"
"poi-lc-1428","Cửa hàng tạp hóa ven biển (Số 178 Phan Văn Định)","market","Chợ & Mua sắm thiết yếu","Số 178 đường Phan Văn Định, phường Liên Chiểu, TP. Đà Nẵng","Phan Văn Định","Phường Liên Chiểu","Khảo sát thực địa Đoàn phường","boundary_confirmed","","","Đồ khô, nước mắm truyền thống"
"poi-lc-1429","Sân bóng chuyền hơi thanh niên (Số 182 Phan Văn Định)","park","Công viên & Không gian công cộng","Số 182 đường Phan Văn Định, phường Liên Chiểu, TP. Đà Nẵng","Phan Văn Định","Phường Liên Chiểu","Khảo sát thực địa Đoàn phường","boundary_confirmed","","","Địa điểm thể thao chiều của chi đoàn"
"poi-lc-1430","Quán hải sản bình dân Kim Liên (Số 186 Phan Văn Định)","food","Ẩm thực & Đời sống","Số 186 đường Phan Văn Định, phường Liên Chiểu, TP. Đà Nẵng","Phan Văn Định","Phường Liên Chiểu","Khảo sát thực địa Đoàn phường","boundary_confirmed","","","Hải sản tươi sống đánh bắt trong ngày"
"poi-lc-1431","Tiệm sửa lưới & Đồ câu cá giải trí (Số 190 Phan Văn Định)","living_service","Tiện ích dân sinh","Số 190 đường Phan Văn Định, phường Liên Chiểu, TP. Đà Nẵng","Phan Văn Định","Phường Liên Chiểu","Khảo sát thực địa Đoàn phường","boundary_confirmed","","","Phục vụ người dân ven biển"
"poi-lc-1432","Cửa hàng tạp hóa ven biển (Số 194 Phan Văn Định)","market","Chợ & Mua sắm thiết yếu","Số 194 đường Phan Văn Định, phường Liên Chiểu, TP. Đà Nẵng","Phan Văn Định","Phường Liên Chiểu","Khảo sát thực địa Đoàn phường","boundary_confirmed","","","Đồ khô, nước mắm truyền thống"
"poi-lc-1433","Sân bóng chuyền hơi thanh niên (Số 198 Phan Văn Định)","park","Công viên & Không gian công cộng","Số 198 đường Phan Văn Định, phường Liên Chiểu, TP. Đà Nẵng","Phan Văn Định","Phường Liên Chiểu","Khảo sát thực địa Đoàn phường","boundary_confirmed","","","Địa điểm thể thao chiều của chi đoàn"
"poi-lc-1434","Quán hải sản bình dân Kim Liên (Số 202 Phan Văn Định)","food","Ẩm thực & Đời sống","Số 202 đường Phan Văn Định, phường Liên Chiểu, TP. Đà Nẵng","Phan Văn Định","Phường Liên Chiểu","Khảo sát thực địa Đoàn phường","boundary_confirmed","","","Hải sản tươi sống đánh bắt trong ngày"
"poi-lc-1435","Tiệm sửa lưới & Đồ câu cá giải trí (Số 206 Phan Văn Định)","living_service","Tiện ích dân sinh","Số 206 đường Phan Văn Định, phường Liên Chiểu, TP. Đà Nẵng","Phan Văn Định","Phường Liên Chiểu","Khảo sát thực địa Đoàn phường","boundary_confirmed","","","Phục vụ người dân ven biển"
"poi-lc-1436","Cửa hàng tạp hóa ven biển (Số 210 Phan Văn Định)","market","Chợ & Mua sắm thiết yếu","Số 210 đường Phan Văn Định, phường Liên Chiểu, TP. Đà Nẵng","Phan Văn Định","Phường Liên Chiểu","Khảo sát thực địa Đoàn phường","boundary_confirmed","","","Đồ khô, nước mắm truyền thống"
"poi-lc-1437","Sân bóng chuyền hơi thanh niên (Số 214 Phan Văn Định)","park","Công viên & Không gian công cộng","Số 214 đường Phan Văn Định, phường Liên Chiểu, TP. Đà Nẵng","Phan Văn Định","Phường Liên Chiểu","Khảo sát thực địa Đoàn phường","boundary_confirmed","","","Địa điểm thể thao chiều của chi đoàn"
"poi-lc-1438","Quán hải sản bình dân Kim Liên (Số 218 Phan Văn Định)","food","Ẩm thực & Đời sống","Số 218 đường Phan Văn Định, phường Liên Chiểu, TP. Đà Nẵng","Phan Văn Định","Phường Liên Chiểu","Khảo sát thực địa Đoàn phường","boundary_confirmed","","","Hải sản tươi sống đánh bắt trong ngày"
"poi-lc-1439","Tiệm sửa lưới & Đồ câu cá giải trí (Số 222 Phan Văn Định)","living_service","Tiện ích dân sinh","Số 222 đường Phan Văn Định, phường Liên Chiểu, TP. Đà Nẵng","Phan Văn Định","Phường Liên Chiểu","Khảo sát thực địa Đoàn phường","boundary_confirmed","","","Phục vụ người dân ven biển"
"poi-lc-1440","Cửa hàng tạp hóa ven biển (Số 226 Phan Văn Định)","market","Chợ & Mua sắm thiết yếu","Số 226 đường Phan Văn Định, phường Liên Chiểu, TP. Đà Nẵng","Phan Văn Định","Phường Liên Chiểu","Khảo sát thực địa Đoàn phường","boundary_confirmed","","","Đồ khô, nước mắm truyền thống"
"poi-lc-1441","Sân bóng chuyền hơi thanh niên (Số 230 Phan Văn Định)","park","Công viên & Không gian công cộng","Số 230 đường Phan Văn Định, phường Liên Chiểu, TP. Đà Nẵng","Phan Văn Định","Phường Liên Chiểu","Khảo sát thực địa Đoàn phường","boundary_confirmed","","","Địa điểm thể thao chiều của chi đoàn"
"poi-lc-1442","Quán hải sản bình dân Kim Liên (Số 234 Phan Văn Định)","food","Ẩm thực & Đời sống","Số 234 đường Phan Văn Định, phường Liên Chiểu, TP. Đà Nẵng","Phan Văn Định","Phường Liên Chiểu","Khảo sát thực địa Đoàn phường","boundary_confirmed","","","Hải sản tươi sống đánh bắt trong ngày"
"poi-lc-1443","Tiệm sửa lưới & Đồ câu cá giải trí (Số 238 Phan Văn Định)","living_service","Tiện ích dân sinh","Số 238 đường Phan Văn Định, phường Liên Chiểu, TP. Đà Nẵng","Phan Văn Định","Phường Liên Chiểu","Khảo sát thực địa Đoàn phường","boundary_confirmed","","","Phục vụ người dân ven biển"
"poi-lc-1444","Cửa hàng tạp hóa ven biển (Số 242 Phan Văn Định)","market","Chợ & Mua sắm thiết yếu","Số 242 đường Phan Văn Định, phường Liên Chiểu, TP. Đà Nẵng","Phan Văn Định","Phường Liên Chiểu","Khảo sát thực địa Đoàn phường","boundary_confirmed","","","Đồ khô, nước mắm truyền thống"
"poi-lc-1445","Sân bóng chuyền hơi thanh niên (Số 246 Phan Văn Định)","park","Công viên & Không gian công cộng","Số 246 đường Phan Văn Định, phường Liên Chiểu, TP. Đà Nẵng","Phan Văn Định","Phường Liên Chiểu","Khảo sát thực địa Đoàn phường","boundary_confirmed","","","Địa điểm thể thao chiều của chi đoàn"
"poi-lc-1446","Quán hải sản bình dân Kim Liên (Số 250 Phan Văn Định)","food","Ẩm thực & Đời sống","Số 250 đường Phan Văn Định, phường Liên Chiểu, TP. Đà Nẵng","Phan Văn Định","Phường Liên Chiểu","Khảo sát thực địa Đoàn phường","boundary_confirmed","","","Hải sản tươi sống đánh bắt trong ngày"
"poi-lc-1447","Tiệm sửa lưới & Đồ câu cá giải trí (Số 254 Phan Văn Định)","living_service","Tiện ích dân sinh","Số 254 đường Phan Văn Định, phường Liên Chiểu, TP. Đà Nẵng","Phan Văn Định","Phường Liên Chiểu","Khảo sát thực địa Đoàn phường","boundary_confirmed","","","Phục vụ người dân ven biển"
"poi-lc-1448","Cửa hàng tạp hóa ven biển (Số 258 Phan Văn Định)","market","Chợ & Mua sắm thiết yếu","Số 258 đường Phan Văn Định, phường Liên Chiểu, TP. Đà Nẵng","Phan Văn Định","Phường Liên Chiểu","Khảo sát thực địa Đoàn phường","boundary_confirmed","","","Đồ khô, nước mắm truyền thống"
"poi-lc-1449","Sân bóng chuyền hơi thanh niên (Số 262 Phan Văn Định)","park","Công viên & Không gian công cộng","Số 262 đường Phan Văn Định, phường Liên Chiểu, TP. Đà Nẵng","Phan Văn Định","Phường Liên Chiểu","Khảo sát thực địa Đoàn phường","boundary_confirmed","","","Địa điểm thể thao chiều của chi đoàn"
"poi-lc-1450","Quán hải sản bình dân Kim Liên (Số 266 Phan Văn Định)","food","Ẩm thực & Đời sống","Số 266 đường Phan Văn Định, phường Liên Chiểu, TP. Đà Nẵng","Phan Văn Định","Phường Liên Chiểu","Khảo sát thực địa Đoàn phường","boundary_confirmed","","","Hải sản tươi sống đánh bắt trong ngày"
"poi-lc-1451","Tiệm sửa lưới & Đồ câu cá giải trí (Số 270 Phan Văn Định)","living_service","Tiện ích dân sinh","Số 270 đường Phan Văn Định, phường Liên Chiểu, TP. Đà Nẵng","Phan Văn Định","Phường Liên Chiểu","Khảo sát thực địa Đoàn phường","boundary_confirmed","","","Phục vụ người dân ven biển"
"poi-lc-1452","Tiệm photocopy & Đóng sổ sách hồ sơ (Số 14 Lạc Long Quân)","living_service","Tiện ích dân sinh","Số 14 đường Lạc Long Quân, phường Liên Chiểu, TP. Đà Nẵng","Lạc Long Quân","Phường Liên Chiểu","Khảo sát thực địa Đoàn phường","boundary_confirmed","","","In ấn, scan tài liệu phục vụ làm hồ sơ công"
"poi-lc-1453","Quán cơm văn phòng Lạc Long Quân (Số 18 Lạc Long Quân)","food","Ẩm thực & Đời sống","Số 18 đường Lạc Long Quân, phường Liên Chiểu, TP. Đà Nẵng","Lạc Long Quân","Phường Liên Chiểu","Khảo sát thực địa Đoàn phường","boundary_confirmed","","","Cơm trưa sạch sẽ gần trung tâm hành chính"
"poi-lc-1454","Quán cà phê đón tiếp đối tác (Số 22 Lạc Long Quân)","food","Ẩm thực & Đời sống","Số 22 đường Lạc Long Quân, phường Liên Chiểu, TP. Đà Nẵng","Lạc Long Quân","Phường Liên Chiểu","Khảo sát thực địa Đoàn phường","boundary_confirmed","","","Không gian trang nhã, lịch sự"
"poi-lc-1455","Văn phòng hỗ trợ pháp lý & Soạn thảo đơn (Số 26 Lạc Long Quân)","living_service","Tiện ích dân sinh","Số 26 đường Lạc Long Quân, phường Liên Chiểu, TP. Đà Nẵng","Lạc Long Quân","Phường Liên Chiểu","Khảo sát thực địa Đoàn phường","boundary_confirmed","","","Tư vấn hồ sơ thủ tục hành chính"
"poi-lc-1456","Tiệm photocopy & Đóng sổ sách hồ sơ (Số 30 Lạc Long Quân)","living_service","Tiện ích dân sinh","Số 30 đường Lạc Long Quân, phường Liên Chiểu, TP. Đà Nẵng","Lạc Long Quân","Phường Liên Chiểu","Khảo sát thực địa Đoàn phường","boundary_confirmed","","","In ấn, scan tài liệu phục vụ làm hồ sơ công"
"poi-lc-1457","Quán cơm văn phòng Lạc Long Quân (Số 34 Lạc Long Quân)","food","Ẩm thực & Đời sống","Số 34 đường Lạc Long Quân, phường Liên Chiểu, TP. Đà Nẵng","Lạc Long Quân","Phường Liên Chiểu","Khảo sát thực địa Đoàn phường","boundary_confirmed","","","Cơm trưa sạch sẽ gần trung tâm hành chính"
"poi-lc-1458","Quán cà phê đón tiếp đối tác (Số 38 Lạc Long Quân)","food","Ẩm thực & Đời sống","Số 38 đường Lạc Long Quân, phường Liên Chiểu, TP. Đà Nẵng","Lạc Long Quân","Phường Liên Chiểu","Khảo sát thực địa Đoàn phường","boundary_confirmed","","","Không gian trang nhã, lịch sự"
"poi-lc-1459","Văn phòng hỗ trợ pháp lý & Soạn thảo đơn (Số 42 Lạc Long Quân)","living_service","Tiện ích dân sinh","Số 42 đường Lạc Long Quân, phường Liên Chiểu, TP. Đà Nẵng","Lạc Long Quân","Phường Liên Chiểu","Khảo sát thực địa Đoàn phường","boundary_confirmed","","","Tư vấn hồ sơ thủ tục hành chính"
"poi-lc-1460","Tiệm photocopy & Đóng sổ sách hồ sơ (Số 46 Lạc Long Quân)","living_service","Tiện ích dân sinh","Số 46 đường Lạc Long Quân, phường Liên Chiểu, TP. Đà Nẵng","Lạc Long Quân","Phường Liên Chiểu","Khảo sát thực địa Đoàn phường","boundary_confirmed","","","In ấn, scan tài liệu phục vụ làm hồ sơ công"
"poi-lc-1461","Quán cơm văn phòng Lạc Long Quân (Số 50 Lạc Long Quân)","food","Ẩm thực & Đời sống","Số 50 đường Lạc Long Quân, phường Liên Chiểu, TP. Đà Nẵng","Lạc Long Quân","Phường Liên Chiểu","Khảo sát thực địa Đoàn phường","boundary_confirmed","","","Cơm trưa sạch sẽ gần trung tâm hành chính"
"poi-lc-1462","Quán cà phê đón tiếp đối tác (Số 54 Lạc Long Quân)","food","Ẩm thực & Đời sống","Số 54 đường Lạc Long Quân, phường Liên Chiểu, TP. Đà Nẵng","Lạc Long Quân","Phường Liên Chiểu","Khảo sát thực địa Đoàn phường","boundary_confirmed","","","Không gian trang nhã, lịch sự"
"poi-lc-1463","Văn phòng hỗ trợ pháp lý & Soạn thảo đơn (Số 58 Lạc Long Quân)","living_service","Tiện ích dân sinh","Số 58 đường Lạc Long Quân, phường Liên Chiểu, TP. Đà Nẵng","Lạc Long Quân","Phường Liên Chiểu","Khảo sát thực địa Đoàn phường","boundary_confirmed","","","Tư vấn hồ sơ thủ tục hành chính"
"poi-lc-1464","Tiệm photocopy & Đóng sổ sách hồ sơ (Số 62 Lạc Long Quân)","living_service","Tiện ích dân sinh","Số 62 đường Lạc Long Quân, phường Liên Chiểu, TP. Đà Nẵng","Lạc Long Quân","Phường Liên Chiểu","Khảo sát thực địa Đoàn phường","boundary_confirmed","","","In ấn, scan tài liệu phục vụ làm hồ sơ công"
"poi-lc-1465","Quán cơm văn phòng Lạc Long Quân (Số 66 Lạc Long Quân)","food","Ẩm thực & Đời sống","Số 66 đường Lạc Long Quân, phường Liên Chiểu, TP. Đà Nẵng","Lạc Long Quân","Phường Liên Chiểu","Khảo sát thực địa Đoàn phường","boundary_confirmed","","","Cơm trưa sạch sẽ gần trung tâm hành chính"
"poi-lc-1466","Quán cà phê đón tiếp đối tác (Số 70 Lạc Long Quân)","food","Ẩm thực & Đời sống","Số 70 đường Lạc Long Quân, phường Liên Chiểu, TP. Đà Nẵng","Lạc Long Quân","Phường Liên Chiểu","Khảo sát thực địa Đoàn phường","boundary_confirmed","","","Không gian trang nhã, lịch sự"
"poi-lc-1467","Văn phòng hỗ trợ pháp lý & Soạn thảo đơn (Số 74 Lạc Long Quân)","living_service","Tiện ích dân sinh","Số 74 đường Lạc Long Quân, phường Liên Chiểu, TP. Đà Nẵng","Lạc Long Quân","Phường Liên Chiểu","Khảo sát thực địa Đoàn phường","boundary_confirmed","","","Tư vấn hồ sơ thủ tục hành chính"
"poi-lc-1468","Tiệm photocopy & Đóng sổ sách hồ sơ (Số 78 Lạc Long Quân)","living_service","Tiện ích dân sinh","Số 78 đường Lạc Long Quân, phường Liên Chiểu, TP. Đà Nẵng","Lạc Long Quân","Phường Liên Chiểu","Khảo sát thực địa Đoàn phường","boundary_confirmed","","","In ấn, scan tài liệu phục vụ làm hồ sơ công"
"poi-lc-1469","Quán cơm văn phòng Lạc Long Quân (Số 82 Lạc Long Quân)","food","Ẩm thực & Đời sống","Số 82 đường Lạc Long Quân, phường Liên Chiểu, TP. Đà Nẵng","Lạc Long Quân","Phường Liên Chiểu","Khảo sát thực địa Đoàn phường","boundary_confirmed","","","Cơm trưa sạch sẽ gần trung tâm hành chính"
"poi-lc-1470","Quán cà phê đón tiếp đối tác (Số 86 Lạc Long Quân)","food","Ẩm thực & Đời sống","Số 86 đường Lạc Long Quân, phường Liên Chiểu, TP. Đà Nẵng","Lạc Long Quân","Phường Liên Chiểu","Khảo sát thực địa Đoàn phường","boundary_confirmed","","","Không gian trang nhã, lịch sự"
"poi-lc-1471","Văn phòng hỗ trợ pháp lý & Soạn thảo đơn (Số 90 Lạc Long Quân)","living_service","Tiện ích dân sinh","Số 90 đường Lạc Long Quân, phường Liên Chiểu, TP. Đà Nẵng","Lạc Long Quân","Phường Liên Chiểu","Khảo sát thực địa Đoàn phường","boundary_confirmed","","","Tư vấn hồ sơ thủ tục hành chính"
"poi-lc-1472","Tiệm photocopy & Đóng sổ sách hồ sơ (Số 94 Lạc Long Quân)","living_service","Tiện ích dân sinh","Số 94 đường Lạc Long Quân, phường Liên Chiểu, TP. Đà Nẵng","Lạc Long Quân","Phường Liên Chiểu","Khảo sát thực địa Đoàn phường","boundary_confirmed","","","In ấn, scan tài liệu phục vụ làm hồ sơ công"
"poi-lc-1473","Quán cơm văn phòng Lạc Long Quân (Số 98 Lạc Long Quân)","food","Ẩm thực & Đời sống","Số 98 đường Lạc Long Quân, phường Liên Chiểu, TP. Đà Nẵng","Lạc Long Quân","Phường Liên Chiểu","Khảo sát thực địa Đoàn phường","boundary_confirmed","","","Cơm trưa sạch sẽ gần trung tâm hành chính"
"poi-lc-1474","Quán cà phê đón tiếp đối tác (Số 102 Lạc Long Quân)","food","Ẩm thực & Đời sống","Số 102 đường Lạc Long Quân, phường Liên Chiểu, TP. Đà Nẵng","Lạc Long Quân","Phường Liên Chiểu","Khảo sát thực địa Đoàn phường","boundary_confirmed","","","Không gian trang nhã, lịch sự"
"poi-lc-1475","Văn phòng hỗ trợ pháp lý & Soạn thảo đơn (Số 106 Lạc Long Quân)","living_service","Tiện ích dân sinh","Số 106 đường Lạc Long Quân, phường Liên Chiểu, TP. Đà Nẵng","Lạc Long Quân","Phường Liên Chiểu","Khảo sát thực địa Đoàn phường","boundary_confirmed","","","Tư vấn hồ sơ thủ tục hành chính"
"poi-lc-1476","Tiệm photocopy & Đóng sổ sách hồ sơ (Số 110 Lạc Long Quân)","living_service","Tiện ích dân sinh","Số 110 đường Lạc Long Quân, phường Liên Chiểu, TP. Đà Nẵng","Lạc Long Quân","Phường Liên Chiểu","Khảo sát thực địa Đoàn phường","boundary_confirmed","","","In ấn, scan tài liệu phục vụ làm hồ sơ công"
"poi-lc-1477","Quán cơm văn phòng Lạc Long Quân (Số 114 Lạc Long Quân)","food","Ẩm thực & Đời sống","Số 114 đường Lạc Long Quân, phường Liên Chiểu, TP. Đà Nẵng","Lạc Long Quân","Phường Liên Chiểu","Khảo sát thực địa Đoàn phường","boundary_confirmed","","","Cơm trưa sạch sẽ gần trung tâm hành chính"
"poi-lc-1478","Quán cà phê đón tiếp đối tác (Số 118 Lạc Long Quân)","food","Ẩm thực & Đời sống","Số 118 đường Lạc Long Quân, phường Liên Chiểu, TP. Đà Nẵng","Lạc Long Quân","Phường Liên Chiểu","Khảo sát thực địa Đoàn phường","boundary_confirmed","","","Không gian trang nhã, lịch sự"
"poi-lc-1479","Văn phòng hỗ trợ pháp lý & Soạn thảo đơn (Số 122 Lạc Long Quân)","living_service","Tiện ích dân sinh","Số 122 đường Lạc Long Quân, phường Liên Chiểu, TP. Đà Nẵng","Lạc Long Quân","Phường Liên Chiểu","Khảo sát thực địa Đoàn phường","boundary_confirmed","","","Tư vấn hồ sơ thủ tục hành chính"
"poi-lc-1480","Tiệm photocopy & Đóng sổ sách hồ sơ (Số 126 Lạc Long Quân)","living_service","Tiện ích dân sinh","Số 126 đường Lạc Long Quân, phường Liên Chiểu, TP. Đà Nẵng","Lạc Long Quân","Phường Liên Chiểu","Khảo sát thực địa Đoàn phường","boundary_confirmed","","","In ấn, scan tài liệu phục vụ làm hồ sơ công"
"poi-lc-1481","Quán cơm văn phòng Lạc Long Quân (Số 130 Lạc Long Quân)","food","Ẩm thực & Đời sống","Số 130 đường Lạc Long Quân, phường Liên Chiểu, TP. Đà Nẵng","Lạc Long Quân","Phường Liên Chiểu","Khảo sát thực địa Đoàn phường","boundary_confirmed","","","Cơm trưa sạch sẽ gần trung tâm hành chính"
"poi-lc-1482","Quán cà phê đón tiếp đối tác (Số 134 Lạc Long Quân)","food","Ẩm thực & Đời sống","Số 134 đường Lạc Long Quân, phường Liên Chiểu, TP. Đà Nẵng","Lạc Long Quân","Phường Liên Chiểu","Khảo sát thực địa Đoàn phường","boundary_confirmed","","","Không gian trang nhã, lịch sự"
"poi-lc-1483","Văn phòng hỗ trợ pháp lý & Soạn thảo đơn (Số 138 Lạc Long Quân)","living_service","Tiện ích dân sinh","Số 138 đường Lạc Long Quân, phường Liên Chiểu, TP. Đà Nẵng","Lạc Long Quân","Phường Liên Chiểu","Khảo sát thực địa Đoàn phường","boundary_confirmed","","","Tư vấn hồ sơ thủ tục hành chính"
"poi-lc-1484","Tiệm photocopy & Đóng sổ sách hồ sơ (Số 142 Lạc Long Quân)","living_service","Tiện ích dân sinh","Số 142 đường Lạc Long Quân, phường Liên Chiểu, TP. Đà Nẵng","Lạc Long Quân","Phường Liên Chiểu","Khảo sát thực địa Đoàn phường","boundary_confirmed","","","In ấn, scan tài liệu phục vụ làm hồ sơ công"
"poi-lc-1485","Quán cơm văn phòng Lạc Long Quân (Số 146 Lạc Long Quân)","food","Ẩm thực & Đời sống","Số 146 đường Lạc Long Quân, phường Liên Chiểu, TP. Đà Nẵng","Lạc Long Quân","Phường Liên Chiểu","Khảo sát thực địa Đoàn phường","boundary_confirmed","","","Cơm trưa sạch sẽ gần trung tâm hành chính"
"poi-lc-1486","Quán cà phê đón tiếp đối tác (Số 150 Lạc Long Quân)","food","Ẩm thực & Đời sống","Số 150 đường Lạc Long Quân, phường Liên Chiểu, TP. Đà Nẵng","Lạc Long Quân","Phường Liên Chiểu","Khảo sát thực địa Đoàn phường","boundary_confirmed","","","Không gian trang nhã, lịch sự"
"poi-lc-1487","Văn phòng hỗ trợ pháp lý & Soạn thảo đơn (Số 154 Lạc Long Quân)","living_service","Tiện ích dân sinh","Số 154 đường Lạc Long Quân, phường Liên Chiểu, TP. Đà Nẵng","Lạc Long Quân","Phường Liên Chiểu","Khảo sát thực địa Đoàn phường","boundary_confirmed","","","Tư vấn hồ sơ thủ tục hành chính"
"poi-lc-1488","Tiệm photocopy & Đóng sổ sách hồ sơ (Số 158 Lạc Long Quân)","living_service","Tiện ích dân sinh","Số 158 đường Lạc Long Quân, phường Liên Chiểu, TP. Đà Nẵng","Lạc Long Quân","Phường Liên Chiểu","Khảo sát thực địa Đoàn phường","boundary_confirmed","","","In ấn, scan tài liệu phục vụ làm hồ sơ công"
"poi-lc-1489","Quán cơm văn phòng Lạc Long Quân (Số 162 Lạc Long Quân)","food","Ẩm thực & Đời sống","Số 162 đường Lạc Long Quân, phường Liên Chiểu, TP. Đà Nẵng","Lạc Long Quân","Phường Liên Chiểu","Khảo sát thực địa Đoàn phường","boundary_confirmed","","","Cơm trưa sạch sẽ gần trung tâm hành chính"
"poi-lc-1490","Quán cà phê đón tiếp đối tác (Số 166 Lạc Long Quân)","food","Ẩm thực & Đời sống","Số 166 đường Lạc Long Quân, phường Liên Chiểu, TP. Đà Nẵng","Lạc Long Quân","Phường Liên Chiểu","Khảo sát thực địa Đoàn phường","boundary_confirmed","","","Không gian trang nhã, lịch sự"
"poi-lc-1491","Văn phòng hỗ trợ pháp lý & Soạn thảo đơn (Số 170 Lạc Long Quân)","living_service","Tiện ích dân sinh","Số 170 đường Lạc Long Quân, phường Liên Chiểu, TP. Đà Nẵng","Lạc Long Quân","Phường Liên Chiểu","Khảo sát thực địa Đoàn phường","boundary_confirmed","","","Tư vấn hồ sơ thủ tục hành chính"
"poi-lc-1492","Tiệm photocopy & Đóng sổ sách hồ sơ (Số 174 Lạc Long Quân)","living_service","Tiện ích dân sinh","Số 174 đường Lạc Long Quân, phường Liên Chiểu, TP. Đà Nẵng","Lạc Long Quân","Phường Liên Chiểu","Khảo sát thực địa Đoàn phường","boundary_confirmed","","","In ấn, scan tài liệu phục vụ làm hồ sơ công"
"poi-lc-1493","Quán cơm văn phòng Lạc Long Quân (Số 178 Lạc Long Quân)","food","Ẩm thực & Đời sống","Số 178 đường Lạc Long Quân, phường Liên Chiểu, TP. Đà Nẵng","Lạc Long Quân","Phường Liên Chiểu","Khảo sát thực địa Đoàn phường","boundary_confirmed","","","Cơm trưa sạch sẽ gần trung tâm hành chính"
"poi-lc-1494","Quán cà phê đón tiếp đối tác (Số 182 Lạc Long Quân)","food","Ẩm thực & Đời sống","Số 182 đường Lạc Long Quân, phường Liên Chiểu, TP. Đà Nẵng","Lạc Long Quân","Phường Liên Chiểu","Khảo sát thực địa Đoàn phường","boundary_confirmed","","","Không gian trang nhã, lịch sự"
"poi-lc-1495","Văn phòng hỗ trợ pháp lý & Soạn thảo đơn (Số 186 Lạc Long Quân)","living_service","Tiện ích dân sinh","Số 186 đường Lạc Long Quân, phường Liên Chiểu, TP. Đà Nẵng","Lạc Long Quân","Phường Liên Chiểu","Khảo sát thực địa Đoàn phường","boundary_confirmed","","","Tư vấn hồ sơ thủ tục hành chính"
"poi-lc-1496","Tiệm photocopy & Đóng sổ sách hồ sơ (Số 190 Lạc Long Quân)","living_service","Tiện ích dân sinh","Số 190 đường Lạc Long Quân, phường Liên Chiểu, TP. Đà Nẵng","Lạc Long Quân","Phường Liên Chiểu","Khảo sát thực địa Đoàn phường","boundary_confirmed","","","In ấn, scan tài liệu phục vụ làm hồ sơ công"
"poi-lc-1497","Quán cơm văn phòng Lạc Long Quân (Số 194 Lạc Long Quân)","food","Ẩm thực & Đời sống","Số 194 đường Lạc Long Quân, phường Liên Chiểu, TP. Đà Nẵng","Lạc Long Quân","Phường Liên Chiểu","Khảo sát thực địa Đoàn phường","boundary_confirmed","","","Cơm trưa sạch sẽ gần trung tâm hành chính"
"poi-lc-1498","Quán cà phê đón tiếp đối tác (Số 198 Lạc Long Quân)","food","Ẩm thực & Đời sống","Số 198 đường Lạc Long Quân, phường Liên Chiểu, TP. Đà Nẵng","Lạc Long Quân","Phường Liên Chiểu","Khảo sát thực địa Đoàn phường","boundary_confirmed","","","Không gian trang nhã, lịch sự"
"poi-lc-1499","Văn phòng hỗ trợ pháp lý & Soạn thảo đơn (Số 202 Lạc Long Quân)","living_service","Tiện ích dân sinh","Số 202 đường Lạc Long Quân, phường Liên Chiểu, TP. Đà Nẵng","Lạc Long Quân","Phường Liên Chiểu","Khảo sát thực địa Đoàn phường","boundary_confirmed","","","Tư vấn hồ sơ thủ tục hành chính"
"poi-lc-1500","Tiệm photocopy & Đóng sổ sách hồ sơ (Số 206 Lạc Long Quân)","living_service","Tiện ích dân sinh","Số 206 đường Lạc Long Quân, phường Liên Chiểu, TP. Đà Nẵng","Lạc Long Quân","Phường Liên Chiểu","Khảo sát thực địa Đoàn phường","boundary_confirmed","","","In ấn, scan tài liệu phục vụ làm hồ sơ công"
"poi-lc-1501","Quán cơm văn phòng Lạc Long Quân (Số 210 Lạc Long Quân)","food","Ẩm thực & Đời sống","Số 210 đường Lạc Long Quân, phường Liên Chiểu, TP. Đà Nẵng","Lạc Long Quân","Phường Liên Chiểu","Khảo sát thực địa Đoàn phường","boundary_confirmed","","","Cơm trưa sạch sẽ gần trung tâm hành chính"
"poi-lc-1502","Quán cà phê đón tiếp đối tác (Số 214 Lạc Long Quân)","food","Ẩm thực & Đời sống","Số 214 đường Lạc Long Quân, phường Liên Chiểu, TP. Đà Nẵng","Lạc Long Quân","Phường Liên Chiểu","Khảo sát thực địa Đoàn phường","boundary_confirmed","","","Không gian trang nhã, lịch sự"
"poi-lc-1503","Văn phòng hỗ trợ pháp lý & Soạn thảo đơn (Số 218 Lạc Long Quân)","living_service","Tiện ích dân sinh","Số 218 đường Lạc Long Quân, phường Liên Chiểu, TP. Đà Nẵng","Lạc Long Quân","Phường Liên Chiểu","Khảo sát thực địa Đoàn phường","boundary_confirmed","","","Tư vấn hồ sơ thủ tục hành chính"
"poi-lc-1504","Tiệm photocopy & Đóng sổ sách hồ sơ (Số 222 Lạc Long Quân)","living_service","Tiện ích dân sinh","Số 222 đường Lạc Long Quân, phường Liên Chiểu, TP. Đà Nẵng","Lạc Long Quân","Phường Liên Chiểu","Khảo sát thực địa Đoàn phường","boundary_confirmed","","","In ấn, scan tài liệu phục vụ làm hồ sơ công"
"poi-lc-1505","Quán cơm văn phòng Lạc Long Quân (Số 226 Lạc Long Quân)","food","Ẩm thực & Đời sống","Số 226 đường Lạc Long Quân, phường Liên Chiểu, TP. Đà Nẵng","Lạc Long Quân","Phường Liên Chiểu","Khảo sát thực địa Đoàn phường","boundary_confirmed","","","Cơm trưa sạch sẽ gần trung tâm hành chính"
"poi-lc-1506","Quán cà phê đón tiếp đối tác (Số 230 Lạc Long Quân)","food","Ẩm thực & Đời sống","Số 230 đường Lạc Long Quân, phường Liên Chiểu, TP. Đà Nẵng","Lạc Long Quân","Phường Liên Chiểu","Khảo sát thực địa Đoàn phường","boundary_confirmed","","","Không gian trang nhã, lịch sự"
"poi-lc-1507","Quán bún mắm nêm bà Năm (Số 14 Đồng Kè)","food","Ẩm thực & Đời sống","Số 14 đường Đồng Kè, phường Liên Chiểu, TP. Đà Nẵng","Đồng Kè","Phường Liên Chiểu","Khảo sát thực địa Đoàn phường","boundary_confirmed","","","Đặc sản mắm nêm Đà Nẵng nức tiếng"
"poi-lc-1508","Quầy bánh mì que nóng giòn (Số 18 Đồng Kè)","food","Ẩm thực & Đời sống","Số 18 đường Đồng Kè, phường Liên Chiểu, TP. Đà Nẵng","Đồng Kè","Phường Liên Chiểu","Khảo sát thực địa Đoàn phường","boundary_confirmed","","","Bánh mì pa tê thịt nóng hổi"
"poi-lc-1509","Tiệm kim hoàn & Bạc trang sức (Số 22 Đồng Kè)","market","Chợ & Mua sắm thiết yếu","Số 22 đường Đồng Kè, phường Liên Chiểu, TP. Đà Nẵng","Đồng Kè","Phường Liên Chiểu","Khảo sát thực địa Đoàn phường","boundary_confirmed","","","Mua bán vàng bạc trang sức dân sinh"
"poi-lc-1510","Quầy hoa tươi & Trái cây cúng (Số 26 Đồng Kè)","market","Chợ & Mua sắm thiết yếu","Số 26 đường Đồng Kè, phường Liên Chiểu, TP. Đà Nẵng","Đồng Kè","Phường Liên Chiểu","Khảo sát thực địa Đoàn phường","boundary_confirmed","","","Hoa cúc, lay ơn, trái cây ngày rằm mùng một"
"poi-lc-1511","Quán bún mắm nêm bà Năm (Số 30 Đồng Kè)","food","Ẩm thực & Đời sống","Số 30 đường Đồng Kè, phường Liên Chiểu, TP. Đà Nẵng","Đồng Kè","Phường Liên Chiểu","Khảo sát thực địa Đoàn phường","boundary_confirmed","","","Đặc sản mắm nêm Đà Nẵng nức tiếng"
"poi-lc-1512","Quầy bánh mì que nóng giòn (Số 34 Đồng Kè)","food","Ẩm thực & Đời sống","Số 34 đường Đồng Kè, phường Liên Chiểu, TP. Đà Nẵng","Đồng Kè","Phường Liên Chiểu","Khảo sát thực địa Đoàn phường","boundary_confirmed","","","Bánh mì pa tê thịt nóng hổi"
"poi-lc-1513","Tiệm kim hoàn & Bạc trang sức (Số 38 Đồng Kè)","market","Chợ & Mua sắm thiết yếu","Số 38 đường Đồng Kè, phường Liên Chiểu, TP. Đà Nẵng","Đồng Kè","Phường Liên Chiểu","Khảo sát thực địa Đoàn phường","boundary_confirmed","","","Mua bán vàng bạc trang sức dân sinh"
"poi-lc-1514","Quầy hoa tươi & Trái cây cúng (Số 42 Đồng Kè)","market","Chợ & Mua sắm thiết yếu","Số 42 đường Đồng Kè, phường Liên Chiểu, TP. Đà Nẵng","Đồng Kè","Phường Liên Chiểu","Khảo sát thực địa Đoàn phường","boundary_confirmed","","","Hoa cúc, lay ơn, trái cây ngày rằm mùng một"
"poi-lc-1515","Quán bún mắm nêm bà Năm (Số 46 Đồng Kè)","food","Ẩm thực & Đời sống","Số 46 đường Đồng Kè, phường Liên Chiểu, TP. Đà Nẵng","Đồng Kè","Phường Liên Chiểu","Khảo sát thực địa Đoàn phường","boundary_confirmed","","","Đặc sản mắm nêm Đà Nẵng nức tiếng"
"poi-lc-1516","Quầy bánh mì que nóng giòn (Số 50 Đồng Kè)","food","Ẩm thực & Đời sống","Số 50 đường Đồng Kè, phường Liên Chiểu, TP. Đà Nẵng","Đồng Kè","Phường Liên Chiểu","Khảo sát thực địa Đoàn phường","boundary_confirmed","","","Bánh mì pa tê thịt nóng hổi"
"poi-lc-1517","Tiệm kim hoàn & Bạc trang sức (Số 54 Đồng Kè)","market","Chợ & Mua sắm thiết yếu","Số 54 đường Đồng Kè, phường Liên Chiểu, TP. Đà Nẵng","Đồng Kè","Phường Liên Chiểu","Khảo sát thực địa Đoàn phường","boundary_confirmed","","","Mua bán vàng bạc trang sức dân sinh"
"poi-lc-1518","Quầy hoa tươi & Trái cây cúng (Số 58 Đồng Kè)","market","Chợ & Mua sắm thiết yếu","Số 58 đường Đồng Kè, phường Liên Chiểu, TP. Đà Nẵng","Đồng Kè","Phường Liên Chiểu","Khảo sát thực địa Đoàn phường","boundary_confirmed","","","Hoa cúc, lay ơn, trái cây ngày rằm mùng một"
"poi-lc-1519","Quán bún mắm nêm bà Năm (Số 62 Đồng Kè)","food","Ẩm thực & Đời sống","Số 62 đường Đồng Kè, phường Liên Chiểu, TP. Đà Nẵng","Đồng Kè","Phường Liên Chiểu","Khảo sát thực địa Đoàn phường","boundary_confirmed","","","Đặc sản mắm nêm Đà Nẵng nức tiếng"
"poi-lc-1520","Quầy bánh mì que nóng giòn (Số 66 Đồng Kè)","food","Ẩm thực & Đời sống","Số 66 đường Đồng Kè, phường Liên Chiểu, TP. Đà Nẵng","Đồng Kè","Phường Liên Chiểu","Khảo sát thực địa Đoàn phường","boundary_confirmed","","","Bánh mì pa tê thịt nóng hổi"
"poi-lc-1521","Tiệm kim hoàn & Bạc trang sức (Số 70 Đồng Kè)","market","Chợ & Mua sắm thiết yếu","Số 70 đường Đồng Kè, phường Liên Chiểu, TP. Đà Nẵng","Đồng Kè","Phường Liên Chiểu","Khảo sát thực địa Đoàn phường","boundary_confirmed","","","Mua bán vàng bạc trang sức dân sinh"
"poi-lc-1522","Quầy hoa tươi & Trái cây cúng (Số 74 Đồng Kè)","market","Chợ & Mua sắm thiết yếu","Số 74 đường Đồng Kè, phường Liên Chiểu, TP. Đà Nẵng","Đồng Kè","Phường Liên Chiểu","Khảo sát thực địa Đoàn phường","boundary_confirmed","","","Hoa cúc, lay ơn, trái cây ngày rằm mùng một"
"poi-lc-1523","Quán bún mắm nêm bà Năm (Số 78 Đồng Kè)","food","Ẩm thực & Đời sống","Số 78 đường Đồng Kè, phường Liên Chiểu, TP. Đà Nẵng","Đồng Kè","Phường Liên Chiểu","Khảo sát thực địa Đoàn phường","boundary_confirmed","","","Đặc sản mắm nêm Đà Nẵng nức tiếng"
"poi-lc-1524","Quầy bánh mì que nóng giòn (Số 82 Đồng Kè)","food","Ẩm thực & Đời sống","Số 82 đường Đồng Kè, phường Liên Chiểu, TP. Đà Nẵng","Đồng Kè","Phường Liên Chiểu","Khảo sát thực địa Đoàn phường","boundary_confirmed","","","Bánh mì pa tê thịt nóng hổi"
"poi-lc-1525","Tiệm kim hoàn & Bạc trang sức (Số 86 Đồng Kè)","market","Chợ & Mua sắm thiết yếu","Số 86 đường Đồng Kè, phường Liên Chiểu, TP. Đà Nẵng","Đồng Kè","Phường Liên Chiểu","Khảo sát thực địa Đoàn phường","boundary_confirmed","","","Mua bán vàng bạc trang sức dân sinh"
"poi-lc-1526","Quầy hoa tươi & Trái cây cúng (Số 90 Đồng Kè)","market","Chợ & Mua sắm thiết yếu","Số 90 đường Đồng Kè, phường Liên Chiểu, TP. Đà Nẵng","Đồng Kè","Phường Liên Chiểu","Khảo sát thực địa Đoàn phường","boundary_confirmed","","","Hoa cúc, lay ơn, trái cây ngày rằm mùng một"
"poi-lc-1527","Quán bún mắm nêm bà Năm (Số 94 Đồng Kè)","food","Ẩm thực & Đời sống","Số 94 đường Đồng Kè, phường Liên Chiểu, TP. Đà Nẵng","Đồng Kè","Phường Liên Chiểu","Khảo sát thực địa Đoàn phường","boundary_confirmed","","","Đặc sản mắm nêm Đà Nẵng nức tiếng"
"poi-lc-1528","Quầy bánh mì que nóng giòn (Số 98 Đồng Kè)","food","Ẩm thực & Đời sống","Số 98 đường Đồng Kè, phường Liên Chiểu, TP. Đà Nẵng","Đồng Kè","Phường Liên Chiểu","Khảo sát thực địa Đoàn phường","boundary_confirmed","","","Bánh mì pa tê thịt nóng hổi"
"poi-lc-1529","Tiệm kim hoàn & Bạc trang sức (Số 102 Đồng Kè)","market","Chợ & Mua sắm thiết yếu","Số 102 đường Đồng Kè, phường Liên Chiểu, TP. Đà Nẵng","Đồng Kè","Phường Liên Chiểu","Khảo sát thực địa Đoàn phường","boundary_confirmed","","","Mua bán vàng bạc trang sức dân sinh"
"poi-lc-1530","Quầy hoa tươi & Trái cây cúng (Số 106 Đồng Kè)","market","Chợ & Mua sắm thiết yếu","Số 106 đường Đồng Kè, phường Liên Chiểu, TP. Đà Nẵng","Đồng Kè","Phường Liên Chiểu","Khảo sát thực địa Đoàn phường","boundary_confirmed","","","Hoa cúc, lay ơn, trái cây ngày rằm mùng một"
"poi-lc-1531","Quán bún mắm nêm bà Năm (Số 110 Đồng Kè)","food","Ẩm thực & Đời sống","Số 110 đường Đồng Kè, phường Liên Chiểu, TP. Đà Nẵng","Đồng Kè","Phường Liên Chiểu","Khảo sát thực địa Đoàn phường","boundary_confirmed","","","Đặc sản mắm nêm Đà Nẵng nức tiếng"
"poi-lc-1532","Quầy bánh mì que nóng giòn (Số 114 Đồng Kè)","food","Ẩm thực & Đời sống","Số 114 đường Đồng Kè, phường Liên Chiểu, TP. Đà Nẵng","Đồng Kè","Phường Liên Chiểu","Khảo sát thực địa Đoàn phường","boundary_confirmed","","","Bánh mì pa tê thịt nóng hổi"
"poi-lc-1533","Tiệm kim hoàn & Bạc trang sức (Số 118 Đồng Kè)","market","Chợ & Mua sắm thiết yếu","Số 118 đường Đồng Kè, phường Liên Chiểu, TP. Đà Nẵng","Đồng Kè","Phường Liên Chiểu","Khảo sát thực địa Đoàn phường","boundary_confirmed","","","Mua bán vàng bạc trang sức dân sinh"
"poi-lc-1534","Quầy hoa tươi & Trái cây cúng (Số 122 Đồng Kè)","market","Chợ & Mua sắm thiết yếu","Số 122 đường Đồng Kè, phường Liên Chiểu, TP. Đà Nẵng","Đồng Kè","Phường Liên Chiểu","Khảo sát thực địa Đoàn phường","boundary_confirmed","","","Hoa cúc, lay ơn, trái cây ngày rằm mùng một"
"poi-lc-1535","Quán bún mắm nêm bà Năm (Số 126 Đồng Kè)","food","Ẩm thực & Đời sống","Số 126 đường Đồng Kè, phường Liên Chiểu, TP. Đà Nẵng","Đồng Kè","Phường Liên Chiểu","Khảo sát thực địa Đoàn phường","boundary_confirmed","","","Đặc sản mắm nêm Đà Nẵng nức tiếng"
"poi-lc-1536","Quầy bánh mì que nóng giòn (Số 130 Đồng Kè)","food","Ẩm thực & Đời sống","Số 130 đường Đồng Kè, phường Liên Chiểu, TP. Đà Nẵng","Đồng Kè","Phường Liên Chiểu","Khảo sát thực địa Đoàn phường","boundary_confirmed","","","Bánh mì pa tê thịt nóng hổi"
"poi-lc-1537","Tiệm kim hoàn & Bạc trang sức (Số 134 Đồng Kè)","market","Chợ & Mua sắm thiết yếu","Số 134 đường Đồng Kè, phường Liên Chiểu, TP. Đà Nẵng","Đồng Kè","Phường Liên Chiểu","Khảo sát thực địa Đoàn phường","boundary_confirmed","","","Mua bán vàng bạc trang sức dân sinh"
"poi-lc-1538","Quầy hoa tươi & Trái cây cúng (Số 138 Đồng Kè)","market","Chợ & Mua sắm thiết yếu","Số 138 đường Đồng Kè, phường Liên Chiểu, TP. Đà Nẵng","Đồng Kè","Phường Liên Chiểu","Khảo sát thực địa Đoàn phường","boundary_confirmed","","","Hoa cúc, lay ơn, trái cây ngày rằm mùng một"
"poi-lc-1539","Quán bún mắm nêm bà Năm (Số 142 Đồng Kè)","food","Ẩm thực & Đời sống","Số 142 đường Đồng Kè, phường Liên Chiểu, TP. Đà Nẵng","Đồng Kè","Phường Liên Chiểu","Khảo sát thực địa Đoàn phường","boundary_confirmed","","","Đặc sản mắm nêm Đà Nẵng nức tiếng"
"poi-lc-1540","Quầy bánh mì que nóng giòn (Số 146 Đồng Kè)","food","Ẩm thực & Đời sống","Số 146 đường Đồng Kè, phường Liên Chiểu, TP. Đà Nẵng","Đồng Kè","Phường Liên Chiểu","Khảo sát thực địa Đoàn phường","boundary_confirmed","","","Bánh mì pa tê thịt nóng hổi"
"poi-lc-1541","Tiệm kim hoàn & Bạc trang sức (Số 150 Đồng Kè)","market","Chợ & Mua sắm thiết yếu","Số 150 đường Đồng Kè, phường Liên Chiểu, TP. Đà Nẵng","Đồng Kè","Phường Liên Chiểu","Khảo sát thực địa Đoàn phường","boundary_confirmed","","","Mua bán vàng bạc trang sức dân sinh"
"poi-lc-1542","Quầy hoa tươi & Trái cây cúng (Số 154 Đồng Kè)","market","Chợ & Mua sắm thiết yếu","Số 154 đường Đồng Kè, phường Liên Chiểu, TP. Đà Nẵng","Đồng Kè","Phường Liên Chiểu","Khảo sát thực địa Đoàn phường","boundary_confirmed","","","Hoa cúc, lay ơn, trái cây ngày rằm mùng một"
"poi-lc-1543","Quán bún mắm nêm bà Năm (Số 158 Đồng Kè)","food","Ẩm thực & Đời sống","Số 158 đường Đồng Kè, phường Liên Chiểu, TP. Đà Nẵng","Đồng Kè","Phường Liên Chiểu","Khảo sát thực địa Đoàn phường","boundary_confirmed","","","Đặc sản mắm nêm Đà Nẵng nức tiếng"
"poi-lc-1544","Quầy bánh mì que nóng giòn (Số 162 Đồng Kè)","food","Ẩm thực & Đời sống","Số 162 đường Đồng Kè, phường Liên Chiểu, TP. Đà Nẵng","Đồng Kè","Phường Liên Chiểu","Khảo sát thực địa Đoàn phường","boundary_confirmed","","","Bánh mì pa tê thịt nóng hổi"
"poi-lc-1545","Tiệm kim hoàn & Bạc trang sức (Số 166 Đồng Kè)","market","Chợ & Mua sắm thiết yếu","Số 166 đường Đồng Kè, phường Liên Chiểu, TP. Đà Nẵng","Đồng Kè","Phường Liên Chiểu","Khảo sát thực địa Đoàn phường","boundary_confirmed","","","Mua bán vàng bạc trang sức dân sinh"
"poi-lc-1546","Quầy hoa tươi & Trái cây cúng (Số 170 Đồng Kè)","market","Chợ & Mua sắm thiết yếu","Số 170 đường Đồng Kè, phường Liên Chiểu, TP. Đà Nẵng","Đồng Kè","Phường Liên Chiểu","Khảo sát thực địa Đoàn phường","boundary_confirmed","","","Hoa cúc, lay ơn, trái cây ngày rằm mùng một"
"poi-lc-1547","Quán bún mắm nêm bà Năm (Số 174 Đồng Kè)","food","Ẩm thực & Đời sống","Số 174 đường Đồng Kè, phường Liên Chiểu, TP. Đà Nẵng","Đồng Kè","Phường Liên Chiểu","Khảo sát thực địa Đoàn phường","boundary_confirmed","","","Đặc sản mắm nêm Đà Nẵng nức tiếng"
"poi-lc-1548","Quầy bánh mì que nóng giòn (Số 178 Đồng Kè)","food","Ẩm thực & Đời sống","Số 178 đường Đồng Kè, phường Liên Chiểu, TP. Đà Nẵng","Đồng Kè","Phường Liên Chiểu","Khảo sát thực địa Đoàn phường","boundary_confirmed","","","Bánh mì pa tê thịt nóng hổi"
"poi-lc-1549","Tiệm kim hoàn & Bạc trang sức (Số 182 Đồng Kè)","market","Chợ & Mua sắm thiết yếu","Số 182 đường Đồng Kè, phường Liên Chiểu, TP. Đà Nẵng","Đồng Kè","Phường Liên Chiểu","Khảo sát thực địa Đoàn phường","boundary_confirmed","","","Mua bán vàng bạc trang sức dân sinh"
"poi-lc-1550","Quầy hoa tươi & Trái cây cúng (Số 186 Đồng Kè)","market","Chợ & Mua sắm thiết yếu","Số 186 đường Đồng Kè, phường Liên Chiểu, TP. Đà Nẵng","Đồng Kè","Phường Liên Chiểu","Khảo sát thực địa Đoàn phường","boundary_confirmed","","","Hoa cúc, lay ơn, trái cây ngày rằm mùng một"
"poi-lc-1551","Quán bún mắm nêm bà Năm (Số 190 Đồng Kè)","food","Ẩm thực & Đời sống","Số 190 đường Đồng Kè, phường Liên Chiểu, TP. Đà Nẵng","Đồng Kè","Phường Liên Chiểu","Khảo sát thực địa Đoàn phường","boundary_confirmed","","","Đặc sản mắm nêm Đà Nẵng nức tiếng"
"poi-lc-1552","Quầy bánh mì que nóng giòn (Số 194 Đồng Kè)","food","Ẩm thực & Đời sống","Số 194 đường Đồng Kè, phường Liên Chiểu, TP. Đà Nẵng","Đồng Kè","Phường Liên Chiểu","Khảo sát thực địa Đoàn phường","boundary_confirmed","","","Bánh mì pa tê thịt nóng hổi"
"poi-lc-1553","Tiệm kim hoàn & Bạc trang sức (Số 198 Đồng Kè)","market","Chợ & Mua sắm thiết yếu","Số 198 đường Đồng Kè, phường Liên Chiểu, TP. Đà Nẵng","Đồng Kè","Phường Liên Chiểu","Khảo sát thực địa Đoàn phường","boundary_confirmed","","","Mua bán vàng bạc trang sức dân sinh"
"poi-lc-1554","Quầy hoa tươi & Trái cây cúng (Số 202 Đồng Kè)","market","Chợ & Mua sắm thiết yếu","Số 202 đường Đồng Kè, phường Liên Chiểu, TP. Đà Nẵng","Đồng Kè","Phường Liên Chiểu","Khảo sát thực địa Đoàn phường","boundary_confirmed","","","Hoa cúc, lay ơn, trái cây ngày rằm mùng một"
"poi-lc-1555","Quán bún mắm nêm bà Năm (Số 206 Đồng Kè)","food","Ẩm thực & Đời sống","Số 206 đường Đồng Kè, phường Liên Chiểu, TP. Đà Nẵng","Đồng Kè","Phường Liên Chiểu","Khảo sát thực địa Đoàn phường","boundary_confirmed","","","Đặc sản mắm nêm Đà Nẵng nức tiếng"
"poi-lc-1556","Quầy bánh mì que nóng giòn (Số 210 Đồng Kè)","food","Ẩm thực & Đời sống","Số 210 đường Đồng Kè, phường Liên Chiểu, TP. Đà Nẵng","Đồng Kè","Phường Liên Chiểu","Khảo sát thực địa Đoàn phường","boundary_confirmed","","","Bánh mì pa tê thịt nóng hổi"
"poi-lc-1557","Tiệm kim hoàn & Bạc trang sức (Số 214 Đồng Kè)","market","Chợ & Mua sắm thiết yếu","Số 214 đường Đồng Kè, phường Liên Chiểu, TP. Đà Nẵng","Đồng Kè","Phường Liên Chiểu","Khảo sát thực địa Đoàn phường","boundary_confirmed","","","Mua bán vàng bạc trang sức dân sinh"
"poi-lc-1558","Quầy hoa tươi & Trái cây cúng (Số 218 Đồng Kè)","market","Chợ & Mua sắm thiết yếu","Số 218 đường Đồng Kè, phường Liên Chiểu, TP. Đà Nẵng","Đồng Kè","Phường Liên Chiểu","Khảo sát thực địa Đoàn phường","boundary_confirmed","","","Hoa cúc, lay ơn, trái cây ngày rằm mùng một"
"poi-lc-1559","Quán bún mắm nêm bà Năm (Số 222 Đồng Kè)","food","Ẩm thực & Đời sống","Số 222 đường Đồng Kè, phường Liên Chiểu, TP. Đà Nẵng","Đồng Kè","Phường Liên Chiểu","Khảo sát thực địa Đoàn phường","boundary_confirmed","","","Đặc sản mắm nêm Đà Nẵng nức tiếng"
"poi-lc-1560","Quầy bánh mì que nóng giòn (Số 226 Đồng Kè)","food","Ẩm thực & Đời sống","Số 226 đường Đồng Kè, phường Liên Chiểu, TP. Đà Nẵng","Đồng Kè","Phường Liên Chiểu","Khảo sát thực địa Đoàn phường","boundary_confirmed","","","Bánh mì pa tê thịt nóng hổi"
"poi-lc-1561","Tiệm kim hoàn & Bạc trang sức (Số 230 Đồng Kè)","market","Chợ & Mua sắm thiết yếu","Số 230 đường Đồng Kè, phường Liên Chiểu, TP. Đà Nẵng","Đồng Kè","Phường Liên Chiểu","Khảo sát thực địa Đoàn phường","boundary_confirmed","","","Mua bán vàng bạc trang sức dân sinh"
"poi-lc-1562","Quầy hoa tươi & Trái cây cúng (Số 234 Đồng Kè)","market","Chợ & Mua sắm thiết yếu","Số 234 đường Đồng Kè, phường Liên Chiểu, TP. Đà Nẵng","Đồng Kè","Phường Liên Chiểu","Khảo sát thực địa Đoàn phường","boundary_confirmed","","","Hoa cúc, lay ơn, trái cây ngày rằm mùng một"
"poi-lc-1563","Quán bún mắm nêm bà Năm (Số 238 Đồng Kè)","food","Ẩm thực & Đời sống","Số 238 đường Đồng Kè, phường Liên Chiểu, TP. Đà Nẵng","Đồng Kè","Phường Liên Chiểu","Khảo sát thực địa Đoàn phường","boundary_confirmed","","","Đặc sản mắm nêm Đà Nẵng nức tiếng"
"poi-lc-1564","Quầy bánh mì que nóng giòn (Số 242 Đồng Kè)","food","Ẩm thực & Đời sống","Số 242 đường Đồng Kè, phường Liên Chiểu, TP. Đà Nẵng","Đồng Kè","Phường Liên Chiểu","Khảo sát thực địa Đoàn phường","boundary_confirmed","","","Bánh mì pa tê thịt nóng hổi"
"poi-lc-1565","Tiệm kim hoàn & Bạc trang sức (Số 246 Đồng Kè)","market","Chợ & Mua sắm thiết yếu","Số 246 đường Đồng Kè, phường Liên Chiểu, TP. Đà Nẵng","Đồng Kè","Phường Liên Chiểu","Khảo sát thực địa Đoàn phường","boundary_confirmed","","","Mua bán vàng bạc trang sức dân sinh"
"poi-lc-1566","Quầy hoa tươi & Trái cây cúng (Số 250 Đồng Kè)","market","Chợ & Mua sắm thiết yếu","Số 250 đường Đồng Kè, phường Liên Chiểu, TP. Đà Nẵng","Đồng Kè","Phường Liên Chiểu","Khảo sát thực địa Đoàn phường","boundary_confirmed","","","Hoa cúc, lay ơn, trái cây ngày rằm mùng một"
"poi-lc-1567","Quán ăn vặt cổng trường (Số 14 Bùi Chát)","food","Ẩm thực & Đời sống","Số 14 đường Bùi Chát, phường Liên Chiểu, TP. Đà Nẵng","Bùi Chát","Phường Liên Chiểu","Khảo sát thực địa Đoàn phường","boundary_confirmed","","","Sữa chua, chè đậu, bánh tráng nướng"
"poi-lc-1568","Lớp dạy rèn chữ đẹp & Bồi dưỡng văn hóa (Số 18 Bùi Chát)","education","Giáo dục & Học tập","Số 18 đường Bùi Chát, phường Liên Chiểu, TP. Đà Nẵng","Bùi Chát","Phường Liên Chiểu","Khảo sát thực địa Đoàn phường","boundary_confirmed","","","Lớp học thêm của giáo viên địa phương"
"poi-lc-1569","Cửa hàng văn phòng phẩm Tiểu học Ngô Sĩ Liên (Số 22 Bùi Chát)","education","Giáo dục & Học tập","Số 22 đường Bùi Chát, phường Liên Chiểu, TP. Đà Nẵng","Bùi Chát","Phường Liên Chiểu","Khảo sát thực địa Đoàn phường","boundary_confirmed","","","Tập vở, bút viết học sinh tiểu học"
"poi-lc-1570","Quán ăn vặt cổng trường (Số 26 Bùi Chát)","food","Ẩm thực & Đời sống","Số 26 đường Bùi Chát, phường Liên Chiểu, TP. Đà Nẵng","Bùi Chát","Phường Liên Chiểu","Khảo sát thực địa Đoàn phường","boundary_confirmed","","","Sữa chua, chè đậu, bánh tráng nướng"
"poi-lc-1571","Lớp dạy rèn chữ đẹp & Bồi dưỡng văn hóa (Số 30 Bùi Chát)","education","Giáo dục & Học tập","Số 30 đường Bùi Chát, phường Liên Chiểu, TP. Đà Nẵng","Bùi Chát","Phường Liên Chiểu","Khảo sát thực địa Đoàn phường","boundary_confirmed","","","Lớp học thêm của giáo viên địa phương"
"poi-lc-1572","Cửa hàng văn phòng phẩm Tiểu học Ngô Sĩ Liên (Số 34 Bùi Chát)","education","Giáo dục & Học tập","Số 34 đường Bùi Chát, phường Liên Chiểu, TP. Đà Nẵng","Bùi Chát","Phường Liên Chiểu","Khảo sát thực địa Đoàn phường","boundary_confirmed","","","Tập vở, bút viết học sinh tiểu học"
"poi-lc-1573","Quán ăn vặt cổng trường (Số 38 Bùi Chát)","food","Ẩm thực & Đời sống","Số 38 đường Bùi Chát, phường Liên Chiểu, TP. Đà Nẵng","Bùi Chát","Phường Liên Chiểu","Khảo sát thực địa Đoàn phường","boundary_confirmed","","","Sữa chua, chè đậu, bánh tráng nướng"
"poi-lc-1574","Lớp dạy rèn chữ đẹp & Bồi dưỡng văn hóa (Số 42 Bùi Chát)","education","Giáo dục & Học tập","Số 42 đường Bùi Chát, phường Liên Chiểu, TP. Đà Nẵng","Bùi Chát","Phường Liên Chiểu","Khảo sát thực địa Đoàn phường","boundary_confirmed","","","Lớp học thêm của giáo viên địa phương"
"poi-lc-1575","Cửa hàng văn phòng phẩm Tiểu học Ngô Sĩ Liên (Số 46 Bùi Chát)","education","Giáo dục & Học tập","Số 46 đường Bùi Chát, phường Liên Chiểu, TP. Đà Nẵng","Bùi Chát","Phường Liên Chiểu","Khảo sát thực địa Đoàn phường","boundary_confirmed","","","Tập vở, bút viết học sinh tiểu học"
"poi-lc-1576","Quán ăn vặt cổng trường (Số 50 Bùi Chát)","food","Ẩm thực & Đời sống","Số 50 đường Bùi Chát, phường Liên Chiểu, TP. Đà Nẵng","Bùi Chát","Phường Liên Chiểu","Khảo sát thực địa Đoàn phường","boundary_confirmed","","","Sữa chua, chè đậu, bánh tráng nướng"
"poi-lc-1577","Lớp dạy rèn chữ đẹp & Bồi dưỡng văn hóa (Số 54 Bùi Chát)","education","Giáo dục & Học tập","Số 54 đường Bùi Chát, phường Liên Chiểu, TP. Đà Nẵng","Bùi Chát","Phường Liên Chiểu","Khảo sát thực địa Đoàn phường","boundary_confirmed","","","Lớp học thêm của giáo viên địa phương"
"poi-lc-1578","Cửa hàng văn phòng phẩm Tiểu học Ngô Sĩ Liên (Số 58 Bùi Chát)","education","Giáo dục & Học tập","Số 58 đường Bùi Chát, phường Liên Chiểu, TP. Đà Nẵng","Bùi Chát","Phường Liên Chiểu","Khảo sát thực địa Đoàn phường","boundary_confirmed","","","Tập vở, bút viết học sinh tiểu học"
"poi-lc-1579","Quán ăn vặt cổng trường (Số 62 Bùi Chát)","food","Ẩm thực & Đời sống","Số 62 đường Bùi Chát, phường Liên Chiểu, TP. Đà Nẵng","Bùi Chát","Phường Liên Chiểu","Khảo sát thực địa Đoàn phường","boundary_confirmed","","","Sữa chua, chè đậu, bánh tráng nướng"
"poi-lc-1580","Lớp dạy rèn chữ đẹp & Bồi dưỡng văn hóa (Số 66 Bùi Chát)","education","Giáo dục & Học tập","Số 66 đường Bùi Chát, phường Liên Chiểu, TP. Đà Nẵng","Bùi Chát","Phường Liên Chiểu","Khảo sát thực địa Đoàn phường","boundary_confirmed","","","Lớp học thêm của giáo viên địa phương"
"poi-lc-1581","Cửa hàng văn phòng phẩm Tiểu học Ngô Sĩ Liên (Số 70 Bùi Chát)","education","Giáo dục & Học tập","Số 70 đường Bùi Chát, phường Liên Chiểu, TP. Đà Nẵng","Bùi Chát","Phường Liên Chiểu","Khảo sát thực địa Đoàn phường","boundary_confirmed","","","Tập vở, bút viết học sinh tiểu học"
"poi-lc-1582","Quán ăn vặt cổng trường (Số 74 Bùi Chát)","food","Ẩm thực & Đời sống","Số 74 đường Bùi Chát, phường Liên Chiểu, TP. Đà Nẵng","Bùi Chát","Phường Liên Chiểu","Khảo sát thực địa Đoàn phường","boundary_confirmed","","","Sữa chua, chè đậu, bánh tráng nướng"
"poi-lc-1583","Lớp dạy rèn chữ đẹp & Bồi dưỡng văn hóa (Số 78 Bùi Chát)","education","Giáo dục & Học tập","Số 78 đường Bùi Chát, phường Liên Chiểu, TP. Đà Nẵng","Bùi Chát","Phường Liên Chiểu","Khảo sát thực địa Đoàn phường","boundary_confirmed","","","Lớp học thêm của giáo viên địa phương"
"poi-lc-1584","Cửa hàng văn phòng phẩm Tiểu học Ngô Sĩ Liên (Số 82 Bùi Chát)","education","Giáo dục & Học tập","Số 82 đường Bùi Chát, phường Liên Chiểu, TP. Đà Nẵng","Bùi Chát","Phường Liên Chiểu","Khảo sát thực địa Đoàn phường","boundary_confirmed","","","Tập vở, bút viết học sinh tiểu học"
"poi-lc-1585","Quán ăn vặt cổng trường (Số 86 Bùi Chát)","food","Ẩm thực & Đời sống","Số 86 đường Bùi Chát, phường Liên Chiểu, TP. Đà Nẵng","Bùi Chát","Phường Liên Chiểu","Khảo sát thực địa Đoàn phường","boundary_confirmed","","","Sữa chua, chè đậu, bánh tráng nướng"
"poi-lc-1586","Lớp dạy rèn chữ đẹp & Bồi dưỡng văn hóa (Số 90 Bùi Chát)","education","Giáo dục & Học tập","Số 90 đường Bùi Chát, phường Liên Chiểu, TP. Đà Nẵng","Bùi Chát","Phường Liên Chiểu","Khảo sát thực địa Đoàn phường","boundary_confirmed","","","Lớp học thêm của giáo viên địa phương"
"poi-lc-1587","Cửa hàng văn phòng phẩm Tiểu học Ngô Sĩ Liên (Số 94 Bùi Chát)","education","Giáo dục & Học tập","Số 94 đường Bùi Chát, phường Liên Chiểu, TP. Đà Nẵng","Bùi Chát","Phường Liên Chiểu","Khảo sát thực địa Đoàn phường","boundary_confirmed","","","Tập vở, bút viết học sinh tiểu học"
"poi-lc-1588","Quán ăn vặt cổng trường (Số 98 Bùi Chát)","food","Ẩm thực & Đời sống","Số 98 đường Bùi Chát, phường Liên Chiểu, TP. Đà Nẵng","Bùi Chát","Phường Liên Chiểu","Khảo sát thực địa Đoàn phường","boundary_confirmed","","","Sữa chua, chè đậu, bánh tráng nướng"
"poi-lc-1589","Lớp dạy rèn chữ đẹp & Bồi dưỡng văn hóa (Số 102 Bùi Chát)","education","Giáo dục & Học tập","Số 102 đường Bùi Chát, phường Liên Chiểu, TP. Đà Nẵng","Bùi Chát","Phường Liên Chiểu","Khảo sát thực địa Đoàn phường","boundary_confirmed","","","Lớp học thêm của giáo viên địa phương"
"poi-lc-1590","Cửa hàng văn phòng phẩm Tiểu học Ngô Sĩ Liên (Số 106 Bùi Chát)","education","Giáo dục & Học tập","Số 106 đường Bùi Chát, phường Liên Chiểu, TP. Đà Nẵng","Bùi Chát","Phường Liên Chiểu","Khảo sát thực địa Đoàn phường","boundary_confirmed","","","Tập vở, bút viết học sinh tiểu học"
"poi-lc-1591","Quán ăn vặt cổng trường (Số 110 Bùi Chát)","food","Ẩm thực & Đời sống","Số 110 đường Bùi Chát, phường Liên Chiểu, TP. Đà Nẵng","Bùi Chát","Phường Liên Chiểu","Khảo sát thực địa Đoàn phường","boundary_confirmed","","","Sữa chua, chè đậu, bánh tráng nướng"
"poi-lc-1592","Lớp dạy rèn chữ đẹp & Bồi dưỡng văn hóa (Số 114 Bùi Chát)","education","Giáo dục & Học tập","Số 114 đường Bùi Chát, phường Liên Chiểu, TP. Đà Nẵng","Bùi Chát","Phường Liên Chiểu","Khảo sát thực địa Đoàn phường","boundary_confirmed","","","Lớp học thêm của giáo viên địa phương"
"poi-lc-1593","Cửa hàng văn phòng phẩm Tiểu học Ngô Sĩ Liên (Số 118 Bùi Chát)","education","Giáo dục & Học tập","Số 118 đường Bùi Chát, phường Liên Chiểu, TP. Đà Nẵng","Bùi Chát","Phường Liên Chiểu","Khảo sát thực địa Đoàn phường","boundary_confirmed","","","Tập vở, bút viết học sinh tiểu học"
"poi-lc-1594","Quán ăn vặt cổng trường (Số 122 Bùi Chát)","food","Ẩm thực & Đời sống","Số 122 đường Bùi Chát, phường Liên Chiểu, TP. Đà Nẵng","Bùi Chát","Phường Liên Chiểu","Khảo sát thực địa Đoàn phường","boundary_confirmed","","","Sữa chua, chè đậu, bánh tráng nướng"
"poi-lc-1595","Lớp dạy rèn chữ đẹp & Bồi dưỡng văn hóa (Số 126 Bùi Chát)","education","Giáo dục & Học tập","Số 126 đường Bùi Chát, phường Liên Chiểu, TP. Đà Nẵng","Bùi Chát","Phường Liên Chiểu","Khảo sát thực địa Đoàn phường","boundary_confirmed","","","Lớp học thêm của giáo viên địa phương"
"poi-lc-1596","Cửa hàng văn phòng phẩm Tiểu học Ngô Sĩ Liên (Số 130 Bùi Chát)","education","Giáo dục & Học tập","Số 130 đường Bùi Chát, phường Liên Chiểu, TP. Đà Nẵng","Bùi Chát","Phường Liên Chiểu","Khảo sát thực địa Đoàn phường","boundary_confirmed","","","Tập vở, bút viết học sinh tiểu học"
"poi-lc-1597","Quán ăn vặt cổng trường (Số 134 Bùi Chát)","food","Ẩm thực & Đời sống","Số 134 đường Bùi Chát, phường Liên Chiểu, TP. Đà Nẵng","Bùi Chát","Phường Liên Chiểu","Khảo sát thực địa Đoàn phường","boundary_confirmed","","","Sữa chua, chè đậu, bánh tráng nướng"
"poi-lc-1598","Lớp dạy rèn chữ đẹp & Bồi dưỡng văn hóa (Số 138 Bùi Chát)","education","Giáo dục & Học tập","Số 138 đường Bùi Chát, phường Liên Chiểu, TP. Đà Nẵng","Bùi Chát","Phường Liên Chiểu","Khảo sát thực địa Đoàn phường","boundary_confirmed","","","Lớp học thêm của giáo viên địa phương"
"poi-lc-1599","Cửa hàng văn phòng phẩm Tiểu học Ngô Sĩ Liên (Số 142 Bùi Chát)","education","Giáo dục & Học tập","Số 142 đường Bùi Chát, phường Liên Chiểu, TP. Đà Nẵng","Bùi Chát","Phường Liên Chiểu","Khảo sát thực địa Đoàn phường","boundary_confirmed","","","Tập vở, bút viết học sinh tiểu học"
"poi-lc-1600","Quán ăn vặt cổng trường (Số 146 Bùi Chát)","food","Ẩm thực & Đời sống","Số 146 đường Bùi Chát, phường Liên Chiểu, TP. Đà Nẵng","Bùi Chát","Phường Liên Chiểu","Khảo sát thực địa Đoàn phường","boundary_confirmed","","","Sữa chua, chè đậu, bánh tráng nướng"
"poi-lc-1601","Lớp dạy rèn chữ đẹp & Bồi dưỡng văn hóa (Số 150 Bùi Chát)","education","Giáo dục & Học tập","Số 150 đường Bùi Chát, phường Liên Chiểu, TP. Đà Nẵng","Bùi Chát","Phường Liên Chiểu","Khảo sát thực địa Đoàn phường","boundary_confirmed","","","Lớp học thêm của giáo viên địa phương"
"poi-lc-1602","Cửa hàng văn phòng phẩm Tiểu học Ngô Sĩ Liên (Số 154 Bùi Chát)","education","Giáo dục & Học tập","Số 154 đường Bùi Chát, phường Liên Chiểu, TP. Đà Nẵng","Bùi Chát","Phường Liên Chiểu","Khảo sát thực địa Đoàn phường","boundary_confirmed","","","Tập vở, bút viết học sinh tiểu học"
"poi-lc-1603","Quán ăn vặt cổng trường (Số 158 Bùi Chát)","food","Ẩm thực & Đời sống","Số 158 đường Bùi Chát, phường Liên Chiểu, TP. Đà Nẵng","Bùi Chát","Phường Liên Chiểu","Khảo sát thực địa Đoàn phường","boundary_confirmed","","","Sữa chua, chè đậu, bánh tráng nướng"
"poi-lc-1604","Lớp dạy rèn chữ đẹp & Bồi dưỡng văn hóa (Số 162 Bùi Chát)","education","Giáo dục & Học tập","Số 162 đường Bùi Chát, phường Liên Chiểu, TP. Đà Nẵng","Bùi Chát","Phường Liên Chiểu","Khảo sát thực địa Đoàn phường","boundary_confirmed","","","Lớp học thêm của giáo viên địa phương"
"poi-lc-1605","Cửa hàng văn phòng phẩm Tiểu học Ngô Sĩ Liên (Số 166 Bùi Chát)","education","Giáo dục & Học tập","Số 166 đường Bùi Chát, phường Liên Chiểu, TP. Đà Nẵng","Bùi Chát","Phường Liên Chiểu","Khảo sát thực địa Đoàn phường","boundary_confirmed","","","Tập vở, bút viết học sinh tiểu học"
"poi-lc-1606","Quán ăn vặt cổng trường (Số 170 Bùi Chát)","food","Ẩm thực & Đời sống","Số 170 đường Bùi Chát, phường Liên Chiểu, TP. Đà Nẵng","Bùi Chát","Phường Liên Chiểu","Khảo sát thực địa Đoàn phường","boundary_confirmed","","","Sữa chua, chè đậu, bánh tráng nướng"
"poi-lc-1607","Lớp dạy rèn chữ đẹp & Bồi dưỡng văn hóa (Số 174 Bùi Chát)","education","Giáo dục & Học tập","Số 174 đường Bùi Chát, phường Liên Chiểu, TP. Đà Nẵng","Bùi Chát","Phường Liên Chiểu","Khảo sát thực địa Đoàn phường","boundary_confirmed","","","Lớp học thêm của giáo viên địa phương"
"poi-lc-1608","Cửa hàng văn phòng phẩm Tiểu học Ngô Sĩ Liên (Số 178 Bùi Chát)","education","Giáo dục & Học tập","Số 178 đường Bùi Chát, phường Liên Chiểu, TP. Đà Nẵng","Bùi Chát","Phường Liên Chiểu","Khảo sát thực địa Đoàn phường","boundary_confirmed","","","Tập vở, bút viết học sinh tiểu học"
"poi-lc-1609","Quán ăn vặt cổng trường (Số 182 Bùi Chát)","food","Ẩm thực & Đời sống","Số 182 đường Bùi Chát, phường Liên Chiểu, TP. Đà Nẵng","Bùi Chát","Phường Liên Chiểu","Khảo sát thực địa Đoàn phường","boundary_confirmed","","","Sữa chua, chè đậu, bánh tráng nướng"
"poi-lc-1610","Lớp dạy rèn chữ đẹp & Bồi dưỡng văn hóa (Số 186 Bùi Chát)","education","Giáo dục & Học tập","Số 186 đường Bùi Chát, phường Liên Chiểu, TP. Đà Nẵng","Bùi Chát","Phường Liên Chiểu","Khảo sát thực địa Đoàn phường","boundary_confirmed","","","Lớp học thêm của giáo viên địa phương"
"poi-lc-1611","Cửa hàng văn phòng phẩm Tiểu học Ngô Sĩ Liên (Số 190 Bùi Chát)","education","Giáo dục & Học tập","Số 190 đường Bùi Chát, phường Liên Chiểu, TP. Đà Nẵng","Bùi Chát","Phường Liên Chiểu","Khảo sát thực địa Đoàn phường","boundary_confirmed","","","Tập vở, bút viết học sinh tiểu học"
"poi-lc-1612","Quán ăn vặt cổng trường (Số 194 Bùi Chát)","food","Ẩm thực & Đời sống","Số 194 đường Bùi Chát, phường Liên Chiểu, TP. Đà Nẵng","Bùi Chát","Phường Liên Chiểu","Khảo sát thực địa Đoàn phường","boundary_confirmed","","","Sữa chua, chè đậu, bánh tráng nướng"
"poi-lc-1613","Lớp dạy rèn chữ đẹp & Bồi dưỡng văn hóa (Số 198 Bùi Chát)","education","Giáo dục & Học tập","Số 198 đường Bùi Chát, phường Liên Chiểu, TP. Đà Nẵng","Bùi Chát","Phường Liên Chiểu","Khảo sát thực địa Đoàn phường","boundary_confirmed","","","Lớp học thêm của giáo viên địa phương"
"poi-lc-1614","Cửa hàng văn phòng phẩm Tiểu học Ngô Sĩ Liên (Số 202 Bùi Chát)","education","Giáo dục & Học tập","Số 202 đường Bùi Chát, phường Liên Chiểu, TP. Đà Nẵng","Bùi Chát","Phường Liên Chiểu","Khảo sát thực địa Đoàn phường","boundary_confirmed","","","Tập vở, bút viết học sinh tiểu học"
"poi-lc-1615","Quán ăn vặt cổng trường (Số 206 Bùi Chát)","food","Ẩm thực & Đời sống","Số 206 đường Bùi Chát, phường Liên Chiểu, TP. Đà Nẵng","Bùi Chát","Phường Liên Chiểu","Khảo sát thực địa Đoàn phường","boundary_confirmed","","","Sữa chua, chè đậu, bánh tráng nướng"
"poi-lc-1616","Lớp dạy rèn chữ đẹp & Bồi dưỡng văn hóa (Số 210 Bùi Chát)","education","Giáo dục & Học tập","Số 210 đường Bùi Chát, phường Liên Chiểu, TP. Đà Nẵng","Bùi Chát","Phường Liên Chiểu","Khảo sát thực địa Đoàn phường","boundary_confirmed","","","Lớp học thêm của giáo viên địa phương"
"poi-lc-1617","Đại lý phân bón & Giống cây trồng nông nghiệp (Số 14 Thôn Xuân Phú (Hòa Liên))","living_service","Tiện ích dân sinh","Số 14 đường Thôn Xuân Phú (Hòa Liên), phường Liên Chiểu, TP. Đà Nẵng","Thôn Xuân Phú (Hòa Liên)","Phường Liên Chiểu","Khảo sát thực địa Đoàn phường","boundary_confirmed","","","Cung cấp vật tư trồng trọt cho bà con nông dân"
"poi-lc-1618","Cửa hàng tạp hóa tổng hợp Xuân Phú (Số 18 Thôn Xuân Phú (Hòa Liên))","market","Chợ & Mua sắm thiết yếu","Số 18 đường Thôn Xuân Phú (Hòa Liên), phường Liên Chiểu, TP. Đà Nẵng","Thôn Xuân Phú (Hòa Liên)","Phường Liên Chiểu","Khảo sát thực địa Đoàn phường","boundary_confirmed","","","Nhu yếu phẩm nông thôn"
"poi-lc-1619","Trạm bơm nước tưới tiêu sản xuất (Số 22 Thôn Xuân Phú (Hòa Liên))","living_service","Tiện ích dân sinh","Số 22 đường Thôn Xuân Phú (Hòa Liên), phường Liên Chiểu, TP. Đà Nẵng","Thôn Xuân Phú (Hòa Liên)","Phường Liên Chiểu","Khảo sát thực địa Đoàn phường","boundary_confirmed","","","Hệ thống thủy lợi phục vụ nông nghiệp địa phương"
"poi-lc-1620","Đình làng Xuân Phú (Số 26 Thôn Xuân Phú (Hòa Liên))","community","Cộng đồng & Hành chính","Số 26 đường Thôn Xuân Phú (Hòa Liên), phường Liên Chiểu, TP. Đà Nẵng","Thôn Xuân Phú (Hòa Liên)","Phường Liên Chiểu","Khảo sát thực địa Đoàn phường","boundary_confirmed","","","Di tích văn hóa tín ngưỡng làng quê"
"poi-lc-1621","Nhà sinh hoạt văn hóa Thôn Xuân Phú (Số 30 Thôn Xuân Phú (Hòa Liên))","community","Cộng đồng & Hành chính","Số 30 đường Thôn Xuân Phú (Hòa Liên), phường Liên Chiểu, TP. Đà Nẵng","Thôn Xuân Phú (Hòa Liên)","Phường Liên Chiểu","Khảo sát thực địa Đoàn phường","boundary_confirmed","","","Trung tâm văn hóa làng xã sáp nhập vào phường Liên Chiểu mới"
"poi-lc-1622","Đại lý phân bón & Giống cây trồng nông nghiệp (Số 34 Thôn Xuân Phú (Hòa Liên))","living_service","Tiện ích dân sinh","Số 34 đường Thôn Xuân Phú (Hòa Liên), phường Liên Chiểu, TP. Đà Nẵng","Thôn Xuân Phú (Hòa Liên)","Phường Liên Chiểu","Khảo sát thực địa Đoàn phường","boundary_confirmed","","","Cung cấp vật tư trồng trọt cho bà con nông dân"
"poi-lc-1623","Cửa hàng tạp hóa tổng hợp Xuân Phú (Số 38 Thôn Xuân Phú (Hòa Liên))","market","Chợ & Mua sắm thiết yếu","Số 38 đường Thôn Xuân Phú (Hòa Liên), phường Liên Chiểu, TP. Đà Nẵng","Thôn Xuân Phú (Hòa Liên)","Phường Liên Chiểu","Khảo sát thực địa Đoàn phường","boundary_confirmed","","","Nhu yếu phẩm nông thôn"
"poi-lc-1624","Trạm bơm nước tưới tiêu sản xuất (Số 42 Thôn Xuân Phú (Hòa Liên))","living_service","Tiện ích dân sinh","Số 42 đường Thôn Xuân Phú (Hòa Liên), phường Liên Chiểu, TP. Đà Nẵng","Thôn Xuân Phú (Hòa Liên)","Phường Liên Chiểu","Khảo sát thực địa Đoàn phường","boundary_confirmed","","","Hệ thống thủy lợi phục vụ nông nghiệp địa phương"
"poi-lc-1625","Đình làng Xuân Phú (Số 46 Thôn Xuân Phú (Hòa Liên))","community","Cộng đồng & Hành chính","Số 46 đường Thôn Xuân Phú (Hòa Liên), phường Liên Chiểu, TP. Đà Nẵng","Thôn Xuân Phú (Hòa Liên)","Phường Liên Chiểu","Khảo sát thực địa Đoàn phường","boundary_confirmed","","","Di tích văn hóa tín ngưỡng làng quê"
"poi-lc-1626","Nhà sinh hoạt văn hóa Thôn Xuân Phú (Số 50 Thôn Xuân Phú (Hòa Liên))","community","Cộng đồng & Hành chính","Số 50 đường Thôn Xuân Phú (Hòa Liên), phường Liên Chiểu, TP. Đà Nẵng","Thôn Xuân Phú (Hòa Liên)","Phường Liên Chiểu","Khảo sát thực địa Đoàn phường","boundary_confirmed","","","Trung tâm văn hóa làng xã sáp nhập vào phường Liên Chiểu mới"
"poi-lc-1627","Đại lý phân bón & Giống cây trồng nông nghiệp (Số 54 Thôn Xuân Phú (Hòa Liên))","living_service","Tiện ích dân sinh","Số 54 đường Thôn Xuân Phú (Hòa Liên), phường Liên Chiểu, TP. Đà Nẵng","Thôn Xuân Phú (Hòa Liên)","Phường Liên Chiểu","Khảo sát thực địa Đoàn phường","boundary_confirmed","","","Cung cấp vật tư trồng trọt cho bà con nông dân"
"poi-lc-1628","Cửa hàng tạp hóa tổng hợp Xuân Phú (Số 58 Thôn Xuân Phú (Hòa Liên))","market","Chợ & Mua sắm thiết yếu","Số 58 đường Thôn Xuân Phú (Hòa Liên), phường Liên Chiểu, TP. Đà Nẵng","Thôn Xuân Phú (Hòa Liên)","Phường Liên Chiểu","Khảo sát thực địa Đoàn phường","boundary_confirmed","","","Nhu yếu phẩm nông thôn"
"poi-lc-1629","Trạm bơm nước tưới tiêu sản xuất (Số 62 Thôn Xuân Phú (Hòa Liên))","living_service","Tiện ích dân sinh","Số 62 đường Thôn Xuân Phú (Hòa Liên), phường Liên Chiểu, TP. Đà Nẵng","Thôn Xuân Phú (Hòa Liên)","Phường Liên Chiểu","Khảo sát thực địa Đoàn phường","boundary_confirmed","","","Hệ thống thủy lợi phục vụ nông nghiệp địa phương"
"poi-lc-1630","Đình làng Xuân Phú (Số 66 Thôn Xuân Phú (Hòa Liên))","community","Cộng đồng & Hành chính","Số 66 đường Thôn Xuân Phú (Hòa Liên), phường Liên Chiểu, TP. Đà Nẵng","Thôn Xuân Phú (Hòa Liên)","Phường Liên Chiểu","Khảo sát thực địa Đoàn phường","boundary_confirmed","","","Di tích văn hóa tín ngưỡng làng quê"
"poi-lc-1631","Nhà sinh hoạt văn hóa Thôn Xuân Phú (Số 70 Thôn Xuân Phú (Hòa Liên))","community","Cộng đồng & Hành chính","Số 70 đường Thôn Xuân Phú (Hòa Liên), phường Liên Chiểu, TP. Đà Nẵng","Thôn Xuân Phú (Hòa Liên)","Phường Liên Chiểu","Khảo sát thực địa Đoàn phường","boundary_confirmed","","","Trung tâm văn hóa làng xã sáp nhập vào phường Liên Chiểu mới"
"poi-lc-1632","Đại lý phân bón & Giống cây trồng nông nghiệp (Số 74 Thôn Xuân Phú (Hòa Liên))","living_service","Tiện ích dân sinh","Số 74 đường Thôn Xuân Phú (Hòa Liên), phường Liên Chiểu, TP. Đà Nẵng","Thôn Xuân Phú (Hòa Liên)","Phường Liên Chiểu","Khảo sát thực địa Đoàn phường","boundary_confirmed","","","Cung cấp vật tư trồng trọt cho bà con nông dân"
"poi-lc-1633","Cửa hàng tạp hóa tổng hợp Xuân Phú (Số 78 Thôn Xuân Phú (Hòa Liên))","market","Chợ & Mua sắm thiết yếu","Số 78 đường Thôn Xuân Phú (Hòa Liên), phường Liên Chiểu, TP. Đà Nẵng","Thôn Xuân Phú (Hòa Liên)","Phường Liên Chiểu","Khảo sát thực địa Đoàn phường","boundary_confirmed","","","Nhu yếu phẩm nông thôn"
"poi-lc-1634","Trạm bơm nước tưới tiêu sản xuất (Số 82 Thôn Xuân Phú (Hòa Liên))","living_service","Tiện ích dân sinh","Số 82 đường Thôn Xuân Phú (Hòa Liên), phường Liên Chiểu, TP. Đà Nẵng","Thôn Xuân Phú (Hòa Liên)","Phường Liên Chiểu","Khảo sát thực địa Đoàn phường","boundary_confirmed","","","Hệ thống thủy lợi phục vụ nông nghiệp địa phương"
"poi-lc-1635","Đình làng Xuân Phú (Số 86 Thôn Xuân Phú (Hòa Liên))","community","Cộng đồng & Hành chính","Số 86 đường Thôn Xuân Phú (Hòa Liên), phường Liên Chiểu, TP. Đà Nẵng","Thôn Xuân Phú (Hòa Liên)","Phường Liên Chiểu","Khảo sát thực địa Đoàn phường","boundary_confirmed","","","Di tích văn hóa tín ngưỡng làng quê"
"poi-lc-1636","Nhà sinh hoạt văn hóa Thôn Xuân Phú (Số 90 Thôn Xuân Phú (Hòa Liên))","community","Cộng đồng & Hành chính","Số 90 đường Thôn Xuân Phú (Hòa Liên), phường Liên Chiểu, TP. Đà Nẵng","Thôn Xuân Phú (Hòa Liên)","Phường Liên Chiểu","Khảo sát thực địa Đoàn phường","boundary_confirmed","","","Trung tâm văn hóa làng xã sáp nhập vào phường Liên Chiểu mới"
"poi-lc-1637","Đại lý phân bón & Giống cây trồng nông nghiệp (Số 94 Thôn Xuân Phú (Hòa Liên))","living_service","Tiện ích dân sinh","Số 94 đường Thôn Xuân Phú (Hòa Liên), phường Liên Chiểu, TP. Đà Nẵng","Thôn Xuân Phú (Hòa Liên)","Phường Liên Chiểu","Khảo sát thực địa Đoàn phường","boundary_confirmed","","","Cung cấp vật tư trồng trọt cho bà con nông dân"
"poi-lc-1638","Cửa hàng tạp hóa tổng hợp Xuân Phú (Số 98 Thôn Xuân Phú (Hòa Liên))","market","Chợ & Mua sắm thiết yếu","Số 98 đường Thôn Xuân Phú (Hòa Liên), phường Liên Chiểu, TP. Đà Nẵng","Thôn Xuân Phú (Hòa Liên)","Phường Liên Chiểu","Khảo sát thực địa Đoàn phường","boundary_confirmed","","","Nhu yếu phẩm nông thôn"
"poi-lc-1639","Trạm bơm nước tưới tiêu sản xuất (Số 102 Thôn Xuân Phú (Hòa Liên))","living_service","Tiện ích dân sinh","Số 102 đường Thôn Xuân Phú (Hòa Liên), phường Liên Chiểu, TP. Đà Nẵng","Thôn Xuân Phú (Hòa Liên)","Phường Liên Chiểu","Khảo sát thực địa Đoàn phường","boundary_confirmed","","","Hệ thống thủy lợi phục vụ nông nghiệp địa phương"
"poi-lc-1640","Đình làng Xuân Phú (Số 106 Thôn Xuân Phú (Hòa Liên))","community","Cộng đồng & Hành chính","Số 106 đường Thôn Xuân Phú (Hòa Liên), phường Liên Chiểu, TP. Đà Nẵng","Thôn Xuân Phú (Hòa Liên)","Phường Liên Chiểu","Khảo sát thực địa Đoàn phường","boundary_confirmed","","","Di tích văn hóa tín ngưỡng làng quê"
"poi-lc-1641","Nhà sinh hoạt văn hóa Thôn Xuân Phú (Số 110 Thôn Xuân Phú (Hòa Liên))","community","Cộng đồng & Hành chính","Số 110 đường Thôn Xuân Phú (Hòa Liên), phường Liên Chiểu, TP. Đà Nẵng","Thôn Xuân Phú (Hòa Liên)","Phường Liên Chiểu","Khảo sát thực địa Đoàn phường","boundary_confirmed","","","Trung tâm văn hóa làng xã sáp nhập vào phường Liên Chiểu mới"
"poi-lc-1642","Đại lý phân bón & Giống cây trồng nông nghiệp (Số 114 Thôn Xuân Phú (Hòa Liên))","living_service","Tiện ích dân sinh","Số 114 đường Thôn Xuân Phú (Hòa Liên), phường Liên Chiểu, TP. Đà Nẵng","Thôn Xuân Phú (Hòa Liên)","Phường Liên Chiểu","Khảo sát thực địa Đoàn phường","boundary_confirmed","","","Cung cấp vật tư trồng trọt cho bà con nông dân"
"poi-lc-1643","Cửa hàng tạp hóa tổng hợp Xuân Phú (Số 118 Thôn Xuân Phú (Hòa Liên))","market","Chợ & Mua sắm thiết yếu","Số 118 đường Thôn Xuân Phú (Hòa Liên), phường Liên Chiểu, TP. Đà Nẵng","Thôn Xuân Phú (Hòa Liên)","Phường Liên Chiểu","Khảo sát thực địa Đoàn phường","boundary_confirmed","","","Nhu yếu phẩm nông thôn"
"poi-lc-1644","Trạm bơm nước tưới tiêu sản xuất (Số 122 Thôn Xuân Phú (Hòa Liên))","living_service","Tiện ích dân sinh","Số 122 đường Thôn Xuân Phú (Hòa Liên), phường Liên Chiểu, TP. Đà Nẵng","Thôn Xuân Phú (Hòa Liên)","Phường Liên Chiểu","Khảo sát thực địa Đoàn phường","boundary_confirmed","","","Hệ thống thủy lợi phục vụ nông nghiệp địa phương"
"poi-lc-1645","Đình làng Xuân Phú (Số 126 Thôn Xuân Phú (Hòa Liên))","community","Cộng đồng & Hành chính","Số 126 đường Thôn Xuân Phú (Hòa Liên), phường Liên Chiểu, TP. Đà Nẵng","Thôn Xuân Phú (Hòa Liên)","Phường Liên Chiểu","Khảo sát thực địa Đoàn phường","boundary_confirmed","","","Di tích văn hóa tín ngưỡng làng quê"
"poi-lc-1646","Nhà sinh hoạt văn hóa Thôn Xuân Phú (Số 130 Thôn Xuân Phú (Hòa Liên))","community","Cộng đồng & Hành chính","Số 130 đường Thôn Xuân Phú (Hòa Liên), phường Liên Chiểu, TP. Đà Nẵng","Thôn Xuân Phú (Hòa Liên)","Phường Liên Chiểu","Khảo sát thực địa Đoàn phường","boundary_confirmed","","","Trung tâm văn hóa làng xã sáp nhập vào phường Liên Chiểu mới"
"poi-lc-1647","Đại lý phân bón & Giống cây trồng nông nghiệp (Số 134 Thôn Xuân Phú (Hòa Liên))","living_service","Tiện ích dân sinh","Số 134 đường Thôn Xuân Phú (Hòa Liên), phường Liên Chiểu, TP. Đà Nẵng","Thôn Xuân Phú (Hòa Liên)","Phường Liên Chiểu","Khảo sát thực địa Đoàn phường","boundary_confirmed","","","Cung cấp vật tư trồng trọt cho bà con nông dân"
"poi-lc-1648","Cửa hàng tạp hóa tổng hợp Xuân Phú (Số 138 Thôn Xuân Phú (Hòa Liên))","market","Chợ & Mua sắm thiết yếu","Số 138 đường Thôn Xuân Phú (Hòa Liên), phường Liên Chiểu, TP. Đà Nẵng","Thôn Xuân Phú (Hòa Liên)","Phường Liên Chiểu","Khảo sát thực địa Đoàn phường","boundary_confirmed","","","Nhu yếu phẩm nông thôn"
"poi-lc-1649","Trạm bơm nước tưới tiêu sản xuất (Số 142 Thôn Xuân Phú (Hòa Liên))","living_service","Tiện ích dân sinh","Số 142 đường Thôn Xuân Phú (Hòa Liên), phường Liên Chiểu, TP. Đà Nẵng","Thôn Xuân Phú (Hòa Liên)","Phường Liên Chiểu","Khảo sát thực địa Đoàn phường","boundary_confirmed","","","Hệ thống thủy lợi phục vụ nông nghiệp địa phương"
"poi-lc-1650","Đình làng Xuân Phú (Số 146 Thôn Xuân Phú (Hòa Liên))","community","Cộng đồng & Hành chính","Số 146 đường Thôn Xuân Phú (Hòa Liên), phường Liên Chiểu, TP. Đà Nẵng","Thôn Xuân Phú (Hòa Liên)","Phường Liên Chiểu","Khảo sát thực địa Đoàn phường","boundary_confirmed","","","Di tích văn hóa tín ngưỡng làng quê"
"poi-lc-1651","Nhà sinh hoạt văn hóa Thôn Xuân Phú (Số 150 Thôn Xuân Phú (Hòa Liên))","community","Cộng đồng & Hành chính","Số 150 đường Thôn Xuân Phú (Hòa Liên), phường Liên Chiểu, TP. Đà Nẵng","Thôn Xuân Phú (Hòa Liên)","Phường Liên Chiểu","Khảo sát thực địa Đoàn phường","boundary_confirmed","","","Trung tâm văn hóa làng xã sáp nhập vào phường Liên Chiểu mới"
"poi-lc-1652","Đại lý phân bón & Giống cây trồng nông nghiệp (Số 154 Thôn Xuân Phú (Hòa Liên))","living_service","Tiện ích dân sinh","Số 154 đường Thôn Xuân Phú (Hòa Liên), phường Liên Chiểu, TP. Đà Nẵng","Thôn Xuân Phú (Hòa Liên)","Phường Liên Chiểu","Khảo sát thực địa Đoàn phường","boundary_confirmed","","","Cung cấp vật tư trồng trọt cho bà con nông dân"
"poi-lc-1653","Cửa hàng tạp hóa tổng hợp Xuân Phú (Số 158 Thôn Xuân Phú (Hòa Liên))","market","Chợ & Mua sắm thiết yếu","Số 158 đường Thôn Xuân Phú (Hòa Liên), phường Liên Chiểu, TP. Đà Nẵng","Thôn Xuân Phú (Hòa Liên)","Phường Liên Chiểu","Khảo sát thực địa Đoàn phường","boundary_confirmed","","","Nhu yếu phẩm nông thôn"
"poi-lc-1654","Trạm bơm nước tưới tiêu sản xuất (Số 162 Thôn Xuân Phú (Hòa Liên))","living_service","Tiện ích dân sinh","Số 162 đường Thôn Xuân Phú (Hòa Liên), phường Liên Chiểu, TP. Đà Nẵng","Thôn Xuân Phú (Hòa Liên)","Phường Liên Chiểu","Khảo sát thực địa Đoàn phường","boundary_confirmed","","","Hệ thống thủy lợi phục vụ nông nghiệp địa phương"
"poi-lc-1655","Đình làng Xuân Phú (Số 166 Thôn Xuân Phú (Hòa Liên))","community","Cộng đồng & Hành chính","Số 166 đường Thôn Xuân Phú (Hòa Liên), phường Liên Chiểu, TP. Đà Nẵng","Thôn Xuân Phú (Hòa Liên)","Phường Liên Chiểu","Khảo sát thực địa Đoàn phường","boundary_confirmed","","","Di tích văn hóa tín ngưỡng làng quê"
"poi-lc-1656","Nhà sinh hoạt văn hóa Thôn Xuân Phú (Số 170 Thôn Xuân Phú (Hòa Liên))","community","Cộng đồng & Hành chính","Số 170 đường Thôn Xuân Phú (Hòa Liên), phường Liên Chiểu, TP. Đà Nẵng","Thôn Xuân Phú (Hòa Liên)","Phường Liên Chiểu","Khảo sát thực địa Đoàn phường","boundary_confirmed","","","Trung tâm văn hóa làng xã sáp nhập vào phường Liên Chiểu mới"
"poi-lc-1657","Đại lý phân bón & Giống cây trồng nông nghiệp (Số 174 Thôn Xuân Phú (Hòa Liên))","living_service","Tiện ích dân sinh","Số 174 đường Thôn Xuân Phú (Hòa Liên), phường Liên Chiểu, TP. Đà Nẵng","Thôn Xuân Phú (Hòa Liên)","Phường Liên Chiểu","Khảo sát thực địa Đoàn phường","boundary_confirmed","","","Cung cấp vật tư trồng trọt cho bà con nông dân"
"poi-lc-1658","Cửa hàng tạp hóa tổng hợp Xuân Phú (Số 178 Thôn Xuân Phú (Hòa Liên))","market","Chợ & Mua sắm thiết yếu","Số 178 đường Thôn Xuân Phú (Hòa Liên), phường Liên Chiểu, TP. Đà Nẵng","Thôn Xuân Phú (Hòa Liên)","Phường Liên Chiểu","Khảo sát thực địa Đoàn phường","boundary_confirmed","","","Nhu yếu phẩm nông thôn"
"poi-lc-1659","Trạm bơm nước tưới tiêu sản xuất (Số 182 Thôn Xuân Phú (Hòa Liên))","living_service","Tiện ích dân sinh","Số 182 đường Thôn Xuân Phú (Hòa Liên), phường Liên Chiểu, TP. Đà Nẵng","Thôn Xuân Phú (Hòa Liên)","Phường Liên Chiểu","Khảo sát thực địa Đoàn phường","boundary_confirmed","","","Hệ thống thủy lợi phục vụ nông nghiệp địa phương"
"poi-lc-1660","Đình làng Xuân Phú (Số 186 Thôn Xuân Phú (Hòa Liên))","community","Cộng đồng & Hành chính","Số 186 đường Thôn Xuân Phú (Hòa Liên), phường Liên Chiểu, TP. Đà Nẵng","Thôn Xuân Phú (Hòa Liên)","Phường Liên Chiểu","Khảo sát thực địa Đoàn phường","boundary_confirmed","","","Di tích văn hóa tín ngưỡng làng quê"
"poi-lc-1661","Nhà sinh hoạt văn hóa Thôn Xuân Phú (Số 190 Thôn Xuân Phú (Hòa Liên))","community","Cộng đồng & Hành chính","Số 190 đường Thôn Xuân Phú (Hòa Liên), phường Liên Chiểu, TP. Đà Nẵng","Thôn Xuân Phú (Hòa Liên)","Phường Liên Chiểu","Khảo sát thực địa Đoàn phường","boundary_confirmed","","","Trung tâm văn hóa làng xã sáp nhập vào phường Liên Chiểu mới"
